group,player,eff
blunder_only,P6e7ec3e44543,-0.2711177149569833
blunder_only,P3f74e10fa8df,-0.4475311576699217
blunder_only,P16252c4b0340,0.0457707731868395
blunder_only,Pdf4a563e570c,0.3846506841835521
blunder_only,Pf0164f6590e5,0.3735712206729636
blunder_only,P7ceeb5109314,-0.1303399477360977
blunder_only,Pd4f04179d96b,0.4524957807003044
blunder_only,P357c8620b4da,0.7067755882938703
blunder_only,P28e5cef804b4,-1.8972138687968252
blunder_only,P80c3cb3dfe92,-0.6734447777271271
blunder_only,Pc5dfad8d8d78,0.301011956607302
blunder_only,P79740cb7aca2,0.1924551568925381
blunder_only,Pb57f8c2f7295,0.0222830349958783
blunder_only,Pe751d68b38ae,0.6674488461551193
blunder_only,P9ef0a76219b7,0.1873657669613345
blunder_only,P808ff2f7e424,0.0283366256590104
blunder_only,P6aeca73cbacc,0.0290974109805011
blunder_only,P21f0ed65de62,0.6660129664578874
blunder_only,P32fdefbc317f,-0.6188610553741455
blunder_only,Pdf1fa8e4fdd3,-0.1747588138613436
blunder_only,Pf8d50054bcbb,0.7713405654558617
blunder_only,P3856f21e5a03,0.4423558875491532
blunder_only,Peb4d1f3b1244,0.2188128823483431
blunder_only,P24f1a9e15ff0,1.0058598125036118
blunder_only,Pd16d33a96281,0.5792593057267368
blunder_only,P46ae7bcf25f9,0.3926720833220628
blunder_only,P6369f5601c20,0.0232015879634405
blunder_only,P56d1181fd9b7,0.177253901399672
blunder_only,P637875ff252e,-0.7375225201249123
blunder_only,P35d7e5143089,-1.4119771718978882
blunder_only,P761345d40b36,0.3597259148955345
blunder_only,Pc685a8091d57,-0.4262117441715568
blunder_only,Pb07ecb2e2f47,0.3079197570886151
blunder_only,Pad075e52eb50,0.685914819361642
blunder_only,P8709f38fde8e,0.0394092922578706
blunder_only,P1ad93b7d1ea4,1.9712863959638136
blunder_only,Pe24c8f373aef,-0.0936316519535036
blunder_only,P69cc4d74b892,0.8888763752248553
blunder_only,P3ba250b7becd,0.3612292585818802
blunder_only,P3ad770aa9562,-0.7382972091436386
blunder_only,P0b82f375d196,-1.3298367261886597
blunder_only,P18c76a73c472,-0.4695574508640543
blunder_only,P6ec1ea8536e2,-0.0827083855068691
blunder_only,P7a40a70d1a92,1.0434459482751894
blunder_only,P4b85bb25d3c5,-0.1463261573678917
blunder_only,P5bfd437d734d,0.1458378663354119
blunder_only,P4dbfb8db5fdd,0.4034444523106674
blunder_only,P944d4ddc0490,0.1489862771956225
blunder_only,P032e96e7efcf,-0.6722140887545215
blunder_only,Pa89e6f90f04b,-0.7472024485468864
blunder_only,P2c57705287a6,-1.6704721935093405
blunder_only,P29b43dc8dcb2,-0.171007617332396
blunder_only,Pcb0f2d125c80,-0.823144713209735
blunder_only,Pf6f9d91ea1c6,-0.0531851919367909
blunder_only,Pb166b514227b,-0.071079086891952
blunder_only,Pf64c374f9908,0.2631798005052872
blunder_only,P020d045b2d29,0.0952435988182625
blunder_only,P6e5409dbc16b,0.9543357940183748
blunder_only,Pf85f2d86ac4b,1.230562198162079
blunder_only,P6f67e6825351,0.1278631732506105
blunder_only,P226824d750da,0.0868828096942095
blunder_only,P60398848123f,0.0769418362114164
blunder_only,P4ecbaadc218f,-0.0868755852182706
blunder_only,P189a9ecb4255,0.9056801856658768
blunder_only,P53dcac5d90a5,-0.0794960858952254
blunder_only,P93a2ef3ea512,-0.4624340310692787
blunder_only,P479bfcf62817,-0.2686088424175977
blunder_only,Pbc1e2d7e0520,-0.9058699120456972
blunder_only,P731183f39ebc,1.2159025962499006
blunder_only,P7f8b8631a89e,0.0055480046757567
blunder_only,P13f506afacca,0.3364153019774973
blunder_only,P8767694d6aaf,-0.0490086403276239
blunder_only,P69d3efd9978e,-0.701469679294085
blunder_only,Pc1977d1e29de,-0.666794089885319
blunder_only,P8dd940e60881,0.0280374847352504
blunder_only,Pa6e95a21ff4b,0.1744033247232437
blunder_only,Pdb04de3ce84c,0.0614822953939437
blunder_only,Pf0c8171c88da,0.3077408431896141
blunder_only,P03c7d0f9eda4,0.5144231181222633
blunder_only,P7dc25f342b94,0.3326239293467673
blunder_only,P68c2ae730f3d,0.0641828012962421
blunder_only,P20648019b88c,0.23189599776661
blunder_only,P299d80b66c8e,-0.2626740461192715
blunder_only,Pf82654bbe8fb,0.8658065406812562
blunder_only,P65d3b238a997,0.1923603015365424
blunder_only,Pb75dedaf4b70,-0.2001137204351835
blunder_only,P486d615ff110,-0.0880423146134449
blunder_only,P1ed20e11d356,-0.4608041048049927
blunder_only,P88315a70917e,-0.2820717468475683
blunder_only,P80ebb59bcbd5,0.2122519815133677
blunder_only,P5a79920da9e5,0.662958764078751
blunder_only,P8b56994792f6,-0.1892109855667208
blunder_only,P94fc1280c7d1,-0.0314542192591289
blunder_only,P19afdd17bd14,0.5283008777870138
blunder_only,Pa6e509aff4d3,0.4962807304802394
blunder_only,P8ef9a5322e76,0.3750296185434024
blunder_only,P7e0237d267e6,0.2388275058943629
blunder_only,P56ff81374794,0.2066459228624748
blunder_only,P2fe95bb1f4a8,-0.6067901718430221
blunder_only,Pabbd39e4fe8b,1.3966297369450331
blunder_only,P8d2273ec0b6f,0.2920728083119377
blunder_only,Pa05f276f3cd4,0.3737994390229384
blunder_only,P1ec8abecaec1,0.7022896415243546
blunder_only,P24e5c792711c,-0.0738081725232687
blunder_only,P0706e66997b7,0.1831120371232825
blunder_only,Peec55f876b8f,0.1886117405251546
blunder_only,P146605f0ea26,0.5155770497763944
blunder_only,P5442f1a55c4a,0.1436958449554681
blunder_only,Pa7c821601892,0.1998411757995684
blunder_only,Pfe8630c6b440,0.1773911422430313
blunder_only,Pe82b9423af5e,0.1558411694362
blunder_only,P5dca97ec37b7,0.269171292707324
blunder_only,P4d07709f31f2,-0.0904252141093214
blunder_only,P15dbec66d04e,-0.1172695559263229
blunder_only,P8746ef23cfd6,-0.6320723423787525
blunder_only,P949ab403cb5d,0.749650017441835
blunder_only,P71077d522208,-1.5560558706521987
blunder_only,P6fd836f3854c,-0.6770684167195844
blunder_only,Pe93a9845ac63,-0.5515931575065129
blunder_only,P2b5fc9244074,0.1469593244830989
blunder_only,P7b6ca35a6cb2,0.4066139912681194
blunder_only,P5517c43a5911,0.2290706962924837
blunder_only,P0aaff4134994,-0.3394340847929318
blunder_only,P51362a561304,-0.153918241509869
blunder_only,Pb56d02e8c6a1,0.3865253310940257
blunder_only,Pa738485ebf71,0.8493816511616821
blunder_only,P5955adac7bf4,-0.0038930899046716
blunder_only,Peceef7adcd08,0.7889703611532847
blunder_only,P79485c69beb3,0.3811249796925969
blunder_only,Pf34dcec39c5a,0.6255042260980108
blunder_only,P5a4048c65adc,-0.0031799565142221
blunder_only,P5118f584a380,0.2364344228059053
blunder_only,Pf03906647f03,0.231020048333794
blunder_only,P84e1b47d0a63,-0.0318460986679081
blunder_only,Pf2c1be17b629,0.539008659761521
blunder_only,Pa45d5e8649eb,0.5308465557747479
blunder_only,P705497492e21,-0.3936869425142633
blunder_only,P6dd361828576,0.6053180136476403
blunder_only,Pcc90011a29b7,0.6691379504262068
blunder_only,P84c61359e92a,0.1324894513225271
blunder_only,Pc67d14c06dee,0.6595074805476839
blunder_only,P08afb3226d56,-0.0949273074516142
blunder_only,P0920a7bb6933,0.6454872694350631
blunder_only,P33ea367c012d,-0.0427988559048465
blunder_only,P2eb28583d225,2.8853595852851868
blunder_only,P3366f0b49d89,0.1339896893354958
blunder_only,P6c9bf6eff1a6,0.4629178184021549
blunder_only,Pddd8f6353e78,0.0270795011892914
blunder_only,P17e8f927c54f,0.6924789985019164
blunder_only,P2b6788ddb591,0.6648034480710824
blunder_only,P2800ff0c6814,0.4598962301572614
blunder_only,Pe22a266c05a6,0.3907903916130731
blunder_only,P981bb560d1da,0.0962849656965985
blunder_only,P4c2ace031544,0.4003832996357232
blunder_only,P6b0fc3b073ed,0.1932492778868153
blunder_only,P31196137f666,0.770205143238854
blunder_only,P4824e2caf580,0.7273928076028824
blunder_only,P85388dd96aed,0.0891288672943098
blunder_only,Pcedbf7abf37c,0.6074386115071776
blunder_only,Pff6d282fb213,-0.6923301517963409
blunder_only,Pbf16156479df,1.023914099744034
blunder_only,P4a512fde5567,0.616620463078395
blunder_only,P38066a33f2a8,-0.3352298415150018
blunder_only,Pf777765657ed,-0.621915285785993
blunder_only,P2df25f26b907,-0.4291507767579245
blunder_only,Pc4d34dbe5f97,-0.0270270427739659
blunder_only,Pa059c1baf7f8,0.2610178723591951
blunder_only,P41a88a367bd4,0.3995185568928718
blunder_only,P1f24c4baba2e,2.544308423995972
blunder_only,P75e4b5a07266,0.307879748026551
blunder_only,P32812146d5f1,0.4894286493460337
blunder_only,P6e4a1ead79e1,0.1099022924900055
blunder_only,P9d674ba6fce8,0.6885595456407148
blunder_only,Pad1f2e592b77,0.0159097086308198
blunder_only,P0ca13d70505a,-0.8728000819683075
blunder_only,P87790f42f4cd,-0.4806780343680154
blunder_only,P8833d33005d4,0.038209800557212
blunder_only,P390a9ec617b3,0.3381500137348969
blunder_only,P179e6d4d934f,-0.1050571771313904
blunder_only,P8022f569a027,0.2727488262833978
blunder_only,Pe7ad5f4bc0d5,-0.6785110104829073
blunder_only,P94837a493e32,0.2266560669056427
blunder_only,Pf250a036584a,-1.0550131772955258
blunder_only,P7a2571df9c8e,0.2211591881513595
blunder_only,P29994f43b636,-0.3068185244452081
blunder_only,Pacc5dffa2bfc,0.182890256042685
blunder_only,P6d5ea20cf22e,0.1432035332191001
blunder_only,P5c37b0b77acc,1.525197507441044
blunder_only,Pa5bf357d2ad1,0.6066737758908172
blunder_only,P887dfacffbd2,0.2941633019709441
blunder_only,P04596f92c107,0.7157935818182646
blunder_only,P16ab00005e3d,-0.6734839424490928
blunder_only,Pc7477371d432,0.5967087273465712
blunder_only,P963547952446,0.4332677157864947
blunder_only,P4cf7750f49df,1.598704713086287
blunder_only,Pfcac2304ba91,-0.1199693937475482
blunder_only,P5ae46afb53da,1.335541418478522
blunder_only,P6ed748b19f22,0.4385703621101513
blunder_only,P8faff0b9d0e3,1.2338893156278643
blunder_only,Pb8c0fe19a527,0.1437723949278098
blunder_only,P7af5262d120b,0.1608475877179039
blunder_only,P9e61558ab22f,0.4517766547552808
blunder_only,Pa7caf0d81f73,0.1552008913610788
blunder_only,Pe6ce9838e2d1,0.2167853045673714
blunder_only,P9ed05f881105,-0.4299572823625622
blunder_only,Pc129451ec554,0.1370404699080222
blunder_only,Pd68d1b5639b6,0.0067181532005113
blunder_only,Pd977886e6944,0.2114125562982451
blunder_only,P7df74892aee7,-1.2824182244949045
blunder_only,P0cb68b8ac8f7,1.187635560830434
blunder_only,P8c0abbe34bb7,-0.1978975640734036
blunder_only,Peeee7d5cb4cc,-0.0482914872209121
blunder_only,Pa62c8dd48ec8,0.2831085847433057
blunder_only,Pcf16b8ed956f,0.1205914647801823
blunder_only,P6ced7315bcbc,0.8059941211621817
blunder_only,P680447799386,0.488316103322511
blunder_only,P2e6b646a1111,0.2552593430711163
blunder_only,P6b273fe3b952,1.0937217356450857
blunder_only,P5a7a96d913bc,0.1833777560549124
blunder_only,Pd140429d1f25,-0.5500487539296349
blunder_only,P697107c617a0,-0.0206859140142912
blunder_only,Pc8a6345204ed,0.8094325757481986
blunder_only,P2d61f4501c29,0.089103028178215
blunder_only,Pe546d0a6b949,0.5030258168102539
blunder_only,Pdc765ff50bd3,0.288724689433972
blunder_only,Pe1d4a2d4e9ee,-0.2165456525981426
blunder_only,P4b7c8b26c12a,0.3596486253630869
blunder_only,P4d06bcbba206,-0.0410609218413934
blunder_only,Pa95280772800,0.8595412885500141
blunder_only,P9f6deb280794,-0.9797317898935742
blunder_only,P2e8d14f1d046,0.778821898624301
blunder_only,P10ddb73a7957,-0.9207614615559578
blunder_only,Pefde9497b988,-0.0416066057272815
blunder_only,P89bab269c22e,-0.0062557551418505
blunder_only,P8ee0e6409bc6,0.0745876995969116
blunder_only,Pc17102d70bee,0.4273632098575708
blunder_only,P79a11fa08842,-0.3377706083666646
blunder_only,Pa6523a1a2bf7,0.129259705543518
blunder_only,P913db41b64fd,0.5576767414976402
blunder_only,P6fab1c2ad969,0.4221320748329162
blunder_only,Pe33b47077ce9,0.3666637332431465
blunder_only,P866b0e558f0a,0.4996623185085975
blunder_only,Pb4e52068af80,-0.8140848633489812
blunder_only,P53810ea192f9,-0.4500196576118469
blunder_only,P646d9939b571,-0.1574648274421089
blunder_only,P65e866d0f350,0.1233142522196083
blunder_only,Pae04347d391a,-0.4657365925377235
blunder_only,P913de9c8bf96,1.3171527162194252
blunder_only,P276544655dac,0.6118694562464952
blunder_only,P1948d2db0bf8,0.4208362277477788
blunder_only,P44f4e1e90c32,0.1678902812302112
blunder_only,Ped167844fa08,0.5155935153986017
blunder_only,Pb6e936f24f64,0.5090906119772366
blunder_only,P970818f47edc,0.8547508333934468
blunder_only,P07bf6597b045,0.3247004536290964
blunder_only,Pea9b940eb005,0.4950402348982318
blunder_only,P595fdb8013d7,-0.2771417144641635
blunder_only,Pec2b8eabe3df,0.6274939491871026
blunder_only,Pa3d40a2257e4,0.640934445313178
blunder_only,P5926cb13772f,1.012741832190659
blunder_only,Pced916db13e7,1.039961889386177
blunder_only,P748bc7728bbe,0.0737778783163131
blunder_only,P957ab32c130e,-0.1147366941848582
blunder_only,Paeaa7e4d578f,1.1954974293708802
blunder_only,Pa486a3de262a,-0.1159804835915565
blunder_only,P4e8ffc42d56c,0.453163035612704
blunder_only,P5700df5a48da,0.0497858632056371
blunder_only,Pb20684bb51c6,0.5975761295428429
blunder_only,P99c792acfa03,0.6226140697284348
blunder_only,Pcb80720688df,0.2172782105497188
blunder_only,P0fc00ad13e16,0.4260074994393609
blunder_only,Pf5d2f1941afe,-0.0829378251600008
blunder_only,P0b42ab8da1f8,0.4239156133546646
blunder_only,P1991319c9eef,-0.0318241481202073
blunder_only,Pb3882cdff342,0.0312835722292082
blunder_only,P972527aeafa6,-1.323860009200871
blunder_only,P7996dac81c49,1.2569906990975142
blunder_only,P7905f35518b1,0.9112524889409542
blunder_only,P69439e47fcc5,0.0776574518306773
blunder_only,Pa382e0ac5b93,1.374981626868248
blunder_only,Pee45f126337e,2.438849554862827
blunder_only,Pbfd8094246a0,0.9333992104977368
blunder_only,P384b70de40da,0.4653396010398865
blunder_only,Pcd18e5f98073,0.4941834764398646
blunder_only,P82b5601952d7,0.1061343885528555
blunder_only,P2325dc766b16,0.2691527917701982
blunder_only,P6ec1ad7ae3b9,-0.7260655058281763
blunder_only,Pe2eae2032600,0.2282879699126906
blunder_only,P030b8057a235,0.4529276735722864
blunder_only,P0b4bb742298b,0.3849705151381881
blunder_only,P889277403087,-0.2915254082457211
blunder_only,P3148aff7a6f8,0.2163386168506525
blunder_only,P13cb22f228b6,0.2076263527075449
blunder_only,Pef6060692ad1,0.3736731736128608
blunder_only,Pea7f787b9e8c,-0.2024879297241568
blunder_only,Pdcd2f5778d32,0.406636411738445
blunder_only,P6b2001e1e010,0.5595960669219494
blunder_only,Pbe588895a303,0.553453643752469
blunder_only,Pe1de99502951,-1.3804343518401896
blunder_only,P7cecebfbdfe3,0.1941216347940734
blunder_only,P35f19d5aedc2,0.60176799915455
blunder_only,P6c8566b31052,0.6763251423835754
blunder_only,P5289c201b56e,-0.0799411799862153
blunder_only,P63be227d2e31,0.1597390969901191
blunder_only,P2b3377e256fc,-0.4791212505715734
blunder_only,P6a3395c1c9c2,0.737013004720211
blunder_only,P3dec839cf94c,0.1930989702253578
blunder_only,P7622f9e5734b,2.466361790895462
blunder_only,P79640761b2bb,-0.2910161924482596
blunder_only,P62900b0c2135,0.4018812086759135
blunder_only,P1d01516359fd,-0.1754469436903794
blunder_only,P579919b80f3a,1.201053500175476
blunder_only,Pe3847cd42b14,-0.0124864224730023
blunder_only,P397de6b35297,1.2036873622073068
blunder_only,P57e09986ea29,0.0662111201592419
blunder_only,Pea8c6238f3ee,0.462383834865976
blunder_only,P5dc43ff2450f,0.4873807144661744
blunder_only,Paa888da580c1,0.0494873479008675
blunder_only,Pf11997b2fe71,-0.1228635283863195
blunder_only,P5601a22513db,-0.3663942317167917
blunder_only,P939df957db68,-0.7401802986860275
blunder_only,Pd8d403d4d0eb,1.1355375330205315
blunder_only,Pe8605a5b09a3,-0.7042670258911046
blunder_only,Pfe818d853594,0.4451349253371938
blunder_only,P8c7640b8ecf2,0.9038083255290984
blunder_only,P9198b769cb85,0.3603961758221239
blunder_only,P35d904bfbfc4,1.6960199475288391
blunder_only,P3f9c6591652b,0.2549108162522316
blunder_only,Pd9f1857ee3dc,-0.1364285402639646
blunder_only,Pc4ea98dfad73,0.2655831725900041
blunder_only,P2efa7bf19c4c,0.1047658022185
blunder_only,Pc42bb1f7a49d,0.6008489094674587
blunder_only,Pa37ed643ad43,-0.0114194462950132
blunder_only,Pd32a8ff695ce,-0.7201773876117334
blunder_only,Pef13168fd0a3,0.56731698027654
blunder_only,P9bd6b7ee4879,0.2214922042664022
blunder_only,P1864f4635c75,-0.0027267858986893
blunder_only,Pe64319ebe70a,0.2563244656970103
blunder_only,P6c3e88934f8d,-0.2468938883915752
blunder_only,P44940e9c789a,0.3206036880922814
blunder_only,P025eccee970c,-0.403977575415576
blunder_only,Pf578f4869b96,0.4639378041028976
blunder_only,Pa177fdfac7e3,0.3472616104414797
blunder_only,Pfefb95c39ced,-0.6519038751721382
blunder_only,Ped13af22a163,-0.1489596527966636
blunder_only,Pb3703e7a1c65,0.3525215358622579
blunder_only,P5ce4ee31412a,0.7752303373068571
blunder_only,P4d928615351b,0.75964854920416
blunder_only,P3b50aeb0b4ca,-1.0771883846157126
blunder_only,Pb885085cf84c,0.2786505077547107
blunder_only,P60bb50066808,-0.0306670368836356
blunder_only,P4e02bb04d48d,0.0691545123694745
blunder_only,Pdca3955a0072,0.24128090829188
blunder_only,P251f22e36231,0.2983455039686771
blunder_only,P6e40b44d1789,-0.3833135727235988
blunder_only,P96cb5e112e0b,-0.0009600708313032
blunder_only,Pf2003c93cd85,0.2743147477988326
blunder_only,Pb03855bf283d,0.0792933360578192
blunder_only,P6f1473622c07,0.1361324765266135
blunder_only,P8d076a8d72b1,-0.749667058388392
blunder_only,P8f47ef4e5172,1.524106651544571
blunder_only,P52f4a37f0261,1.952376896372208
blunder_only,Pfa835a658a44,-0.9369508773088456
blunder_only,P0fa7022d140c,1.3864681795239449
blunder_only,P78a5e3a42f70,-0.2479266077280044
blunder_only,Pe82d6329da71,0.110848866498973
blunder_only,Pc3bafd638992,-0.8716693855822086
blunder_only,Pca135a0baeb3,-0.4483052650466561
blunder_only,P2f8ff0abe71a,0.3775929873496046
blunder_only,P77176d3120e0,0.1348945578684416
blunder_only,P1109c3e0bb38,-1.1002648323774338
blunder_only,P74446dda01cb,0.2073247413564124
blunder_only,P1ebb8a2847bb,-0.3337443267525271
blunder_only,P4a45ed7d876e,0.032368180857751
blunder_only,P50894c60dfa6,0.4437206258465136
blunder_only,P1a9f08b93205,0.2572444892000584
blunder_only,P62e37bac9106,0.910828886926174
blunder_only,P689b9b11cfc5,1.0509429034087563
blunder_only,P35c7595d1120,-1.3440226783806628
blunder_only,P126ce54d19ef,0.2119450949598104
blunder_only,P7eb1d07029f6,0.1930849246580951
blunder_only,P96c8b6ca0244,-0.648312766805646
blunder_only,P7c822b4856ba,0.8206357130554198
blunder_only,P83b83df8cb45,0.2901452363519542
blunder_only,Pc1ea2532444c,0.7671294836455741
blunder_only,Pfccd9723ce7a,0.1269743408146807
blunder_only,Pdb53dda2099e,0.5563578373856015
blunder_only,Pf1ea68735def,-0.0992556491107852
blunder_only,Pcd68d066ef3d,0.8615130416371606
blunder_only,Pa832bd71390a,0.5019067022858151
blunder_only,P08be79fd917a,0.3160588542439437
blunder_only,P8cdf692dc6ba,-0.1630791893435848
blunder_only,P2641864564f8,-0.4966641142964363
blunder_only,P8630511a49e3,-1.1179601528814862
blunder_only,P839ead64b3e9,0.0757529796101152
blunder_only,P3a0d8b676817,0.2304616272449493
blunder_only,Pba14d6bd7ec2,-0.466033237054944
blunder_only,P5354e7500238,0.4846032046609455
blunder_only,Pe3b47fe67aab,-0.5607452075009478
blunder_only,Pbd93a3098547,0.3827299376328786
blunder_only,P5e8f10cd30ca,0.8243970725997408
blunder_only,Pb8ab8b0dd803,-0.6003120891949427
blunder_only,P9e42ffaa2ba2,0.2244440913200378
blunder_only,P942fadd32c1b,0.8512072199748622
blunder_only,Pf90bd0f82de9,-0.3113968612640978
blunder_only,P1d9ac7888460,0.351010113954544
blunder_only,P5b4fd675fe36,0.2256288975477218
blunder_only,P5efe71a957dc,0.0654777113252557
blunder_only,P32e761b84890,1.154820026667858
blunder_only,Pd5e9c8e9135d,1.1081689642742276
blunder_only,P4e317ec4e979,-1.304828218829173
blunder_only,P2cb8187bf432,0.1474932500318536
blunder_only,P41e6d43a9bbd,-0.0357585549354553
blunder_only,Pac0ce376e42c,0.975828337073326
blunder_only,Pa830645198fa,0.3129110506231704
blunder_only,P006613cc1c5d,0.0295607893426565
blunder_only,Pc15f9c5333c8,0.6104497129097581
blunder_only,P06d1faf623ae,0.1803013713402538
blunder_only,P1a64cf175ab2,-0.2293842305166265
blunder_only,Pe87601cfee8c,0.1139904221517999
blunder_only,P95f860778e94,-0.0974774714559316
blunder_only,P672893cd84c6,-0.17318390213645
blunder_only,Pea0c277ea9c5,0.3304004207253455
blunder_only,Ped68dbd8a223,0.7505188138168302
blunder_only,P94c7cbad5490,-1.0775582450959418
blunder_only,Pc69e2e623526,0.2491015730514412
blunder_only,P5470ce7f1fd9,0.0141489505767822
blunder_only,P15ccbe4a90f7,0.167171359021929
blunder_only,Pa300ce6c6e88,0.2269025529701719
blunder_only,P3db5f52aa742,-0.7093787703376551
blunder_only,Pd863302b0ed0,-0.335696984533242
blunder_only,P57d1e3179b04,0.1850456452840297
blunder_only,P0e71a980a95d,2.0742446556687355
blunder_only,Pd5a1258f2ab9,0.2232666895059602
blunder_only,P0eb19f9e091f,1.7176273440321286
blunder_only,P6550996e15e8,0.2483568572331189
blunder_only,P40ed172afa8b,0.2549874901328292
blunder_only,P6edc9343fa80,-0.2420032784428372
blunder_only,Pe4e656b299a1,0.123970355794375
blunder_only,Pb97d2c45a71b,0.1954074222067895
blunder_only,Pa4a1d7c07b82,0.2158694190413241
blunder_only,P5ddd4b25d01f,0.2127975301124125
blunder_only,Pdb224ff8c48c,1.119905267842114
blunder_only,P0ee66488bab5,-0.4093331064097583
blunder_only,Pd69d37a29e0d,-0.5309880121820495
blunder_only,Pa88b3ca70580,0.3638405501842499
blunder_only,P694d06d912d1,0.7578527275472879
blunder_only,Pd4d9a2c162d6,1.870195060968399
blunder_only,Pf341d5089ace,-0.255501923125187
blunder_only,P4d925953bb41,0.3281577620655298
blunder_only,Pd90d727f85d1,-0.1833607578650117
blunder_only,Pb9a32e34c839,0.8704718041751119
blunder_only,Pef1f4fe04fe0,-0.0252283394889849
blunder_only,P8b8272896994,-0.4588635342661291
blunder_only,P5a1dfb3f3409,0.3712135722308515
blunder_only,Pf17b54a13f0f,0.3544789866085477
blunder_only,P747db736eee1,0.2466287767269996
blunder_only,Pa7632a5f9bf7,0.571779609657824
blunder_only,P71f2ac2740ee,-0.4094166043225083
blunder_only,Pe50aef5f0820,0.1157746017740266
blunder_only,P0d2ecf6af208,0.3336561823395028
blunder_only,P79bf9a9403af,0.1577155573577271
blunder_only,P2d42113d7cb3,-0.631629239146908
blunder_only,Paf440d3e23bd,1.1189317747194762
blunder_only,Pbd11dc7e99e9,0.1983670192899906
blunder_only,P0bb65e4f4af2,-0.1387089987698887
blunder_only,Pd8362d4e7d8d,-0.3370436551049351
blunder_only,P5aa41dd7d0e2,0.2332247274462133
blunder_only,Pdba5a8ce254a,0.6187474434944455
blunder_only,P68b4e16c286f,-0.3382565925518671
blunder_only,Pc9f399bd07da,-1.4411083073355258
blunder_only,Pbb3e67841c3e,-0.6227533499711541
blunder_only,Pf141ee433e09,0.7414034670218825
blunder_only,P0ae65767dae9,0.5823236310056278
blunder_only,P445a250ef11a,-0.1240804491023863
blunder_only,P4597e1a44e62,0.498987316636417
blunder_only,P536bdc9b54a9,1.2591937642012323
blunder_only,P1388ac4d04e8,2.352323055267334
blunder_only,Pa2175078daaa,-0.1675088331103325
blunder_only,P7f5c5d635e83,0.2461307303979992
blunder_only,P25be25b34922,0.6004773399659565
blunder_only,P7881a7ad15af,-0.1279287120146673
blunder_only,P3bcc92c79e07,1.2903096750378609
blunder_only,Pf8725e6290c2,0.3611909976722592
blunder_only,P80eb980ade35,0.5218472325708717
blunder_only,Pd8fd63034d52,-0.1217125689611342
blunder_only,P9d37fd595831,0.7193512155119186
blunder_only,Pe3d6e31a0287,0.7779839695146527
blunder_only,P7f0ade4d9056,0.2906235734976473
blunder_only,P393ca4a66450,0.2330766699703756
blunder_only,Pc9eb3db6f781,0.0415175276497999
blunder_only,P89e0201d3c7f,0.0794249102582162
blunder_only,P8fba9eb1a05f,0.8681762628257275
blunder_only,Pbdaf68d1d457,-2.6988426446914677
blunder_only,P391fd7373707,-0.4431867019997703
blunder_only,P7d529f6e5e0d,-0.0507007060349253
blunder_only,P4cdda8e2d8ce,0.4816927252406107
blunder_only,P749e6d6d6f62,-2.584413755685091
blunder_only,Pa1ba6643e866,0.1602620169870788
blunder_only,P0f077f787fbb,0.821384570747614
blunder_only,P0b6b0a7033dc,-0.4373435858223173
blunder_only,Pe94df10a1cc9,0.8629401629217542
blunder_only,P9520a7f890e7,0.1555929318271101
blunder_only,Pdc4be92f886a,0.912271112203598
blunder_only,P0bd9a1cf3b83,0.3131905967990557
blunder_only,Pd67bc7eaf014,-0.0408508251454482
blunder_only,Pf00b1fa1a24d,0.8413968316024978
blunder_only,P4e1cb5a7b525,0.0813110871240496
blunder_only,P90687339cb32,0.2095161712895601
blunder_only,P151c21e08acb,0.1124788011504911
blunder_only,P9b8b3584cdf0,0.2409722093851477
blunder_only,P3d88149855e2,0.225050839309891
blunder_only,Pe06673761d91,-0.700779568796095
blunder_only,P48e94375b98a,0.6167668402194977
blunder_only,P2eb7b761b727,-0.1613368764519691
blunder_only,Pa255c5e73774,-0.4947881182862653
blunder_only,P49bd8e96441c,0.716198856425591
blunder_only,P69a6e77d9e6b,0.330405479850191
blunder_only,P16e21c8b828f,-0.4320896466573079
blunder_only,P0bc267001ac8,0.5128627766635859
blunder_only,P67cead42e0f6,0.5063433753792197
blunder_only,P7af62af3fc2a,0.0998175522933403
blunder_only,P6e51c9211e79,0.2289882866475367
blunder_only,Pae4a0350f826,0.0851715801982088
blunder_only,P9ecd828bfa22,0.3713166077684682
blunder_only,P8f98106e984b,0.0826184635361035
blunder_only,P6d21545a82a4,0.7039332594824372
blunder_only,P6969389e75f2,-0.2285434887894489
blunder_only,P5abc32817105,-0.2166793092165906
blunder_only,P04c60e3a9370,0.0699749154384754
blunder_only,P77a9b00b12e8,-0.2552013492614743
blunder_only,P555125c62407,0.491078904784388
blunder_only,Pce90bef09fea,0.5118506802965135
blunder_only,Pe442f251368b,0.3553076808651288
blunder_only,Pd4c72b597d93,0.3986964779905975
blunder_only,Pc1091a1ae3bb,0.6215201629768793
blunder_only,Pbc434d988b27,0.9345848981486712
blunder_only,P750100219982,0.9294727717215816
blunder_only,Pf341138fbda1,0.3654591954336261
blunder_only,Pf9c5c3399d53,-0.0826552972085673
blunder_only,P937099897be9,0.0400103527410132
blunder_only,P630fba092798,0.419600248336792
blunder_only,Pc33052d98e22,0.1165905781090259
blunder_only,P26ef37abf8e0,0.6962126315837459
blunder_only,P48e1662149c6,0.4821798707509814
blunder_only,Pf478e1745e7b,-0.3288779336929557
blunder_only,P7837c0b5f361,-0.3093561633357357
blunder_only,P926bc474828f,-1.6423091813921928
blunder_only,P527269f06c14,0.5934273497208749
blunder_only,P6c7b67b4f90a,-0.955567709862592
blunder_only,Pecdd14a6a45b,0.0788917062699681
blunder_only,P5250918a7f8b,0.0417339950799942
blunder_only,P3af30305a642,-0.1241469656427701
blunder_only,Pedb5159d05e1,2.017381267658636
blunder_only,Pc2d6d3ed3d34,0.82832781668782
blunder_only,Pbd19c8fdde12,1.6893636399828311
blunder_only,Pd88ae03d1751,0.851491312097226
blunder_only,P3fcbd7cbdbcb,0.4155879887976997
blunder_only,Pefea79e1ae13,0.3732739934383127
blunder_only,P16b66ba98aec,0.8391376703977584
blunder_only,Paf4718c05bb8,0.5982783109777504
blunder_only,Pce86ed7c24a9,0.4257439650713451
blunder_only,P68f3c1918211,0.1135840332280481
blunder_only,Pa7a2adba1879,0.5874960718535157
blunder_only,P7769ad218dd3,0.2429948589364234
blunder_only,P38883ecb3ddc,0.2972225537601035
blunder_only,Pc43284eac0b7,0.7794307470321655
blunder_only,P2195abc8fda6,0.2061789948907163
blunder_only,Pec6d4237c95a,1.6109677805350378
blunder_only,P8a1bcf95556d,1.0653129314028082
blunder_only,P8dff23db61fd,0.5857331976294518
blunder_only,Pf4105d184e50,0.2968650454477895
blunder_only,Pbf667a4d7b56,0.1569055697558261
blunder_only,P2717d7ba49a9,0.8927743726720413
blunder_only,Pe452dcc59325,0.5159093019403957
blunder_only,Pae4a2f31ffb8,-0.8492555655539036
blunder_only,Pd3241ccd3270,0.2528572380294402
blunder_only,Pcd4381fe5f1a,0.3301491450201242
blunder_only,P5c3dab36d9bb,0.3658487043649129
blunder_only,Pbb7c245fe683,0.6654546447719136
blunder_only,P0bb0865a0959,0.8462634055564802
blunder_only,P1ab4fb966fce,-0.7995228696200583
blunder_only,P3eee550f7eea,1.4436668455367907
blunder_only,Pc484cab72398,-0.0951447476245644
blunder_only,P5db5000b2333,0.6506436392664909
blunder_only,P74db283abfe9,0.1720304576059182
blunder_only,P5a425dbed003,0.2503860067798775
blunder_only,P1fc16fd22e8d,0.5244379767941104
blunder_only,Pe2227ec6a242,0.1213589528693639
blunder_only,P08022923c7c0,3.0905062850150795
blunder_only,P0b918bb07cd1,-0.137618685476841
blunder_only,P97d5ca980e4f,0.3100304488925878
blunder_only,Pbfdc5e16e551,0.4845919242916089
blunder_only,Pce0b4632573e,-0.1810797131295875
blunder_only,P776240b71efb,0.4431756714940386
blunder_only,Pa48e1202b933,0.1689377341706254
blunder_only,P3370f92190fa,0.1077531589402092
blunder_only,Pe797a857ba26,0.2563173730447907
blunder_only,P757e153654c2,1.2641371935606005
blunder_only,P907ec6d1986a,0.53836081323133
blunder_only,Pad0bcf500878,2.791475534439087
blunder_only,P615ca4da6d29,1.4083513550460338
blunder_only,P38c1a000517b,0.6557625931953746
blunder_only,P70f709da6f2a,0.8529794466541989
blunder_only,Pe1338a9b47ba,0.2028396046823925
blunder_only,Pd4dcf33d3ca7,-1.5224231481552124
blunder_only,Pd194db16fd30,-0.2277377173304557
blunder_only,P90653949f03c,-0.1975005511823412
blunder_only,P0a9f06fb5bdf,-0.8837820918609699
blunder_only,P1a9f17c46f8a,0.07427403114508
blunder_only,Pef316327253c,0.3371646341557304
blunder_only,P5f3b39257889,-0.3434364457591898
blunder_only,P363d04c9c712,0.2124753517740819
blunder_only,P51865cb9a6d5,0.6087284423865056
blunder_only,P89aeff4c8a88,0.7316341128614213
blunder_only,P4fa83826e77f,0.6516377140175212
blunder_only,P74c7fd1d49d7,-0.3654596499270863
blunder_only,P50c8b20cd00f,0.3546421188015762
blunder_only,P85f6b52a562c,0.11284140718204
blunder_only,P5d704bd33445,0.5121240811422467
blunder_only,P56234dbecb1c,0.1957562003351523
blunder_only,P46fc5f4faced,0.0680823343743809
blunder_only,Pd4d3ccc61faa,-0.0022776837150255
blunder_only,Pe2003eb52340,-0.3491938793194041
blunder_only,Pe153edcf9709,0.0026497571290739
blunder_only,P0df65a7c914c,0.6025885630088548
blunder_only,Pe096d2fdb758,1.6734910011291504
blunder_only,P0d15b9e97197,0.0109116784316593
blunder_only,Pe98545072c69,1.6727605164051056
blunder_only,Pb1f147d06916,1.154702533355781
blunder_only,P92a9cdc78f23,0.0156941952645245
blunder_only,Pa82c9f22395b,2.307922124862671
blunder_only,Pc62f43f46158,-0.6454229001236013
blunder_only,P9b3e2c91552e,0.7447582345800726
blunder_only,P68f4325aa74f,-0.0344456636036435
blunder_only,Pe7d116d4800a,-1.0538436259763937
blunder_only,Pf16d01c49d18,0.1351126676058655
blunder_only,P18ebeed0ab8c,1.2263470184471872
blunder_only,P557d231a4836,0.2597323660221364
blunder_only,P2f1ae32f008b,0.5174315498390656
blunder_only,P0682b3bf2428,0.2942807927727699
blunder_only,P1606386770b2,0.8643814584483271
blunder_only,Pa736a30e48bb,0.0015302747488021
blunder_only,Pa1d99671e51f,-0.5326588973402977
blunder_only,Pb28638a5ee36,0.6886107378146228
blunder_only,P9856ed5ebece,-1.239939421415329
blunder_only,P7609d3461169,0.3185625489676992
blunder_only,Pc015f45143a8,0.3352753758382713
blunder_only,Pe09c2c2ca735,-0.2369443575541178
blunder_only,P93e53f6c4e3e,0.2501410205538074
blunder_only,P0944a0d8bc0b,-0.7762280187673039
blunder_only,P48588c0a15a5,-0.3281259449895875
blunder_only,P686f30a615a8,-0.8417422026395798
blunder_only,P562f3aba6ae6,-0.3583165363970925
blunder_only,P2b3ada1f6120,0.5244267032129499
blunder_only,P66932ec253d9,0.2018066081551036
blunder_only,Pe5af64cf5d01,0.4874794681870473
blunder_only,Pf1dbf5a4e2d0,0.5316984445546513
blunder_only,P47f754d9b81c,0.4869566767596874
blunder_only,Pff07e983f71c,0.1709823408518873
blunder_only,P7941cd6fd073,0.4923137006298818
blunder_only,Pc132cb9ceb32,0.3650370372819768
blunder_only,P12979e1c84f7,-0.3026467561721802
blunder_only,Peadfccc2232b,-0.0662937263647715
blunder_only,Peff0980f3819,-0.0320316853139687
blunder_only,P048a8c404d4a,-0.2058539539575576
blunder_only,P90cd4c97f0e7,-0.5222104306449182
blunder_only,Pc8e96baf5bc1,0.5052258148789406
blunder_only,P3a4d8b9f5a74,0.4862766074885599
blunder_only,P419908e43f1c,0.0904733818818078
blunder_only,Pb9b064639631,-0.1464957594871521
blunder_only,P3e4f03fd8968,-0.2862345603142342
blunder_only,Pa066c288bfc5,0.4753955788910389
blunder_only,Pe9f75db10eeb,-0.1720206985664036
blunder_only,Pce3ac8db6547,0.1882752672302138
blunder_only,P6f3c3a804804,0.1726574240760369
blunder_only,Pa682316b1b19,-0.1549836727790534
blunder_only,P261b242dd66b,1.119204267885992
blunder_only,Pb6b0fe102309,0.2715752497528036
blunder_only,P38f3a53eb2f8,1.0155082519847205
blunder_only,P067081dfef87,0.3265116631665336
blunder_only,P9daeb8232315,-0.1276655360690024
blunder_only,P1cc04eb444af,-0.1177737405489914
blunder_only,P455b62800b6f,0.3368658246472478
blunder_only,P6cb22110d071,-0.0516211682218921
blunder_only,P019c155860e3,0.9144536460439364
blunder_only,Pc84bb70b107d,-0.1626102030277253
blunder_only,P210627a34558,0.5568991282747852
blunder_only,Pa71c58b8f344,-0.534900881536305
blunder_only,P1025efb7e732,0.7127085076272488
blunder_only,P630d09ab0817,-0.7703428715467453
blunder_only,Pf1ad6cd25de3,1.645849734544754
blunder_only,Pb3ae85e5db79,0.0517854951861908
blunder_only,P34845f34e83a,-0.9930927629272144
blunder_only,P5e30bc674c1c,0.5852614435582207
blunder_only,P6034a389e63a,-1.5142156041705928
blunder_only,P3bd3c3d49d85,0.3786836129380129
blunder_only,P7500bc33db82,0.4604014197707568
blunder_only,P09072b61fc92,0.2372566667942595
blunder_only,P0da75d95870b,-0.182893635909544
blunder_only,P8ca15c405efa,0.2323248589933701
blunder_only,Pb0baa70166b3,-0.2159065838903188
blunder_only,Pde2836a360b4,0.6141053165563128
blunder_only,P6ee7c3002348,0.1333811538560049
blunder_only,Pc1114acee9f1,-0.3525781134781043
blunder_only,P82738800d34f,0.8883119076490402
blunder_only,P75d2b4a2c1a6,0.1993590314890546
blunder_only,P288042c9235a,0.2518555032028833
blunder_only,P0ea16f2161b9,1.327615701054272
blunder_only,P4a80baaad1c3,-0.5488497248717717
blunder_only,Pda935120a431,0.2206532704977287
blunder_only,P9efb3739c075,0.1691896236592378
blunder_only,P5d08108e6893,-1.423068255186081
blunder_only,P7752cc852c92,0.604294877499342
blunder_only,P7beb9c4cc0f5,0.6589524506875168
blunder_only,Pe66de9012673,1.3632550933398306
blunder_only,P7ac9ea7fda65,-0.3549645242746919
blunder_only,P233dab88091b,0.0787515143553416
blunder_only,Pfae71c610e9c,0.7095800400912221
blunder_only,P59eb522d603d,0.8617917821707343
blunder_only,P2ece9a64e4c1,0.9013295702148406
blunder_only,P6a3bd2e0dc36,-0.2611154664440878
blunder_only,P9d3f23fcf561,0.1615495334675412
blunder_only,P1ec8e0cadb46,0.7012352426256984
blunder_only,P83d94b511d4a,0.1330430865490517
blunder_only,Pf12ec3ae8295,0.4133973390269441
blunder_only,P1c6522005297,-0.3613131995256677
blunder_only,P3e28259bd77c,1.2637627167361123
blunder_only,P806a01af15eb,0.1985594577156006
blunder_only,P4260094ba059,0.7849629733737215
blunder_only,Pa54748ed2536,-0.9408604597051938
blunder_only,P31099edc0f57,-0.1675276830792427
blunder_only,Pf200df3596cb,-0.5331359348725527
blunder_only,P54e9e9770957,0.334015184292008
blunder_only,Pc82f1f6af6df,-0.0676373240628194
blunder_only,P4529c040ce26,0.9074715358131948
blunder_only,P21ce6231d450,-0.195721636764699
blunder_only,P18ae5fb50429,0.0899565108120441
blunder_only,Pb44c04433355,0.2936242214507527
blunder_only,P260548a957d8,0.9900466699030372
blunder_only,Pe640e0020152,0.8178789773770009
blunder_only,Pfe1edfd5fc52,0.254779962176571
blunder_only,Pa9a763147d14,0.3188952432827821
blunder_only,P4a2f281e1651,0.2557261921020396
blunder_only,P72f95cbb25fc,0.2875111071090413
blunder_only,Pdb0212482022,-0.018232907371944
blunder_only,Pebbabdbd5fa9,0.2849970178678632
blunder_only,P5427fcd7ee3f,1.1013153993308122
blunder_only,P456521e5b0dc,0.5828780260801847
blunder_only,Pbcff2253b9ce,1.217365026473999
blunder_only,P6aae346c2a92,0.1445896210092487
blunder_only,P3fa8fede317e,-0.2346797550562769
blunder_only,Paddf17d74ea4,0.0292949548084578
blunder_only,P59739f27118f,-0.7742007387920268
blunder_only,Pfcba7b88954e,-0.5364682916486005
blunder_only,P43f783646060,0.2277169773976008
blunder_only,P1054bd2201f6,-0.3545249729476316
blunder_only,Pb341e962151b,0.4812289848923683
blunder_only,P765467198a60,0.3470681194216013
blunder_only,Pe8f981a8b16f,-0.0623432473263944
blunder_only,Pfa0fbce891c8,-0.5584091346104821
blunder_only,P1c014225bad3,-0.6350011825561523
blunder_only,P4df2e67b948a,0.7020742202620947
blunder_only,P40ab9eb0acfe,1.11002612610658
blunder_only,P9a9eeb7769f1,-2.407038539648056
blunder_only,Pb413d456ae9a,2.523332566022873
blunder_only,Pa78efd781347,1.7410670667886734
blunder_only,P83cb1d128e35,0.9775561152824334
blunder_only,Pedfe87de42f9,1.2308107803886137
blunder_only,P7f85c52801ba,0.9106431966647506
blunder_only,P82b18ef56bec,-0.9456953406333924
blunder_only,Pc6827ddbf335,0.8943009968598684
blunder_only,Pdf1df3552e7e,0.0683965278182551
blunder_only,Pbcec9abe6d1a,-0.3659489030639331
blunder_only,P4841fcafc86e,0.4180609461930463
blunder_only,Pf563c728ac8b,0.234043205777804
blunder_only,Pcc8acd5bbca0,0.0338823184526214
blunder_only,P05436984050e,-0.8989350342136972
blunder_only,P8b3055cd0b4c,-0.4802901446819305
blunder_only,Paa3a5e58214e,0.4399953950196504
blunder_only,Pc280f40b6113,-0.2013608999550342
blunder_only,Pe89fe90d41a8,-0.9825506806373596
blunder_only,P1bde6ea2f603,0.4283897113458161
blunder_only,Pbbe2f632939f,0.1967970390345643
blunder_only,P693407dff640,0.6738164088459221
blunder_only,Pe3633aaaee78,0.4456160122321711
blunder_only,P17dd5ef61b85,0.6422049752507921
blunder_only,P12fd6571c323,0.5797023003300031
blunder_only,P1cad34589d34,0.9216989231380548
blunder_only,Pbcb4e239940f,1.295983228335778
blunder_only,Pe1e45ef4fa3d,0.6794107852526653
blunder_only,Pb791d443a086,-0.4196251332759857
blunder_only,P74e96ae93747,0.4533889851798969
blunder_only,Pf082a322ce6d,0.4270719686431611
blunder_only,Pbbc1c3e5e5f5,-0.933365021916953
blunder_only,P3ef995f80a3a,-0.5159987800895043
blunder_only,P7aa543f917e3,0.6170661475509405
blunder_only,P698995d10112,-1.9331866754218936
blunder_only,P8a1da7c05367,-1.157405154572593
blunder_only,P1ec3b5297f0b,0.6080556400120258
blunder_only,Pff492887c88d,1.4148022456930074
blunder_only,P50b16ee45f65,0.3873525956172556
blunder_only,Pa1e9387aca36,-0.0792768001556396
blunder_only,P43eaec2dc844,0.1191843372876557
blunder_only,P14a312421eef,0.3716002949871696
blunder_only,Pffd061586c57,1.68084997127523
blunder_only,Pa6fe790935aa,-0.2739527181040382
blunder_only,Pf2527af93f45,0.5836243003578887
blunder_only,P2d88d15a3184,-1.52155605951945
blunder_only,P40ec54d08597,-0.0606619124877311
blunder_only,Pc839225a5549,0.197334736585617
blunder_only,Pc343a49c974e,0.3341584019362926
blunder_only,Paa5b1eb7663e,0.4577040908141778
blunder_only,P7bf7446b6235,0.4366268597007023
blunder_only,P7c3477e7afc2,-0.0367263541423848
blunder_only,P8be27e787546,0.2221078028281529
blunder_only,P095732c98a5a,0.207491315404574
blunder_only,P473b69f3d1f9,0.4298511720698708
blunder_only,P9f8007f1648f,0.09994398355484
blunder_only,P360d70fc9b78,-0.0785364240407944
blunder_only,P9664924a826f,2.542089462280273
blunder_only,P2ca0b1a054e7,1.2417239111753144
blunder_only,Pd78b39bcb78c,1.5408904999494553
blunder_only,P6f8442efa7f1,-0.6974878427676028
blunder_only,P8b4c3746499f,0.5273997282224988
blunder_only,P6a952464c5a9,1.0806280649062312
blunder_only,P07f6cfb128c7,-0.4732812597334088
blunder_only,Pa161a76f9be6,-0.1938937385659541
blunder_only,Ped1b636ecab5,0.1697261011981582
blunder_only,Pefb49db34cca,-0.3973482251167297
blunder_only,Pdcb2f29c24fe,-0.3754618322062824
blunder_only,P7f6e31736710,-0.2028297176584601
blunder_only,P9d44c1022685,-0.2305786923567453
blunder_only,P41a6d7ad563e,-0.2006463232019268
blunder_only,Pd6a189e09e91,0.180614887692389
blunder_only,Pa6f6d75a436c,-0.4079415649175644
blunder_only,P6fe355e64d50,0.2492966086914141
blunder_only,P0991053d7017,0.1369315643738146
blunder_only,P5bc36325d72e,1.0175085574513876
blunder_only,P11251449e686,-0.5400924391689754
blunder_only,Pc5773e75fa7c,-0.4920818464623557
blunder_only,Pc20e7dd44f24,-0.9440896660089492
blunder_only,Pd0786a108d53,-0.2222958471392677
blunder_only,P789aaf2dc470,0.9026281386613846
blunder_only,Pae526b043c84,0.104682147304217
blunder_only,P812612c3989e,-0.6373295684655508
blunder_only,P2531ee913624,0.1425346502413352
blunder_only,Pe07414501291,0.215939897173656
blunder_only,Pe7581a5e8e38,-0.6744874954223633
blunder_only,P4ec03662cd02,0.8921460304409266
blunder_only,P3ba351105c91,0.084186590299174
blunder_only,Pcb1da528c7c7,0.6384787196363356
blunder_only,P8bac5966e670,0.0150069666054585
blunder_only,P4126c071982a,0.0859117792712317
blunder_only,P4798fd584386,0.3422863364219666
blunder_only,P1939a45b7b46,0.3606940381199358
blunder_only,Pf5bd7b8ec6fb,0.3314252901660043
blunder_only,Pafac00388da6,0.0113633735297573
blunder_only,P15948d1ecd6f,0.4060921617537782
blunder_only,Pba6e3c79c648,0.2369479184103112
blunder_only,P71bc74729d6a,-0.5103551555011008
blunder_only,Pfedb799a97c2,1.385779137412707
blunder_only,Pcc47961d92ae,0.7262389795713083
blunder_only,Pe3914f45ac65,0.5800549275514313
blunder_only,P5515b7682e14,0.6337779041495792
blunder_only,Padc59676907d,0.928744567163466
blunder_only,Pc328ca08ca5e,-0.230432807405332
blunder_only,P94f060f03541,0.0775368603123795
blunder_only,P6d6b87e95cec,1.0414855778217316
blunder_only,P7c6ae98470be,0.1363559030747695
blunder_only,Pb29f8e378409,1.728870004415512
blunder_only,Pfe339467c7f1,0.0873511109553229
blunder_only,P6971b6977ada,0.173966438217796
blunder_only,Pb0022e2404a2,0.3899774175678563
blunder_only,P2768fdaae14b,1.408258344978094
blunder_only,P168f3c0aba8f,-0.8414051980139144
blunder_only,P2ad9d64ab341,0.8274885622784496
blunder_only,P87262322a470,0.5911224529518372
blunder_only,P922abdb30b48,0.2212356250315327
blunder_only,P7f11d9620218,-0.0365851956200177
blunder_only,Pbde8126fdcaf,-0.0152412718950207
blunder_only,Pcec4dc3a9cee,-0.0389180928986632
blunder_only,P043c70469589,-0.1168412268161773
blunder_only,P92cd03b44cd5,1.302223324899872
blunder_only,Pc91cb52dae01,-0.7237843225399654
blunder_only,Pa13a5df1396b,0.2839488193173619
blunder_only,Pe0513c77af75,0.2022999816990792
blunder_only,P41c94d9afb49,1.2045360133051872
blunder_only,Pb6d81c2aeace,0.1287331500401099
blunder_only,P1c2f1969afd1,-0.0760589718818664
blunder_only,Pbfa9fa935d1a,0.5003370651729916
blunder_only,Peed57c2af570,-0.2907900754376455
blunder_only,Pfff1c35a8107,-0.0986009845350285
blunder_only,P37a4732a19f8,0.0847203964810995
blunder_only,Peef2d1b2f73e,-0.0842050740833164
blunder_only,P66533be38215,0.0665366980151657
blunder_only,P879c5a61ca0d,0.3053517038976794
blunder_only,Pabd7cd0b56d4,0.6048083459958434
blunder_only,Pe4ce910fcd68,0.0089173390107617
blunder_only,Pdb7c70e20a81,-0.1178105431608855
blunder_only,P95578e0f7cb3,-1.0266793072223663
blunder_only,P6c4810dd2bda,0.0784897789243453
blunder_only,Pc0386b1b6fa3,1.955025017261505
blunder_only,Pda41d5a82f3f,1.0128088667988775
blunder_only,P96a304a95748,2.0801432579755783
blunder_only,P23cdbc28d54c,0.3631077955166498
blunder_only,Pbb613bbea67f,0.9378580958754928
blunder_only,P023d18ba968d,0.0631213276647031
blunder_only,P93d709b1b5ba,0.5291145352853669
blunder_only,Pd4762b1da9c1,0.2114823264673557
blunder_only,P9404d87c819b,0.5561733385566576
blunder_only,P402ef67e3b4a,0.4248461474062634
blunder_only,Pad6c38c7358d,0.2983866479932231
blunder_only,Pbc62e20e8caf,0.3962573426902018
blunder_only,P9e77f028d24b,0.4838060626590794
blunder_only,P5cebaae5f47b,0.2028925640127536
blunder_only,P32da2fbca100,0.3278463812312111
blunder_only,P6ba321d339d2,0.8754697335486835
blunder_only,P5edc34ee6b7c,0.3421110136503691
blunder_only,Pdff49afdfa8b,0.3345041449226084
blunder_only,Pdc39c3c8987e,-0.1870577147128228
blunder_only,P2f2300830c29,-1.4310435436911777
blunder_only,P0ad63bffb474,0.1932542328076023
blunder_only,P62a0d095bbf1,0.9800559406203252
blunder_only,P34339060bd0b,-0.5357034520089904
blunder_only,Pa3284e221301,1.014518967744979
blunder_only,P242ef7e1c13e,0.2987159241178492
blunder_only,Pb31130428925,0.1458958367580687
blunder_only,Pa320fef87ddd,0.2986366027034819
blunder_only,P075e4aabc34e,0.2187214450182388
blunder_only,P1d911d243cfc,0.5511232318839542
blunder_only,P65ee53adcabe,0.5688734541531829
blunder_only,P370e1ab042ce,-0.0964917956807727
blunder_only,P48917d5bbb0b,0.375893229438348
blunder_only,Pae02ffad6ce3,0.0565985804705908
blunder_only,P2d7f8cdc071f,0.0372208318776554
blunder_only,P371d1d2c7967,0.4899528525281875
blunder_only,P334e89ce15d3,-0.3365539107471704
blunder_only,Pbb533f99dd66,0.8376554810711834
blunder_only,Pbe55aae59424,-0.7732615798711777
blunder_only,P55fae69040e3,1.5846149325370789
blunder_only,Pbdf2ddc29f6c,-0.1174434258913
blunder_only,P9b5e55ea4060,0.7805834840941833
blunder_only,P03178c8297b4,0.2488965094089508
blunder_only,Pa1e633a1c05b,0.2559623488665479
blunder_only,P20d81128e867,0.3902281196278714
blunder_only,P83c1d1f8b42a,0.1023991759866476
blunder_only,P57bd98e7c9cf,0.2289960730075836
blunder_only,P221c43604f50,0.5631384991094485
blunder_only,P0703e4c8d556,-0.3184118977132811
blunder_only,P3f90558a0c95,-0.6291548144338387
blunder_only,P3f0e7142d44e,-0.9708343469961124
blunder_only,P52a5a77f2c10,-0.4292802587151527
blunder_only,P825e7ab15d61,2.656441390514374
blunder_only,P1260a21db0c0,-0.4623158569328295
blunder_only,Pf84b584a058f,0.32329590121905
blunder_only,P7344e4d77aee,1.2528437150021392
blunder_only,P7421de863f8a,-0.2243618001219104
blunder_only,Pd987d6de8765,0.0974622389424848
blunder_only,P3f7deecd9dca,0.1726148398710954
blunder_only,Pebc77b4856e5,-0.5111006766715241
blunder_only,Pdbc12ccbeb13,0.9093996072631506
blunder_only,Pb677647e5986,0.4483462829846844
blunder_only,P7d00f4fa0063,-0.2502043157815933
blunder_only,Pd2810fac32e9,0.8373962137848139
blunder_only,P0120464aad54,0.2381856306278634
blunder_only,P152f89a99e18,0.3156643650597996
blunder_only,Pca96754a60c1,0.4569174358016484
blunder_only,P8a5913cc2e87,0.7281758016665095
blunder_only,Pe357960237fa,0.3278273935355837
blunder_only,P9951bc1a4c0f,0.6241037952048438
blunder_only,P3b9c35504e6a,0.0144293672025922
blunder_only,P3a1dcc8c90f0,-0.4250156581401825
blunder_only,Pd1e4c6285e9e,-1.1123482212424278
blunder_only,P84e2710c5113,0.0472061425544224
blunder_only,P91b07f11ecac,-0.3048825971782207
blunder_only,Pf9a630ab7620,-0.6015066601035747
blunder_only,P3a3ef9b3d0e8,-0.151833220207327
blunder_only,P5edead730fa7,-0.5686230121180416
blunder_only,Pa5ed5c58ebb4,0.1058741974008698
blunder_only,Pba901b9ea7ab,-0.3168011835842121
blunder_only,P3ca8121ec336,-0.0145881252579381
blunder_only,Pa092156f87ff,0.2047998605502976
blunder_only,Pcac0c44c16dd,-0.5592396646915447
blunder_only,Pdadd2f3d443c,0.7103473961353303
blunder_only,P4126c799b4a7,0.518814666584755
blunder_only,P9fde131654ce,1.94163238081862
blunder_only,P5db2c2fd2d8a,1.302989825606346
blunder_only,P371fcd1b7828,-0.0538953199827898
blunder_only,Pecc899e8f6bb,0.4938880147205458
blunder_only,P4fdeadd3ae5e,0.8392887698220355
blunder_only,P55821aa0ee02,0.025908783073412
blunder_only,Pe9cc0911bd75,0.4006396867111962
blunder_only,Pc5010fc96261,1.315188957112176
blunder_only,P1093f768653f,0.9825080435723066
blunder_only,Pd7469eb5b838,-0.2111460018933087
blunder_only,P0dfd18059d97,-1.5169393168762326
blunder_only,P6652b82a80cd,0.5783151270200809
blunder_only,Peb05651f907e,-0.3753238295515378
blunder_only,P108003b1ab18,0.100277845139374
blunder_only,P38a047edb5e1,-0.6138130220680091
blunder_only,P7303367b599d,1.034629464149475
blunder_only,P9cf995a1c0af,-0.7053608298301697
blunder_only,Pd2919ca64c21,-0.0276523231101843
blunder_only,Pabe3a7a215f0,0.2096710421834665
blunder_only,P9659f63fe68b,-0.0784849670785457
blunder_only,P04d350c7081b,-0.0295721418603703
blunder_only,Pb3323e502fd6,0.2727479533264131
blunder_only,P2d270ef3698a,-0.6516202110406403
blunder_only,P6cb6e7940be5,0.8152669966220856
blunder_only,P1c167ea9d6c9,-0.8237211257219315
blunder_only,Pa53be076304a,1.368541061509556
blunder_only,P2dad39c41197,-0.0977778125241019
blunder_only,P91ccf336aedd,0.2929126994988005
blunder_only,Pf0735de7b733,1.0058465997378032
blunder_only,P52e257901034,-0.1915819088063943
blunder_only,P81345a970df8,-0.1146043517759868
blunder_only,Pa05f3f716683,0.2198185715553513
blunder_only,P61588d2d506b,1.5828641566421304
blunder_only,P26d80069b31e,-0.0362878277483913
blunder_only,P0faa11a93280,-0.33269308280021
blunder_only,Pb5d89ec878e7,-0.923075295984745
blunder_only,Pabdcdea636db,-0.032706368714571
blunder_only,Pb7129dbfc3cb,-0.2857175946868712
blunder_only,P4fd83dc61cd6,-0.9871427342295648
blunder_only,P3b22a736337f,-0.3759723788049692
blunder_only,P5a52138446ce,0.7193169072270393
blunder_only,Pb4ea9bc0f76f,1.325419825812181
blunder_only,P6618f67363b6,0.2009290840175654
blunder_only,P277a3bc9a9b0,-0.1592332295328378
blunder_only,Pb44bdee25ea4,0.5750945003172773
blunder_only,Pba982a8e220b,-0.1157972130455635
blunder_only,P0975a1dd12ba,0.4680509080286417
blunder_only,P3ae673de8066,0.0932614830953459
blunder_only,P584154eb074a,0.3158231805834458
blunder_only,Pad2e39bf5734,0.109629909631121
blunder_only,P664c68b04083,0.0
blunder_only,P365702120eaf,-0.0529092596655692
blunder_only,Pf6641d989cb9,2.0354015574976803
blunder_only,P0fe7d4c76fde,0.5545258719214108
blunder_only,P0b2077628821,-0.2795189414173364
blunder_only,Pa4bdf42193ce,0.1551481060280297
blunder_only,Pc6f7316353d2,-0.4036053073115735
blunder_only,P9a483b101fc7,3.12996853441
blunder_only,P9244d52cc5c4,-0.0002650023166802
blunder_only,P674c02d2cdc7,0.4336375637170003
blunder_only,P1a6ff7ce6f7a,-0.53540582023561
blunder_only,Pdc5a49a8f1ae,0.8623719509442648
blunder_only,P36c64a574757,-0.9519083860019842
blunder_only,P6febd7b6489b,0.8505209511042469
blunder_only,P8b646a21690b,0.0282919329110082
blunder_only,Pb8e527d69da8,0.1723165184259414
blunder_only,P98ae232fecab,0.8028956521819864
blunder_only,P0158a774b13f,-1.0265202427903812
blunder_only,P8ea460b05c8e,-0.8398524317755086
blunder_only,P83c765a813a2,-0.2237076935511951
blunder_only,Pdf5a22898f77,-0.0247131869770013
blunder_only,P3e4d411df052,0.8447394260515768
blunder_only,P539cd365eb73,0.2877566901957522
blunder_only,P1b7e27adf771,0.2166201220639506
blunder_only,Pf15ca370f428,-0.887891411781311
blunder_only,Pf3890f54d9bd,0.5077543419461314
blunder_only,Peb2110accecc,0.5232784152030945
blunder_only,P99aa5673fe47,0.6586620039889793
blunder_only,Pf276b59fdf6a,0.2145128194242715
blunder_only,Pe2da4cb0f4f4,-0.3893285315266993
blunder_only,P929c9da2ca4d,-0.7644185107501286
blunder_only,P93c015d967d6,-0.2070204137245668
blunder_only,P0fc74cbbb61f,1.1955433588474988
blunder_only,Pee7e9699300c,0.2529282629091963
blunder_only,P4e9ba86174d0,0.1157126352190971
blunder_only,P5dc5269a79d5,-0.1298279905319213
blunder_only,P6b82d28aea53,-0.3276647693581051
blunder_only,P2933ac17491f,0.3306539789930336
blunder_only,P023500e97547,0.4935643171208102
blunder_only,Pda2324cec618,-0.1282983488589525
blunder_only,Pafa7b81cfaa3,-0.0696989008955811
blunder_only,P9479c6a171ab,0.1971901217598639
blunder_only,P8eeda2956e32,-0.6897836625576019
blunder_only,P214aba7668f9,0.4621553393082162
blunder_only,Pa8b4d9f66e64,0.3881545621820609
blunder_only,P021789816668,0.4714664961433127
blunder_only,P302352d0ba84,1.0153762896855671
blunder_only,P75b97f00eb03,-0.8697400577366352
blunder_only,P83b0a6c72d2f,0.3041271552277274
blunder_only,P09dd21243864,-0.1341046203548709
blunder_only,P2ca6aa9e5fb2,0.6887406408786774
blunder_only,P08a35be1a9f5,-0.5691730692982674
blunder_only,P18015b63df22,-0.2749029323458671
blunder_only,P57605ec83451,0.3403549581812874
blunder_only,Pbe71c6fc6dec,0.9945316782379462
blunder_only,P7f3df1ac2054,-0.1686708909685512
blunder_only,P53c8731576f1,0.7279020030824405
blunder_only,Peada94290aca,0.6011678059171471
blunder_only,P5adf6a486ad3,-0.972893087459462
blunder_only,P80391149879f,0.9017791861116332
blunder_only,P107cd3cce5ff,0.2844638156581189
blunder_only,P80572e2e038d,0.7703237932707582
blunder_only,P1c0c36f3d5b9,-0.2211109697278333
blunder_only,P712a15bf0e6f,-0.6779297990485643
blunder_only,Pf01ec3446e5a,1.315339557826519
blunder_only,Pad35224f69cb,-0.4947168871083043
blunder_only,P7080532f7e33,0.7223439900215304
blunder_only,P08138e69aa8d,0.6588853448629379
blunder_only,Pb8e3301b2a74,0.1518281670541248
blunder_only,Pd3caffd9ca92,-0.2498600880304972
blunder_only,P7bf9f64eb498,0.0193420650957031
blunder_only,P80156e5e9278,0.1429475279791014
blunder_only,Pedb32850fe8f,0.5294977687199467
blunder_only,Pf8cb4a31e638,-0.0334418590757109
blunder_only,P205001f79889,-0.3550397233702965
blunder_only,P712597ce3113,0.205245946728211
blunder_only,P1075eca1226f,-0.2243617457286335
blunder_only,Pd1c103d52bc5,1.0352026671171188
blunder_only,P54dee37df895,-0.5997883911643709
blunder_only,P2c8d128456e7,0.2668393514510514
blunder_only,P2dd225772fc5,0.7141842842102051
blunder_only,Pc994f2f664d0,0.9234479204243858
blunder_only,P225f9fdd0e6a,0.0915338428070147
blunder_only,P45e2654c41ae,1.268179714679718
blunder_only,P26a25e7e0acd,0.5386173983237573
blunder_only,Pee3bd2759128,0.9931578755378724
blunder_only,P8355228c7fcb,-1.0441544353961945
blunder_only,P4f3b2a2ade9e,0.6739247716621815
blunder_only,P35c3c82a1f69,0.4137530035028855
blunder_only,P8b84543fbeee,-0.4439005851745605
blunder_only,P6f46ca46d531,0.2911371488369358
blunder_only,P28e3e6213211,0.9105115657967726
blunder_only,P889b32057ba6,1.2322101684080229
blunder_only,Pa806b3be4c73,0.391837653486679
blunder_only,Pdd414ec3dd8f,0.5893552657682448
blunder_only,P307331710618,0.6259706032314021
blunder_only,Pe2016442eada,0.126150266376017
blunder_only,Pc995fb025ba5,0.0913496273569634
blunder_only,P58f22023bcff,0.7885550839476894
blunder_only,P9537bacac8c5,-0.0895085173064754
blunder_only,P6fc37d87e562,0.1998769268393516
blunder_only,Pb282962db92f,0.3184468387250133
blunder_only,Pe264503d6266,-0.9859579484909772
blunder_only,Pbb3beb1cac9c,1.4637643963098526
blunder_only,P216e7b1288e1,0.0310155829735237
blunder_only,Pb99157f4b8bf,0.4275557250019257
blunder_only,P1445b99bcfad,-0.5279146470728995
blunder_only,Pdb3b32bc391e,0.5585143028034104
blunder_only,P111b99534596,0.1538645286491373
blunder_only,P95f74d92ac2a,0.078802544808731
blunder_only,Pae9a78de2ffa,0.0145614739681106
blunder_only,P55db4aa6eaf8,0.5177704095593356
blunder_only,Pfa746ce64c80,0.4215117269575352
blunder_only,Pb692cd85f602,0.0608851545476858
blunder_only,Pf66130e25553,0.9957128654544553
blunder_only,Pd1012b6e868d,1.0530634696097037
blunder_only,P14f2f487dc0b,-0.279306038433208
blunder_only,P8b2612509c33,-0.2068561506126827
blunder_only,P1d825f43a3a3,-0.9727365001610347
blunder_only,Pc5d73fbde6ea,-0.206360446683496
blunder_only,P0c238f31683a,-0.4839859472380743
blunder_only,P1b80bf19bdca,0.4637140879817991
blunder_only,P8ea68058ffbe,0.1637933690428934
blunder_only,Pb7d4a3879687,-0.2022907537224534
blunder_only,P867c90da9263,1.656530464520412
blunder_only,P0ac289dedd59,0.1686664243343281
blunder_only,P4d1f7169908b,0.6580046417812506
blunder_only,Pfeac4f980847,0.1049406466285878
blunder_only,Pcbcc5593e6df,0.7713628709316254
blunder_only,Pc6f9586f5734,0.1331335299178248
blunder_only,P332bebac8e18,1.549287550151348
blunder_only,P22067a8a241d,0.3394778933921642
blunder_only,P0e6f3112e611,0.2653974883353863
blunder_only,Pe2afcbb05298,-0.3090469807386398
blunder_only,P079ff0325fc1,-0.1415740589300791
blunder_only,P7fd0228d850f,-0.6687138291696707
blunder_only,P398456776078,0.3659426627784783
blunder_only,P021a9419c937,0.497458051032525
blunder_only,P7a69b294a1d8,-0.723370261490345
blunder_only,Pb94d29b5ba48,0.8286562676920936
blunder_only,Pa1fd2be64f09,-0.3600890686114629
blunder_only,P1b1e4e1a700a,0.5140009634196758
blunder_only,P1dba555d1f66,-0.5414877325138414
blunder_only,P99c9bb32ef9a,0.6300659821147011
blunder_only,P904aff244930,0.2370069955948098
blunder_only,Pf9ca791a8090,0.5155088547617197
blunder_only,P6b296173349c,0.2491073248458647
blunder_only,P9fcd9df604be,0.0122743428699553
blunder_only,Pfcdf10e20bee,1.5556186225265265
blunder_only,Pf3fa16b37eac,0.6076768302979568
blunder_only,P928904033f60,-0.4137865895053965
blunder_only,P9e2c0f730ebb,-0.4482768271118402
blunder_only,P6229c5e42d78,0.3671531398872818
blunder_only,P8fb13fab2c1c,0.2817607468677397
blunder_only,Pd06d8fe40777,1.4723098278045654
blunder_only,P5fa35b0bb308,0.595189784069468
blunder_only,Pcd0aad2c1c3d,-0.0660448726857368
blunder_only,Padb9b3aa8797,0.4600168103481539
blunder_only,P67e45d150cd9,-0.5658403005928685
blunder_only,P1e0c3d99108e,0.0082053941647624
blunder_only,P034c75d45b29,1.1901640467611807
blunder_only,Ped0f26abd29e,0.5328801555062335
blunder_only,P06ecbdef1ee3,0.0888573049382282
blunder_only,P890c8932990c,0.3142211528963844
blunder_only,P2d2ef1c2f7f1,-0.4313805915189803
blunder_only,P6a5be5c326c9,0.0652761780671657
blunder_only,P58534d0c2187,0.266462180763483
blunder_only,Pbc209a18dadf,-0.9307436834161098
blunder_only,P9daeb05caeeb,1.4941877467291695
blunder_only,P38fcf457355b,-0.1550292943456793
blunder_only,P178f5e004880,-0.2476164400577545
blunder_only,P1e9bdb7247f2,-0.2345462450488972
blunder_only,P28e7b8c210d1,-1.0199267864227295
blunder_only,P3508311b6e78,-0.123375755154101
blunder_only,Pfef91071d4ed,0.0497837204498032
blunder_only,P37754fea835c,0.3616543288722687
blunder_only,Pb7d4e6c26d58,0.210335724055767
blunder_only,P1bbb8ff95e0b,-1.0708101719617844
blunder_only,P5bdec73a3f01,-4.246322154998779
blunder_only,P3d1bd549d981,0.1728019900034433
blunder_only,P2837f9753ad7,0.1652045758174998
blunder_only,P1456c6ab01ad,-0.1573366081551036
blunder_only,P31193c0c27cf,-0.4120138795050783
blunder_only,P16f208196125,0.0610444322228431
blunder_only,Pa6b19ff68657,0.1643144518148754
blunder_only,P71c9f1af475e,-0.5140684321522713
blunder_only,P2cc7050fd549,-0.468755485586546
blunder_only,Pb8343d2014d7,0.1725572772324085
blunder_only,P68b193dac78c,-0.2612201063198437
blunder_only,Pc87a1885fb98,0.552447596535676
blunder_only,P3d2b66d461ab,-2.417154960334301
blunder_only,Pff5c2a684002,0.484330278725335
blunder_only,P97b4b4e04723,-0.0098518506258072
blunder_only,P172c50f5e613,0.4922049045562744
blunder_only,P94a2cd8d175a,-0.2120228707790374
blunder_only,Pf8c0ac3e9e6c,-0.2892920134982358
blunder_only,P7da750099cf4,-0.3395485828320185
blunder_only,Pcd38fbec8ea9,2.128313389917215
blunder_only,Pcc0d6967df6c,0.5381042690222333
blunder_only,Pc11a995393bb,-0.0698774951082799
blunder_only,P1d24468ea7f9,0.1540698576718568
blunder_only,Pde6e17bda86f,1.359334895022108
blunder_only,Pf9790dde78f7,-0.0534935200569175
blunder_only,Pf92c03044fe3,0.6161125302314758
blunder_only,Pee00b5890ac2,0.578025426984915
blunder_only,Pfb9f665bed33,-0.5093936331962284
blunder_only,P96c91ad1fed1,0.0419805408673384
blunder_only,Peb3fe94eaad4,0.1845541625055006
blunder_only,Pb022d07fbd99,0.4024206697940826
blunder_only,P15afa37f2ebc,0.1338610630037156
blunder_only,Pbd0becb4cac5,-1.836903095245361
blunder_only,P6df1cc96d65e,0.7420956514393673
blunder_only,P32a8eaa50dd0,0.237958797758551
blunder_only,P6491ae94b7c6,0.5594761075693897
blunder_only,P09bc68935da9,0.2412236226598421
blunder_only,Pe24590cfe562,-0.0187328023032834
blunder_only,P565c9295d7eb,1.1755359088317217
blunder_only,Pd3960bac6e71,0.4542498871418101
blunder_only,P51984721bc08,0.6798222006857395
blunder_only,Pcd40859e8e27,-1.0589132243219543
blunder_only,Pf5f25b4ae44d,0.7396997262258083
blunder_only,Pd2b47485ad4b,-0.4387350538745522
blunder_only,Pbb4948432088,-1.217692397268755
blunder_only,P5c696c067d7f,-0.4618672281503677
blunder_only,Pfed06b88d869,0.153110714836253
blunder_only,Pc0fcac002e8d,0.3095554401477178
blunder_only,P822999f20fc6,0.2446136772632599
blunder_only,P7295311a472d,0.216672615511232
blunder_only,P751d4478859c,-0.1344609742692741
blunder_only,Pfd07b78f7339,0.0297541773430801
blunder_only,P7142eb88b2bb,0.0258717991504048
blunder_only,Pceec039d9eb1,-1.3341500304388598
blunder_only,P60cdb9820d67,0.7047070061483858
blunder_only,P2f099fbedebb,0.4817962616536846
blunder_only,P9d220b964b54,0.108341230667429
blunder_only,Pa17277850ae2,-0.1245820944507917
blunder_only,P3dd00ca43081,0.2537785533600517
blunder_only,P137b1697c45f,0.0241614995258195
blunder_only,Pf13bbf74c86c,2.372140984237194
blunder_only,P46ba1a2444e2,1.223230656432478
blunder_only,P6c5e1272152a,2.5670082569122314
blunder_only,Pac5fcb8c8867,0.4310384218891462
blunder_only,Pa9397d5b0b39,-0.0022374691471221
blunder_only,P225461ce25e5,0.8103362686000765
blunder_only,P51e6aa5b0c17,0.6380114318802953
blunder_only,P32678b377d96,0.3576013804836707
blunder_only,P37602170b203,2.928020194172859
blunder_only,Pd601613fb262,-0.2054464537650346
blunder_only,P6f4a3f955d09,-0.0597553852606903
blunder_only,P0bb6bc90fb97,0.2461316317533709
blunder_only,Pf7f2069e4c22,-0.4360971414297819
blunder_only,P6b0d0cba2ec4,0.179563250896101
blunder_only,P3b0bcdbca228,1.468623466112397
blunder_only,P2b41ed732864,0.7707223423962029
blunder_only,Pfd6126da5277,0.5718600364115677
blunder_only,Pd0ebe77f4db6,0.5415701266378165
blunder_only,P3bab8dbd43f0,1.1177858418474595
blunder_only,P15c1a4eeabd9,0.3521314535290003
blunder_only,P355572ec14cf,0.097270644623598
blunder_only,Pbf7815ea4853,-0.0583067362742174
blunder_only,P23d41273a11a,-0.3618261120282113
blunder_only,Pe25820fbeda1,0.1601284799248385
blunder_only,P4b93cc25abb8,0.5213324669748545
blunder_only,Pfc6239134547,0.3193271861597261
blunder_only,Pb9d40cc553aa,1.1515010342001917
blunder_only,Pfbdbe1ff9d68,0.6754439094228049
blunder_only,P061413032cce,0.8509585947080185
blunder_only,Pf0c5c089aa79,0.152963686734524
blunder_only,P007e0c038fe3,-0.1944735173269408
blunder_only,Pae6636c0d3cf,2.395937598124146
blunder_only,P05ba7d840501,1.1799150109291077
blunder_only,Paf94cd57e176,0.1453239740658127
blunder_only,Pba346917b2f7,1.76262345785896
blunder_only,P2bda47941594,0.497272605656525
blunder_only,Pa90545b74ff1,0.422558451023078
blunder_only,P114a94e07153,0.430308411896187
blunder_only,P6ac37905ea05,-0.0086219348703269
blunder_only,P1a42e16b838b,0.4174145981527912
blunder_only,P70f38d23779e,-0.0946811582938587
blunder_only,P926a4d5b298e,-0.1380249430247897
blunder_only,Pd92f1dd9340b,0.8759488761425018
blunder_only,P0defbf896d35,0.083205725427725
blunder_only,Pc034d9b73d47,0.6665546611223563
blunder_only,P1eb9a63eac96,0.5168810375066105
blunder_only,Pd997aa2b676a,0.4225304695638135
blunder_only,Pde1f9bbc7b60,-1.6719825658986445
blunder_only,Pfb3de794b3d9,0.3671733637650807
blunder_only,P0d89f51610ac,0.0458468279788891
blunder_only,P92cee50211b5,-0.3466416232642673
blunder_only,Pf67de0ed71ff,-0.1056977163059542
blunder_only,P2134338b6e09,0.5081384415555205
blunder_only,P3c6b7d7192a6,0.4692916468932078
blunder_only,P5670d241053b,-0.1201820176558159
blunder_only,P92f266e67912,0.3375336055962745
blunder_only,P12df0cfcbffe,-0.5038179674496254
blunder_only,P5b18a098b633,-2.4436575174331665
blunder_only,Pa264ba87365b,-0.0363673926743114
blunder_only,P2b858150cae2,-0.2049779743130997
blunder_only,P98b389669c53,1.7795627278586228
blunder_only,P353289ad06de,-0.0559846296207979
blunder_only,P44bc84ac9dfc,0.2330363717462335
blunder_only,P08ba15d92662,-0.4822000339627266
blunder_only,P4b9aa1a0b320,-0.0560011200283918
blunder_only,P58e5114cb93e,-2.362139105796814
blunder_only,Pdf4bd8732620,0.5240100888269288
blunder_only,Pab47e6ee309e,-0.0004467533435672
blunder_only,Pebf532f5fd01,0.0
blunder_only,Pd04d72594d48,0.5300206908951574
blunder_only,P40eb456da51f,-0.5689916914949814
blunder_only,P410bde0b37bb,0.8762969871362051
blunder_only,P63997ff4f0b2,0.4001031099108816
blunder_only,Pcf97a8ea9ae3,0.6771910676268091
blunder_only,Pda1cefdc519c,0.2555922330161833
blunder_only,P6612368d8cb4,-0.588073726122578
blunder_only,Pda0a5c4d988a,0.2121667158239823
blunder_only,Pca6bccbb2953,0.1365421694983744
blunder_only,P1b2036259b8f,0.906951740384102
blunder_only,P372931ab7478,0.4895016271620989
blunder_only,P06317a212f69,0.0303470243112925
blunder_only,P51a2c4e348d7,-0.0838303565979003
blunder_only,P7a4ca44c3991,0.4709306148191293
blunder_only,P21983a01453c,0.3956558250555747
blunder_only,P0d8fdfb6e33a,0.2811916905521142
blunder_only,Pd089670a8fe3,-0.2568451234574119
blunder_only,P9e0e542a71a7,0.74214253659981
blunder_only,Pdfc97f185c59,0.2370913320265028
blunder_only,P4b0c49504ccb,0.9319317580988772
blunder_only,P7157035289bc,0.3279266792039076
blunder_only,P0d5d7a35ddec,0.1283818118090996
blunder_only,P2a3ca0e7451f,-0.4174326017123854
blunder_only,Pd5e70a34e47c,0.048117041464956
blunder_only,P7cc5e8d7d469,2.1185687333345413
blunder_only,P11547704d998,0.5915119725589951
blunder_only,Pcfa7bc422279,0.1598692962257336
blunder_only,Pd16b42f1c20d,-0.5522410139512751
blunder_only,Pbadfffe777b2,0.3249366517799596
blunder_only,P00ef1261dc75,0.1395665948230596
blunder_only,P028c4c176cb2,0.6193845927715301
blunder_only,Pbe24a22a5f55,-0.6005914794902006
blunder_only,P612f692f6c1e,0.230260312748323
blunder_only,P3e4d43616bd3,0.2792047237356504
blunder_only,Pf82a1b69031c,0.2919624744974179
blunder_only,Pf17e670ae1d4,-1.164445197985818
blunder_only,P586096487c38,0.2639017015695571
blunder_only,P4d929679f55b,0.1679217173411499
blunder_only,P4f46d3a49f2f,1.3549703932884667
blunder_only,P82018f965400,-0.1793609444276965
blunder_only,Pe865e29c3563,0.4287106272395514
blunder_only,P7cf60c916c52,0.7299191506178753
blunder_only,P5308dc1516c8,-0.152392545443247
blunder_only,P62534e253752,0.5478150414770003
blunder_only,P035ca277d49b,0.6046928837895393
blunder_only,Pbb4b3708507b,0.2908520788222076
blunder_only,P81055926e709,0.4678825593243043
blunder_only,P83507d0fa81b,1.3563839321335158
blunder_only,P757b53bc35f0,0.1592543314580643
blunder_only,Pfc09a606b500,-0.3719063103199005
blunder_only,P7b6715497122,1.058419894737502
blunder_only,P1c6b5d1263fc,0.4482764986654123
blunder_only,P9bdb1cea2e92,-0.1742879251639049
blunder_only,Pb013659de46a,0.9108436405658722
blunder_only,P2765d1892ef0,-0.5760987743528353
blunder_only,P962245f61986,-0.4009193204343318
blunder_only,P6ed32f145175,-0.1781564694601234
blunder_only,P20c3ad7116d8,-0.0151433389940303
blunder_only,P6eec1334448e,-0.0799525385614761
blunder_only,Pd1155189628a,0.9406082530307882
blunder_only,P92a05cefb59f,0.4547664065092426
blunder_only,P9950cd12edf9,-0.9992330213139454
blunder_only,P9e2399ce2889,0.3880640417337417
blunder_only,Pe18234d8fddc,0.1914578624848836
blunder_only,P493da9378627,0.2185233769378219
blunder_only,P7bc176a0c8fe,0.3007988914847374
blunder_only,P7b18a67b3ba5,-0.0562152837713559
blunder_only,Pac41b389cb44,0.0238061198710717
blunder_only,P6bed0217f5eb,0.0470215733673364
blunder_only,P61d665637f05,0.8363582757421029
blunder_only,Pe2a7a99414a5,-0.6547387440999349
blunder_only,P0ba4fe1ae27c,3.337976951950363
blunder_only,Pb03ba6c2dc7a,0.1561016288719142
blunder_only,P8978ed05627e,1.281794149428606
blunder_only,P90b03966c755,0.3668286371736755
blunder_only,P6e6132a3f1d5,-0.3798092588212706
blunder_only,Pa93687338d68,-0.9611073136329652
blunder_only,Pbd422365720f,0.6453025822128569
blunder_only,P60d11c9f183f,0.4838614383694268
blunder_only,P256546948bb2,0.8514708047632569
blunder_only,P09d43eb56b6d,0.358941672842508
blunder_only,P1e8333533fdd,0.0735382224406515
blunder_only,Pfe5d57a0ab89,0.2611198425032766
blunder_only,P8c79eba1f84a,0.7749555024007957
blunder_only,P808a16e650fc,-0.3474821215263644
blunder_only,P0b70134d9d61,0.4518735319375991
blunder_only,Pbbe05e1e24fd,0.8951210886240005
blunder_only,Pe0c36dcc3246,0.8433460640177751
blunder_only,P62128d413b5e,0.6036202813188235
blunder_only,P05dc9839e572,-0.4461869960910428
blunder_only,P4d6de310c65c,-1.642507530748844
blunder_only,P3a79401f7f24,-0.3789818224807579
blunder_only,P1719c2ab0802,-0.4739153281682067
blunder_only,P63163a712cca,0.4494695764910488
blunder_only,P7a9d03af4ec1,0.3894317988293401
blunder_only,Pa466e6e44a64,0.4434442342155509
blunder_only,P4c63f0c2f422,0.6003859195007267
blunder_only,P14a4abae5cb0,0.122033519215054
blunder_only,P31d98c5e3910,1.0236880936038992
blunder_only,P47d6bfdf496a,-0.3384511702590518
blunder_only,P9862a42525a0,0.296731761351826
blunder_only,P5ace6bdc2ea4,1.6103830057063273
blunder_only,P0f4113e53784,0.0576410443091975
blunder_only,Pdebf08946c57,0.0770715707060442
blunder_only,Pdb8a8a491bab,-0.0894635952388246
blunder_only,P421e8188eb83,0.1293490524089411
blunder_only,Pca8a628ee105,-0.1534303488830725
blunder_only,P8b51234c6656,0.1343233572181176
blunder_only,Pc1103b7bf96c,0.1593618506139942
blunder_only,P44e821225147,-0.5928299576044083
blunder_only,P3cbae5415044,-1.805114209651947
blunder_only,P88b013b05135,0.5057903073850376
blunder_only,Pe3035a89a79a,-0.3695455340668559
blunder_only,P732cdbec8d3b,1.400697523355484
blunder_only,P07ff8b06bad9,-0.6618822544079387
blunder_only,P3df9bfb5ad2b,0.0268132106652372
blunder_only,P366279295424,-0.5238257646560669
blunder_only,Pad0113c2c993,1.1143997203972604
blunder_only,P946903fbc306,0.4485613385836283
blunder_only,P1973fc32ee1f,-1.0106052219867707
blunder_only,P428aae29f11f,1.12363019385789
blunder_only,P21599efad85c,-0.6970019957050682
blunder_only,Pbf2cf5b53121,0.6161844477384955
blunder_only,P486711802deb,-0.1889101415872573
blunder_only,P569b8927bf23,1.2321630223757691
blunder_only,Padb4cdaf627b,-0.1936551612137067
blunder_only,Pcfff6c21299b,0.5715326882070966
blunder_only,P12957c28476d,0.7718223153303067
blunder_only,P8bf6d4c975a4,-0.0131707436937306
blunder_only,P69e694c4c246,0.1641581246131352
blunder_only,P32ec7de06532,0.2179779662440221
blunder_only,Pb38d7511be61,0.5487211945063124
blunder_only,Peb6de96814c2,0.4449230805039406
blunder_only,Pe5dbbbe57b10,-0.1340371672388004
blunder_only,P5859476a8348,-0.2239937759004533
blunder_only,P322fa64145ea,-0.8505643531680107
blunder_only,Pcc6565ee3777,1.0568295224673216
blunder_only,Pe5a799fc99ff,0.7334385022272667
blunder_only,Pc2cdaf385803,0.6468202173709869
blunder_only,P4ec211f48ed4,0.4304189216345548
blunder_only,Pa109a6f380b8,0.4987313575757752
blunder_only,Pbe4a495489a8,-0.8227365463972092
blunder_only,P31eb79783b72,-0.129059378545841
blunder_only,P56d25ecafe1c,0.0604388551512736
blunder_only,P62eee726d317,-0.0354099807639916
blunder_only,Pa20db916995a,0.6580899224306147
blunder_only,Pef8522147c86,-0.1967606619000435
blunder_only,P4b8abebd7a40,0.4831090723306049
blunder_only,P1b4c8ca28702,0.4489558102135664
blunder_only,Pa109d116d8cc,0.5158343694679806
blunder_only,Pbd8cdc359584,0.1452988730783844
blunder_only,P104f8ddd0d22,0.2138888218794905
blunder_only,P787b50975b57,0.245204359292984
blunder_only,Pfc6b03a25c62,0.1232022868469357
blunder_only,P5334c7218405,0.8171215070411563
blunder_only,P884366b00326,0.3613168005314138
blunder_only,Pade6501642d6,0.184607004125913
blunder_only,P28f46f0e9ba6,-0.4976781294237645
blunder_only,Pc294693a0025,-0.0128182470798492
blunder_only,P32e2c47dd827,0.598920598739745
blunder_only,P659810c1c504,0.4584760122111412
blunder_only,Paa1c67e9db6a,0.5309020187620308
blunder_only,P467ae24442c6,1.32286949424694
blunder_only,P383c619217fc,0.604877456330145
blunder_only,P1d815f4565a8,0.1373905038337374
blunder_only,P053c8f38a526,0.3235565971802162
blunder_only,P932f2db10b70,0.2209615193411257
blunder_only,Pf3ef80595489,-1.0423260847240492
blunder_only,P22cbe5179f09,-0.5662128540362712
blunder_only,Pd2720784a4bc,0.4796836658341081
blunder_only,P303d514e5017,0.5981273342289659
blunder_only,P62fefc219be3,-0.1674030051065385
blunder_only,P237ed8af5bd5,0.835184230748564
blunder_only,P39851771a5a6,-0.7715536022379139
blunder_only,P1acbab79afd7,0.0469357559288089
blunder_only,P35cf495b6662,0.2795889597707154
blunder_only,Pebe6cd41b864,0.5123002487854426
blunder_only,P5839ce0262b2,-0.5925760604441166
blunder_only,Pba1156828f64,0.2080875487940086
blunder_only,P4263ee6cc3dd,-2.887602984905243
blunder_only,Pbce4d81f68e3,0.2858834638882679
blunder_only,P28a355c60a19,0.1525115335029095
blunder_only,P9a0c4541e9cf,0.5637499690055847
blunder_only,Pdef10801f497,0.711669665761292
blunder_only,P14cf666979d2,-0.5427814934934889
blunder_only,P2269b6643d89,-0.1128311040500799
blunder_only,P5f2f2b68022e,0.1714177149860741
blunder_only,P16d1bc31badc,0.8109623436249939
blunder_only,P5683cd7aa4ba,0.4644580287035705
blunder_only,Ped1c970fe0ea,-0.5730086262388663
blunder_only,Pe2aab5c5483a,0.976132970303297
blunder_only,Pa20a54aa7576,0.0090892220947676
blunder_only,Pb6cbf5b1a86d,0.3916570464415209
blunder_only,Pd3502209025f,0.3196839418193003
blunder_only,P82a55fab934d,-0.0347641076609011
blunder_only,Pfd69390d9628,1.3043619468808174
blunder_only,Pa772033f022e,0.5586552056104866
blunder_only,P11eca599de0e,-1.0452532768249512
blunder_only,P623c7527c4a5,0.3533406158288319
blunder_only,Pbf5fc72d213b,-1.4193196594715118
blunder_only,P08fd93d960ac,-0.711217612028122
blunder_only,P3acf458c9ccb,0.9298510809942168
blunder_only,P7001527d5300,0.1417378966829606
blunder_only,P9bd620cdba8b,-0.1496021538972854
blunder_only,Pd114ff292c6e,-0.6655798839198219
blunder_only,P58f3002d319f,0.4563809854563752
blunder_only,P767e166cf83c,0.5693682659604355
blunder_only,P6c1f81e1f592,1.6200411546975375
blunder_only,Pd91a5c850905,0.3613776262723401
blunder_only,P758e77f165a8,1.5792158444722495
blunder_only,Pec92e8881912,1.1064081192016602
blunder_only,P2becb29d2146,-1.1993986936229648
blunder_only,Pc19fcc82a533,-0.6948590934276581
blunder_only,P5a830a24c2e1,3.1129795188705125
blunder_only,P6a1b97a2f0e3,0.176045565555493
blunder_only,P196a40153f3d,0.085516470056717
blunder_only,P1451f805ea1d,0.1232443196532687
blunder_only,Pad5ba985253f,-0.2829522449109289
blunder_only,P2f18619546fd,-1.0678469240665436
blunder_only,P7574b44437cc,0.7511374363675714
blunder_only,P39db58697db9,-0.9810292238945312
blunder_only,Pdcc8a3ec96bc,0.3822036063422656
blunder_only,P96eb27d0f8a1,-0.0462934193866593
blunder_only,P61536d3e16a6,0.7382352274088633
blunder_only,P9948638847e8,0.3225661829439936
blunder_only,P369cdf565411,0.1998844443551207
blunder_only,Pe1fa28623165,-1.4153132758365992
blunder_only,Pce5332e14a6e,0.1318995528822912
blunder_only,Pbde0da27c4c6,0.3205675734997867
blunder_only,Pf21f2671ba98,0.5848679448551883
blunder_only,Pb9d92f259ddb,0.05645262384954
blunder_only,P3c5694994301,-0.0255326509475707
blunder_only,Pb0af87cc8f39,0.320596221567368
blunder_only,Pd1c5a718b5da,-0.5030230077025749
blunder_only,Pb295f3145ddd,0.205098973253749
blunder_only,P8235c5880bbb,0.7390302061572556
blunder_only,Pe6a569f177f2,0.3366496402149399
blunder_only,Pcb9795f12ed1,0.9362201526140174
blunder_only,Pe6108a136786,-1.8661309778690336
blunder_only,Pd0330d118154,0.1777813274058557
blunder_only,P5fae53ecbd32,-0.1360734292409486
blunder_only,P5d5492f73380,0.55240314360708
blunder_only,P81703bae20a8,1.1823527663946152
blunder_only,P672aee4caedd,0.5013745720777716
blunder_only,P17c7f78bfc2c,0.1571634356170486
blunder_only,P43e97fa95c2e,0.2629973058189664
blunder_only,Pc2126053600d,0.5842763421436151
blunder_only,Pdce1fa959c03,-0.8384441860641043
blunder_only,P09200a49c5aa,-0.6254107025315057
blunder_only,P373bfbed255f,-0.6996648598994528
blunder_only,P9e950f7be297,1.0033661603927613
blunder_only,P0fc874d33b24,-0.4014216664098516
blunder_only,P4661e620bb34,0.0228192580183861
blunder_only,P18687074444e,0.8547333642780535
blunder_only,Pf5167eb40df0,0.03919516185609
blunder_only,P7437416f10f0,0.1045117712683147
blunder_only,Pd462c37c3b47,-0.3605528674124941
blunder_only,Pcb905b0c0734,0.5947246990768084
blunder_only,P58b8667f8bbf,0.3761841633293237
blunder_only,P8deeecd4167e,0.3148439770623569
blunder_only,Pb470895c299b,0.2078764984384179
blunder_only,P1678e474c679,-0.9590435211236278
blunder_only,P3727bb2f4888,0.4452354084545126
blunder_only,Pfc696280e4ed,-0.5162659232815107
blunder_only,P1f9cc4ec4fb7,0.2024597915532582
blunder_only,P091b6d9d07e0,-1.054903820157051
blunder_only,Pcd031f0598c2,0.4216054012091778
blunder_only,Pf6460b9fd11d,0.704125724967037
blunder_only,P58ffc1e85912,1.6334229677915573
blunder_only,P2c5fd7b0d0a7,-0.7334326977531116
blunder_only,P7bb8522586a4,0.5622742064297199
blunder_only,Pbdc233a955e8,0.5140549089356232
blunder_only,Pac39537848f7,0.6500999476911018
blunder_only,Pc9ea41beee01,-0.2151005485405524
blunder_only,P6e3cadb61a68,0.2207775073711086
blunder_only,P76cbe1f70d4c,0.6059631850984362
blunder_only,P1c412d08f4e8,-0.0984143309972503
blunder_only,Pc68c0b03bcd8,-1.1859123948961496
blunder_only,P0afac44f7082,0.8353394738265446
blunder_only,P8f23b90dc66c,0.7417732620731731
blunder_only,P3ae81b4a6d87,0.1888975432658273
blunder_only,Pcc5e9d449569,0.0044809356331825
blunder_only,P60677623eb62,0.052941921482032
blunder_only,P0004aafb0d45,-0.7478839225239223
blunder_only,Pdb25ab6aea9f,0.1767798715950084
blunder_only,Pa7bf2589d074,1.2139265105128287
blunder_loss,Pbe72a47cd805,-0.1171757556084129
blunder_loss,P6e7ec3e44543,0.0610575613710615
blunder_loss,P3f74e10fa8df,-0.3824003294999011
blunder_loss,P16252c4b0340,-0.3307959247084506
blunder_loss,Pdf4a563e570c,-0.9408444611328668
blunder_loss,Pf0164f6590e5,-0.6106660787017912
blunder_loss,P640ac7c3a263,-1.030173361301422
blunder_loss,P7ceeb5109314,0.6218589729122949
blunder_loss,Pd4f04179d96b,-1.0000684236790682
blunder_loss,P357c8620b4da,-0.6786027401685715
blunder_loss,P80c3cb3dfe92,-3.03560334444046
blunder_loss,Pc5dfad8d8d78,1.4457810819149015
blunder_loss,P79740cb7aca2,-0.8064059427096729
blunder_loss,Pb57f8c2f7295,-0.4905978134761179
blunder_loss,Pe751d68b38ae,0.0862612638622522
blunder_loss,P9ef0a76219b7,-0.8833057498520033
blunder_loss,P808ff2f7e424,-0.3823279468682192
blunder_loss,P6aeca73cbacc,-0.5801213441699512
blunder_loss,P21f0ed65de62,0.5246383849328472
blunder_loss,P32fdefbc317f,-0.5120380278854142
blunder_loss,P5170311f1eaa,1.1772684901952744
blunder_loss,Pdf1fa8e4fdd3,-1.0027603419187168
blunder_loss,Pf8d50054bcbb,-0.6710278263181333
blunder_loss,P3c96937dcfe5,-0.9909726764474596
blunder_loss,P3856f21e5a03,-1.999425944685936
blunder_loss,Peb4d1f3b1244,-1.4096426283940673
blunder_loss,P24f1a9e15ff0,-0.9286348549658976
blunder_loss,Pd16d33a96281,-0.620611344409045
blunder_loss,P46ae7bcf25f9,-0.3228429559328415
blunder_loss,P6369f5601c20,-1.1258838858801397
blunder_loss,P56d1181fd9b7,-0.2559036836362343
blunder_loss,P637875ff252e,0.1018123943162591
blunder_loss,P35d7e5143089,-0.5716570487452878
blunder_loss,P761345d40b36,-0.1979909837245941
blunder_loss,Pc685a8091d57,0.2015323860941091
blunder_loss,P9ad29508a988,0.205342826805103
blunder_loss,Pb07ecb2e2f47,-0.1849958652560839
blunder_loss,Pad075e52eb50,-0.1771511451403299
blunder_loss,P8709f38fde8e,-0.6634057491396864
blunder_loss,P1ad93b7d1ea4,-0.4982647003295521
blunder_loss,Pe24c8f373aef,-2.1406613830477
blunder_loss,P69cc4d74b892,-0.3220969458421071
blunder_loss,P3ba250b7becd,-0.3577423912768635
blunder_loss,P3ad770aa9562,-0.7491574846208096
blunder_loss,P18c76a73c472,0.4615260115037575
blunder_loss,P6ec1ea8536e2,-0.4165551436020964
blunder_loss,P7a40a70d1a92,-0.4279980798482254
blunder_loss,P4b85bb25d3c5,-1.332021266222
blunder_loss,P5bfd437d734d,-0.2615015903890825
blunder_loss,P4dbfb8db5fdd,-1.9265010096132755
blunder_loss,P944d4ddc0490,-0.2474478575707082
blunder_loss,P032e96e7efcf,-0.4864142605179992
blunder_loss,Pa89e6f90f04b,-0.7945960362752279
blunder_loss,P5e97ca2ef6ac,1.346780814230442
blunder_loss,P2c57705287a6,0.7939125150442123
blunder_loss,P29b43dc8dcb2,-0.1323868066072464
blunder_loss,Pcb0f2d125c80,0.8095004884526134
blunder_loss,Pf6f9d91ea1c6,0.7718058470636606
blunder_loss,Pb166b514227b,0.0307603596425208
blunder_loss,Pf64c374f9908,-0.4585774119926351
blunder_loss,P020d045b2d29,-0.5117040325725434
blunder_loss,P6e5409dbc16b,-0.17192929937984
blunder_loss,P6f67e6825351,0.4139191928762867
blunder_loss,P226824d750da,-0.6188739825842148
blunder_loss,P60398848123f,-0.7156761777069834
blunder_loss,P189a9ecb4255,0.5349070091077703
blunder_loss,P53dcac5d90a5,-0.0332240422489121
blunder_loss,P93a2ef3ea512,-0.7514671549201012
blunder_loss,P479bfcf62817,-0.8693487904329076
blunder_loss,Pbc1e2d7e0520,-0.5174492817143114
blunder_loss,P731183f39ebc,-0.9865785203874112
blunder_loss,P7f8b8631a89e,-0.6919090968059434
blunder_loss,P13f506afacca,-0.6508794250593327
blunder_loss,P8767694d6aaf,-0.662772327558034
blunder_loss,P69d3efd9978e,-0.925569122346739
blunder_loss,Pc1977d1e29de,-0.0339329219781435
blunder_loss,P8dd940e60881,0.0631827063858509
blunder_loss,Pa6e95a21ff4b,-1.7823251667949886
blunder_loss,Pdb04de3ce84c,-0.3680524826049804
blunder_loss,Pf0c8171c88da,0.7500928550958633
blunder_loss,P03c7d0f9eda4,-0.3364787202135271
blunder_loss,P7dc25f342b94,-0.5853958243418993
blunder_loss,P68c2ae730f3d,-0.4173752526393415
blunder_loss,P20648019b88c,-0.5007410273297379
blunder_loss,P299d80b66c8e,-0.4193944833745118
blunder_loss,P97a282075968,-0.3546433576515743
blunder_loss,Pf82654bbe8fb,-0.8481997716865965
blunder_loss,P65d3b238a997,0.809014767408371
blunder_loss,Pb75dedaf4b70,0.7668407267580429
blunder_loss,P486d615ff110,1.076651919971813
blunder_loss,P1ed20e11d356,0.9501870699027032
blunder_loss,P88315a70917e,-0.5913090147078037
blunder_loss,P80ebb59bcbd5,0.0613283649660073
blunder_loss,P5a79920da9e5,-0.9392251256868124
blunder_loss,P8b56994792f6,-0.6739324450089689
blunder_loss,P94fc1280c7d1,-0.4402638426816309
blunder_loss,P19afdd17bd14,-0.6350004472858578
blunder_loss,Pa6e509aff4d3,-0.2481719952904516
blunder_loss,P8ef9a5322e76,-0.3985441757897188
blunder_loss,P7e0237d267e6,-1.0452928808866355
blunder_loss,P2fe95bb1f4a8,1.059582030788685
blunder_loss,Pabbd39e4fe8b,-1.6939730842908225
blunder_loss,P8d2273ec0b6f,-0.1131032452934445
blunder_loss,Pa05f276f3cd4,-1.2639359571039677
blunder_loss,P1ec8abecaec1,-1.5364815639331937
blunder_loss,Pd59ab1de8638,1.3929593712091446
blunder_loss,P24e5c792711c,-0.2307367711155016
blunder_loss,P0706e66997b7,-0.6454856601443744
blunder_loss,Peec55f876b8f,-0.2098328110660581
blunder_loss,P146605f0ea26,-0.5487345952380198
blunder_loss,P5442f1a55c4a,-0.290818819490124
blunder_loss,Pa7c821601892,-0.4946315607630097
blunder_loss,Pfe8630c6b440,-0.6686855399723416
blunder_loss,Pe82b9423af5e,-0.0228874053132149
blunder_loss,P5dca97ec37b7,-1.175844253255771
blunder_loss,P4d07709f31f2,0.0176382105549176
blunder_loss,P15dbec66d04e,0.1978399796145303
blunder_loss,P949ab403cb5d,-0.6204841665981221
blunder_loss,P71077d522208,-0.2139380440348759
blunder_loss,P6fd836f3854c,-1.3857303738616145
blunder_loss,Pfe7258c9a451,-2.6901612877845764
blunder_loss,Pe93a9845ac63,-1.22902813990124
blunder_loss,P2b5fc9244074,-0.7149140493437929
blunder_loss,P7b6ca35a6cb2,-1.6204040069665229
blunder_loss,P5517c43a5911,-0.5858936957470237
blunder_loss,P0aaff4134994,-0.623560629482381
blunder_loss,P51362a561304,-0.0942235297833879
blunder_loss,Pb56d02e8c6a1,-0.6882946646616572
blunder_loss,Pa738485ebf71,-0.5428154321256932
blunder_loss,P5955adac7bf4,-1.7442964331379958
blunder_loss,Peceef7adcd08,-1.6269628504912057
blunder_loss,P79485c69beb3,0.6935237248738607
blunder_loss,Pf34dcec39c5a,-0.2831836801869972
blunder_loss,P5a4048c65adc,-0.0029113209299532
blunder_loss,P5118f584a380,-0.1778790298849344
blunder_loss,Pf03906647f03,-0.7680292115069192
blunder_loss,P84e1b47d0a63,-0.7031705411286027
blunder_loss,Pf2c1be17b629,-0.3502267052027864
blunder_loss,Pa45d5e8649eb,-0.0831938710415103
blunder_loss,P705497492e21,-1.3803947992208931
blunder_loss,P6dd361828576,-0.3934974799464856
blunder_loss,Pcc90011a29b7,-0.4903028012031959
blunder_loss,P84c61359e92a,-0.8951605234342891
blunder_loss,Pc67d14c06dee,-0.5403640158411797
blunder_loss,P08afb3226d56,-0.8602737821638584
blunder_loss,P0920a7bb6933,-0.4501388602139757
blunder_loss,P33ea367c012d,0.1719724276014382
blunder_loss,P4d0ac649e8f0,-1.3881226679659449
blunder_loss,P3366f0b49d89,-0.2985337402309394
blunder_loss,P6c9bf6eff1a6,-0.4303255716446678
blunder_loss,Pddd8f6353e78,-0.5753477498888969
blunder_loss,P17e8f927c54f,-1.349037793278694
blunder_loss,P2800ff0c6814,-0.5789550936581184
blunder_loss,Pe22a266c05a6,0.0195814654852682
blunder_loss,P981bb560d1da,-0.7917642334853733
blunder_loss,P4c2ace031544,-0.5108731197459356
blunder_loss,P6b0fc3b073ed,-0.6380706372959569
blunder_loss,P31196137f666,-0.1581311288914293
blunder_loss,P4824e2caf580,-2.1489700958132745
blunder_loss,P85388dd96aed,-0.5354768703745904
blunder_loss,Pcedbf7abf37c,-0.1264335985958111
blunder_loss,Pff6d282fb213,-0.7752120494842529
blunder_loss,Pbf16156479df,0.5447709619807891
blunder_loss,P4a512fde5567,0.186466898721163
blunder_loss,P38066a33f2a8,-0.222967300435287
blunder_loss,Pf777765657ed,-0.5613402328232214
blunder_loss,P2df25f26b907,-0.1192583987208736
blunder_loss,Pc4d34dbe5f97,-0.3681766332561885
blunder_loss,Pa059c1baf7f8,-0.5882078233737531
blunder_loss,P41a88a367bd4,-0.9731786312027412
blunder_loss,P75e4b5a07266,-0.4401348796267502
blunder_loss,P32812146d5f1,-0.8704993113470257
blunder_loss,P6e4a1ead79e1,-0.8808003785243879
blunder_loss,P9d674ba6fce8,-0.3488580121942946
blunder_loss,Pad1f2e592b77,-0.2677868916491313
blunder_loss,P0ca13d70505a,-0.9158955858173696
blunder_loss,P0c89efc4841f,-0.3279659406592449
blunder_loss,P87790f42f4cd,0.1799786952279863
blunder_loss,P8833d33005d4,-0.4064650903599194
blunder_loss,P390a9ec617b3,-0.2052112345894178
blunder_loss,P179e6d4d934f,-0.4313718230061917
blunder_loss,P8022f569a027,-0.2559366665609007
blunder_loss,Pe7ad5f4bc0d5,-1.0545784905552864
blunder_loss,P94837a493e32,-0.7986424026773696
blunder_loss,Pf250a036584a,-0.1294421558196728
blunder_loss,P29994f43b636,0.5236517503120931
blunder_loss,Pacc5dffa2bfc,-1.268434515362934
blunder_loss,P6d5ea20cf22e,-1.1621287409666776
blunder_loss,P25c61826849a,-0.4399979107002628
blunder_loss,P5c37b0b77acc,-0.8325700881053703
blunder_loss,Pa5bf357d2ad1,-0.4810816021514862
blunder_loss,P887dfacffbd2,-0.2079530140812988
blunder_loss,P4a77cbacaa7e,-1.7147099524736404
blunder_loss,P675b5e5ad822,-0.9482190608978271
blunder_loss,P04596f92c107,-0.4423558502044704
blunder_loss,P16ab00005e3d,1.1984241583695014
blunder_loss,Pc7477371d432,-0.2958079257281497
blunder_loss,P963547952446,0.4839572354168113
blunder_loss,P4cf7750f49df,-1.0110878325584862
blunder_loss,Pfcac2304ba91,-0.246005314699788
blunder_loss,P5ae46afb53da,1.220103392874201
blunder_loss,P6ed748b19f22,-0.3055044041410867
blunder_loss,P8faff0b9d0e3,-0.2050614375083329
blunder_loss,Pb8c0fe19a527,0.3703393145508709
blunder_loss,P7af5262d120b,-0.9107680535978742
blunder_loss,P9e61558ab22f,-0.7953835860309266
blunder_loss,Pef5d8288dac1,-0.2717410233480478
blunder_loss,Pa7caf0d81f73,0.3289654473774135
blunder_loss,Pe6ce9838e2d1,-0.6073248924066623
blunder_loss,P9ed05f881105,-0.5869610859912175
blunder_loss,Pc129451ec554,-0.4877521809524157
blunder_loss,Pd68d1b5639b6,-1.094560753107847
blunder_loss,Pd977886e6944,-0.2292110829872754
blunder_loss,P7df74892aee7,-1.3281615898013115
blunder_loss,P0cb68b8ac8f7,-0.1415855035185814
blunder_loss,P8c0abbe34bb7,-0.1268383289376894
blunder_loss,Peeee7d5cb4cc,-0.4776905953809355
blunder_loss,P67df7cd61e50,-1.96659123711288
blunder_loss,Pa62c8dd48ec8,-0.1822088215961954
blunder_loss,Pcf16b8ed956f,-0.2461918013178287
blunder_loss,P6ced7315bcbc,0.3261194629862896
blunder_loss,P680447799386,0.2981428549225841
blunder_loss,P2e6b646a1111,-0.5245877997506232
blunder_loss,P6b273fe3b952,0.0021720056732495
blunder_loss,P5a7a96d913bc,-0.443634032052389
blunder_loss,Pd140429d1f25,-0.2345911972311129
blunder_loss,P697107c617a0,-0.0222481349517708
blunder_loss,Pc8a6345204ed,-0.3241521005829175
blunder_loss,P2d61f4501c29,0.372346743941307
blunder_loss,Pe546d0a6b949,-0.0275179607966049
blunder_loss,Pe1d4a2d4e9ee,-0.1646924167871475
blunder_loss,P6cfd7ad9cf26,-0.6354340244084596
blunder_loss,P4b7c8b26c12a,-0.1754426854652884
blunder_loss,P4d06bcbba206,-0.0333898723705872
blunder_loss,Pa95280772800,-0.7054049931466579
blunder_loss,P9f6deb280794,-1.076216426491737
blunder_loss,P2e8d14f1d046,-1.3311276867985724
blunder_loss,P10ddb73a7957,-1.4021820574998856
blunder_loss,Pefde9497b988,-0.6238862819647909
blunder_loss,P89bab269c22e,-0.103071842102393
blunder_loss,P68252a167e1d,-1.4681215777993202
blunder_loss,P8ee0e6409bc6,-0.2773458030488755
blunder_loss,Pc17102d70bee,-0.5001536123454571
blunder_loss,P79a11fa08842,-0.5758837896088759
blunder_loss,P913db41b64fd,0.1933179534971714
blunder_loss,Pe33b47077ce9,-0.1571994465005772
blunder_loss,P866b0e558f0a,-0.3163549455947668
blunder_loss,Pb4e52068af80,-0.8791488406445362
blunder_loss,P646d9939b571,-0.3272322506478417
blunder_loss,P65e866d0f350,-0.3901415195129811
blunder_loss,P913de9c8bf96,-1.0381858929282142
blunder_loss,P276544655dac,-0.3128400985151529
blunder_loss,P1948d2db0bf8,-0.9952051762827776
blunder_loss,P44f4e1e90c32,-0.4152455904115546
blunder_loss,Ped167844fa08,0.6345955703929427
blunder_loss,Pb6e936f24f64,-0.8142206560677706
blunder_loss,P970818f47edc,-0.1150851453188806
blunder_loss,Pd4622ca7df7e,-0.0772280059754848
blunder_loss,P07bf6597b045,0.3489971756935119
blunder_loss,Pea9b940eb005,-1.4228228274732828
blunder_loss,P595fdb8013d7,-0.0985832466019524
blunder_loss,Pec2b8eabe3df,-0.5250367825851786
blunder_loss,Pa3d40a2257e4,-1.0993584096431732
blunder_loss,P5926cb13772f,-0.982252003131656
blunder_loss,Pced916db13e7,0.2625146744857457
blunder_loss,P748bc7728bbe,-0.2841796083500439
blunder_loss,P957ab32c130e,0.5356205651368429
blunder_loss,Paeaa7e4d578f,0.647292466330897
blunder_loss,Pa486a3de262a,-1.3273787304759026
blunder_loss,P4e8ffc42d56c,-0.7577907104406393
blunder_loss,P5700df5a48da,-0.475716063766946
blunder_loss,Pb20684bb51c6,0.0809202458515452
blunder_loss,P99c792acfa03,-0.6143201876914611
blunder_loss,P60c8aa949bf4,-0.932198797383656
blunder_loss,Pcb80720688df,0.529933574092057
blunder_loss,P0fc00ad13e16,-0.4170744557660483
blunder_loss,Pf5d2f1941afe,-0.5465540466500879
blunder_loss,P0b42ab8da1f8,-0.5478472849346975
blunder_loss,Pb3882cdff342,-1.0500835189352964
blunder_loss,P7996dac81c49,0.7915948373930796
blunder_loss,P69439e47fcc5,-0.0213636300164468
blunder_loss,Pa382e0ac5b93,1.34900963306427
blunder_loss,Pee45f126337e,-0.3272475578023919
blunder_loss,Pbfd8094246a0,-1.0773867750540376
blunder_loss,P384b70de40da,-1.80476421614488
blunder_loss,Pcd18e5f98073,-0.10462907354609
blunder_loss,P964459c18aaa,1.0495838059026097
blunder_loss,P82b5601952d7,-0.3342365833294921
blunder_loss,P2325dc766b16,-1.5839612364401052
blunder_loss,P6ec1ad7ae3b9,-0.4919210154977109
blunder_loss,Pe2eae2032600,-0.6327375677805628
blunder_loss,P030b8057a235,-1.8393301886722064
blunder_loss,P0b4bb742298b,-0.9922269690195444
blunder_loss,P889277403087,-0.3589766934233853
blunder_loss,P3148aff7a6f8,-0.1954718944971427
blunder_loss,P13cb22f228b6,-0.5418282783279817
blunder_loss,Pef6060692ad1,-0.8786735275126127
blunder_loss,Pea7f787b9e8c,-1.510401502251625
blunder_loss,Pdcd2f5778d32,-1.054980373196304
blunder_loss,P6b2001e1e010,-2.078453429043293
blunder_loss,Pbe588895a303,0.1801750348307765
blunder_loss,Pe1de99502951,-1.1465624883770942
blunder_loss,P7cecebfbdfe3,-0.6379491588777028
blunder_loss,P35f19d5aedc2,0.0127976675828297
blunder_loss,P6c8566b31052,1.1497886388873062
blunder_loss,P5289c201b56e,0.0040000970484245
blunder_loss,P63be227d2e31,-0.4140652768950791
blunder_loss,Pb69960767e8a,-0.9244392395019532
blunder_loss,P3dec839cf94c,-0.5267814177480297
blunder_loss,P7eb058196e55,-0.872777222440793
blunder_loss,P7622f9e5734b,-0.9947812408208848
blunder_loss,P79640761b2bb,-0.8180243259295289
blunder_loss,P62900b0c2135,-0.3395700243430627
blunder_loss,P1d01516359fd,-0.1178714744746685
blunder_loss,Pe3847cd42b14,0.5103504627089327
blunder_loss,P397de6b35297,-0.2773284260183573
blunder_loss,P57e09986ea29,-0.2792274181678509
blunder_loss,Pea8c6238f3ee,-0.9970809244397456
blunder_loss,P5dc43ff2450f,-0.5545003432780504
blunder_loss,Paa888da580c1,-0.3522524585326513
blunder_loss,Pf11997b2fe71,-0.4839612359594564
blunder_loss,P5601a22513db,-0.5649957358837128
blunder_loss,Pd8d403d4d0eb,0.1119082963466644
blunder_loss,Pe8605a5b09a3,-0.0817754094672007
blunder_loss,Pfe818d853594,-0.2535008222385713
blunder_loss,P9198b769cb85,2.202227427459815
blunder_loss,P9e4707f0e8c9,-1.5196809048453963
blunder_loss,P3f9c6591652b,-0.9362537691538984
blunder_loss,Pd9f1857ee3dc,-0.1659934846552634
blunder_loss,Pc4ea98dfad73,0.0935862277012335
blunder_loss,P2efa7bf19c4c,-0.2617508646014515
blunder_loss,P2a1bda42dd77,0.4407390058040619
blunder_loss,Pc42bb1f7a49d,1.0440740291443136
blunder_loss,Pa37ed643ad43,-0.3699624454602599
blunder_loss,Pd32a8ff695ce,-1.26014538726532
blunder_loss,Pef13168fd0a3,-0.2033408256883664
blunder_loss,P9bd6b7ee4879,-0.5536384192842968
blunder_loss,P1864f4635c75,-0.6607949547281134
blunder_loss,Pe64319ebe70a,-1.455697315334178
blunder_loss,P6c3e88934f8d,0.9632011439119066
blunder_loss,P44940e9c789a,0.1458808969240635
blunder_loss,P025eccee970c,1.9291699528694155
blunder_loss,Pf578f4869b96,-0.2458649646076891
blunder_loss,Pa177fdfac7e3,-0.5958539253241076
blunder_loss,Pfefb95c39ced,-0.4160168170928955
blunder_loss,Ped13af22a163,-0.6959415003657341
blunder_loss,Pb3703e7a1c65,-0.4549436887222147
blunder_loss,P5ce4ee31412a,-0.4471071569455994
blunder_loss,P4d928615351b,-0.5090577701727549
blunder_loss,P3b50aeb0b4ca,-0.1649364688330226
blunder_loss,Pb885085cf84c,-3.3090449571609497
blunder_loss,P60bb50066808,-0.1149694844101267
blunder_loss,P4e02bb04d48d,-0.1289168254586744
blunder_loss,Pdca3955a0072,-1.6009987528280667
blunder_loss,P251f22e36231,-0.9104137751632012
blunder_loss,P6e40b44d1789,-0.1037018670373027
blunder_loss,P96cb5e112e0b,-0.5172939615875948
blunder_loss,Pf2003c93cd85,-0.3514365540152992
blunder_loss,Pb03855bf283d,-0.7198517070946611
blunder_loss,P6f1473622c07,-0.8520476117916654
blunder_loss,P8d076a8d72b1,0.2586288237944245
blunder_loss,P52f4a37f0261,-0.7761133962621292
blunder_loss,Pfa835a658a44,0.8023781515657902
blunder_loss,P0fa7022d140c,-0.3343841905395189
blunder_loss,P78a5e3a42f70,-2.298222742974758
blunder_loss,Pe82d6329da71,0.6189190021583012
blunder_loss,Pc3bafd638992,-0.0033825340680778
blunder_loss,Pca135a0baeb3,0.192247293409374
blunder_loss,P2f8ff0abe71a,0.2841090025587214
blunder_loss,P77176d3120e0,-0.4962889035467259
blunder_loss,Pe269cfe1cffa,-0.6538389453932029
blunder_loss,P1109c3e0bb38,-1.2668815553188324
blunder_loss,P74446dda01cb,-0.1234823497951958
blunder_loss,P1ebb8a2847bb,-0.0337792188638732
blunder_loss,P4a45ed7d876e,0.2496606075101429
blunder_loss,P50894c60dfa6,-0.7553093915941458
blunder_loss,P1a9f08b93205,0.6090543928245703
blunder_loss,P689b9b11cfc5,-1.643254415483347
blunder_loss,P35c7595d1120,-0.3835401153122937
blunder_loss,P7eb1d07029f6,0.1259121079658923
blunder_loss,Pe19a713f8563,0.1746299117803573
blunder_loss,P96c8b6ca0244,-1.3176444669564564
blunder_loss,P7c822b4856ba,-0.3912547494054865
blunder_loss,P83b83df8cb45,-0.0741895455867052
blunder_loss,Pc1ea2532444c,0.3610057753860345
blunder_loss,Pfccd9723ce7a,-0.9708391936503018
blunder_loss,Pdb53dda2099e,-0.4906068246484848
blunder_loss,Pf1ea68735def,-1.8395590633153915
blunder_loss,Pcd68d066ef3d,-1.011300563812256
blunder_loss,Pa832bd71390a,-0.2945505750014381
blunder_loss,P08be79fd917a,-0.2711000872439332
blunder_loss,P8cdf692dc6ba,-1.9449281468987465
blunder_loss,P2641864564f8,0.4322707056999206
blunder_loss,P8630511a49e3,0.2217509252950549
blunder_loss,P839ead64b3e9,0.8203467842605378
blunder_loss,P3a0d8b676817,-1.6828643083572388
blunder_loss,Pba14d6bd7ec2,-0.7656471174032915
blunder_loss,P5354e7500238,-1.0373291752766818
blunder_loss,Pe3b47fe67aab,0.0345658532639462
blunder_loss,P61aaa45df345,0.4511964451860297
blunder_loss,P5e8f10cd30ca,-0.4382941736175871
blunder_loss,Pb8ab8b0dd803,-0.7580932487141002
blunder_loss,P942fadd32c1b,-1.5939141437411308
blunder_loss,Pf90bd0f82de9,-0.8095272093017897
blunder_loss,P1d9ac7888460,1.843559443950653
blunder_loss,P5b4fd675fe36,0.2117117643356323
blunder_loss,P5efe71a957dc,-0.2258642687015299
blunder_loss,P32e761b84890,-0.3127822700140164
blunder_loss,Pd5e9c8e9135d,-0.7024709196253256
blunder_loss,P2cb8187bf432,-0.3317217863941307
blunder_loss,P41e6d43a9bbd,-1.6251180529594422
blunder_loss,Pac0ce376e42c,-0.1057002395391464
blunder_loss,Pa830645198fa,-0.2964935016272274
blunder_loss,P006613cc1c5d,-0.2729045558744657
blunder_loss,P06d1faf623ae,-0.790660304311431
blunder_loss,P1a64cf175ab2,-0.5805178472244257
blunder_loss,Pe87601cfee8c,-0.3873820394869143
blunder_loss,P95f860778e94,-0.4143734684207097
blunder_loss,P672893cd84c6,-0.4313573543750681
blunder_loss,P77f1bdcb067f,-1.055598795413971
blunder_loss,Pea0c277ea9c5,-0.9174572601914406
blunder_loss,Ped68dbd8a223,-0.5214315802958054
blunder_loss,P94c7cbad5490,-0.0013669183211666
blunder_loss,Pc69e2e623526,-0.0703664992556528
blunder_loss,Pfa038e8e8df6,0.0117774163509773
blunder_loss,P3f27cc7f69ae,-0.8649174337585768
blunder_loss,P15ccbe4a90f7,-0.0262446116028085
blunder_loss,Pa300ce6c6e88,-0.3859150046718317
blunder_loss,Pd863302b0ed0,-0.3843105028437628
blunder_loss,P57d1e3179b04,0.2464508745348018
blunder_loss,P0e71a980a95d,-0.9214399171372256
blunder_loss,Pd5a1258f2ab9,-1.1244151620528635
blunder_loss,P0eb19f9e091f,-0.7174369865119316
blunder_loss,P6550996e15e8,-0.2040829448327573
blunder_loss,P40ed172afa8b,-0.4234364933845471
blunder_loss,P6edc9343fa80,-0.3849018772006953
blunder_loss,Pe4e656b299a1,-0.3329419630439384
blunder_loss,Pb97d2c45a71b,0.0656491035098711
blunder_loss,Pa4a1d7c07b82,-0.4998177289210424
blunder_loss,P5ddd4b25d01f,-1.0851677827548027
blunder_loss,Pdb224ff8c48c,-1.0537421082456906
blunder_loss,P0ee66488bab5,0.6408664644695818
blunder_loss,Pd69d37a29e0d,-0.0315483465480307
blunder_loss,Pa88b3ca70580,-0.1829432563649283
blunder_loss,P694d06d912d1,-0.969923809170723
blunder_loss,Pd4d9a2c162d6,0.6362542424883161
blunder_loss,Pf341d5089ace,-0.1454201614357554
blunder_loss,P4d925953bb41,-1.7767216563224792
blunder_loss,Pd90d727f85d1,0.9372416138648988
blunder_loss,Pb9a32e34c839,-0.6003229742890986
blunder_loss,Pef1f4fe04fe0,-0.1083019112369843
blunder_loss,Pd9ceefc38abb,-1.9712369069457052
blunder_loss,P8b8272896994,-0.8299054676969337
blunder_loss,P5a1dfb3f3409,-0.1897723972883128
blunder_loss,Pf17b54a13f0f,-0.1561878219391588
blunder_loss,P747db736eee1,-0.3752398816635832
blunder_loss,Pa7632a5f9bf7,-0.6525234873096148
blunder_loss,P9862d62dd62c,-0.4625593683525146
blunder_loss,P71f2ac2740ee,0.2560840231452397
blunder_loss,Pe50aef5f0820,0.0294933944193605
blunder_loss,P0d2ecf6af208,-0.6541465384699435
blunder_loss,P79bf9a9403af,-0.6206713071770193
blunder_loss,P2d42113d7cb3,-0.8011306766420603
blunder_loss,Paf440d3e23bd,-0.3888988036779719
blunder_loss,Pbd11dc7e99e9,-0.4896530352980353
blunder_loss,P0bb65e4f4af2,-0.4066500296256546
blunder_loss,Pd8362d4e7d8d,-0.5379871337832028
blunder_loss,Pd1a9475780ba,-0.6458369759576661
blunder_loss,P5aa41dd7d0e2,-0.9829663735681348
blunder_loss,Pdba5a8ce254a,-0.2950652555909953
blunder_loss,P68b4e16c286f,-0.7053186210493247
blunder_loss,Pc9f399bd07da,-0.7928701445790212
blunder_loss,Pedcfec59c58d,-0.5681786946952343
blunder_loss,Pbb3e67841c3e,-0.1357930970985558
blunder_loss,Pf141ee433e09,-1.6410930752754211
blunder_loss,P0ae65767dae9,-0.3312885115004104
blunder_loss,P445a250ef11a,0.7406936722497145
blunder_loss,P4597e1a44e62,0.01568843501432
blunder_loss,Pa2175078daaa,0.1985702349804342
blunder_loss,P7f5c5d635e83,0.2667062308173626
blunder_loss,P7881a7ad15af,0.4025487313047051
blunder_loss,P3bcc92c79e07,-0.9107204154133796
blunder_loss,Pf8725e6290c2,-0.0460757486236439
blunder_loss,P676923fb990d,-0.6192199319601059
blunder_loss,P80eb980ade35,-0.1830993499067104
blunder_loss,Pd8fd63034d52,-0.4434419065340383
blunder_loss,P9d37fd595831,-0.9801541473716496
blunder_loss,Pe3d6e31a0287,-0.7784966186469117
blunder_loss,P7f0ade4d9056,0.5448375627398491
blunder_loss,P393ca4a66450,-0.4369423304154737
blunder_loss,Pc9eb3db6f781,0.2644463037953726
blunder_loss,P57c10be739e4,-0.8553314208984375
blunder_loss,P89e0201d3c7f,-0.998327628697283
blunder_loss,P8fba9eb1a05f,-0.3561549801379442
blunder_loss,P391fd7373707,-0.1001328142980734
blunder_loss,Pe81cc403f552,-0.0807237105908128
blunder_loss,P7d529f6e5e0d,-1.128736396503622
blunder_loss,P4cdda8e2d8ce,-1.417566798603043
blunder_loss,P749e6d6d6f62,-0.6595727649602023
blunder_loss,Pa1ba6643e866,-0.3607360069249776
blunder_loss,P0f077f787fbb,0.1682396006666951
blunder_loss,P0b6b0a7033dc,1.392046581953764
blunder_loss,Pe94df10a1cc9,0.1633252639608043
blunder_loss,P9520a7f890e7,-0.5235245179065435
blunder_loss,P0bd9a1cf3b83,0.7096388988913251
blunder_loss,Pd67bc7eaf014,-0.5658033684674922
blunder_loss,Pf00b1fa1a24d,-0.3496426140604069
blunder_loss,P4e1cb5a7b525,-0.7153618521913133
blunder_loss,P90687339cb32,-0.7594386714243391
blunder_loss,P151c21e08acb,-0.5149299548324324
blunder_loss,Pc410155d550e,-0.9748276200145484
blunder_loss,P9b8b3584cdf0,0.0272706038626059
blunder_loss,P3d88149855e2,-0.768947203389623
blunder_loss,Pe06673761d91,0.1595786846495786
blunder_loss,P2eb7b761b727,-0.890115904311339
blunder_loss,Pa255c5e73774,-0.6425912223342393
blunder_loss,P85371637b966,-0.039305007815748
blunder_loss,P49bd8e96441c,-0.457355104221238
blunder_loss,P69a6e77d9e6b,-0.7629738220117158
blunder_loss,P16e21c8b828f,-0.1113404250283744
blunder_loss,P0bc267001ac8,0.79706949027766
blunder_loss,P67cead42e0f6,-0.066839896970325
blunder_loss,P7af62af3fc2a,-0.5201156607405141
blunder_loss,P6e51c9211e79,-0.4846137005558416
blunder_loss,Pae4a0350f826,-0.0202697901802602
blunder_loss,P9ecd828bfa22,-1.177405669741669
blunder_loss,P812600e1492a,0.2740346266359467
blunder_loss,Pa26e33765725,-0.9971470184003314
blunder_loss,P8f98106e984b,-1.3811655047660072
blunder_loss,P8c8777a71ce2,1.1427448019385338
blunder_loss,P6d21545a82a4,-0.4870299559447174
blunder_loss,Pe5d1556385fa,-2.164356827735901
blunder_loss,P6969389e75f2,0.034411482053918
blunder_loss,P5abc32817105,-0.2161396826659128
blunder_loss,P04c60e3a9370,0.0392539920549306
blunder_loss,P77a9b00b12e8,-1.3083263957186748
blunder_loss,P555125c62407,0.3648218518173171
blunder_loss,Pce90bef09fea,-0.4878496924598915
blunder_loss,Pe442f251368b,-1.1910438356852089
blunder_loss,Pd4c72b597d93,-0.1451353514567017
blunder_loss,Pc1091a1ae3bb,-0.4999994920031775
blunder_loss,Pbc434d988b27,-0.4905092587960618
blunder_loss,P750100219982,-1.186935612000525
blunder_loss,Pf341138fbda1,-0.6992804956380844
blunder_loss,Pf9c5c3399d53,-0.1922975013324181
blunder_loss,P937099897be9,-0.3756095247030791
blunder_loss,P630fba092798,-0.194537503272295
blunder_loss,P37dd992e97da,0.1578134459753831
blunder_loss,Pc33052d98e22,-1.2129877989348912
blunder_loss,P26ef37abf8e0,-0.8906814653746551
blunder_loss,P48e1662149c6,-0.4167433297685418
blunder_loss,Pf478e1745e7b,0.8104596017963357
blunder_loss,P7837c0b5f361,-0.8295447096051124
blunder_loss,P926bc474828f,-0.1878706301854115
blunder_loss,P527269f06c14,-0.1395029778991427
blunder_loss,P6c7b67b4f90a,-1.0724777559794132
blunder_loss,Pecdd14a6a45b,-0.2457547618717861
blunder_loss,P3af30305a642,-0.5416779238730669
blunder_loss,Pedb5159d05e1,-0.0774404266122811
blunder_loss,Pc2d6d3ed3d34,-0.1186675438766667
blunder_loss,Pbd19c8fdde12,0.1016509860754013
blunder_loss,Pd88ae03d1751,-0.3787592084457477
blunder_loss,P62166bb6f55c,0.5700274308522543
blunder_loss,P46fb84fe171d,0.4883374710877736
blunder_loss,P3fcbd7cbdbcb,0.1667347214895675
blunder_loss,Pefea79e1ae13,-0.4014781152801877
blunder_loss,P16b66ba98aec,-1.141360153754552
blunder_loss,Paf4718c05bb8,-0.1579411658975813
blunder_loss,Pce86ed7c24a9,-0.8839573229734714
blunder_loss,P68f3c1918211,-0.9574108854800376
blunder_loss,Pa7a2adba1879,-0.6346228056327438
blunder_loss,P7769ad218dd3,-0.4831642294358141
blunder_loss,P38883ecb3ddc,-0.3718869975960599
blunder_loss,Pc43284eac0b7,0.6324127912521362
blunder_loss,P2195abc8fda6,-0.1287041045725345
blunder_loss,P8a1bcf95556d,-0.7302012073450986
blunder_loss,P8dff23db61fd,-0.4918947915236155
blunder_loss,Pf4105d184e50,-0.5138777164702033
blunder_loss,Pbf667a4d7b56,-0.4017819854023395
blunder_loss,Ped3a2487270b,-1.5462723112216703
blunder_loss,P2717d7ba49a9,-1.5285207720473408
blunder_loss,Pe452dcc59325,-0.144989595007912
blunder_loss,Pd3241ccd3270,-1.17192521218497
blunder_loss,Pcd4381fe5f1a,-0.5827639527241849
blunder_loss,P5c3dab36d9bb,-0.4084669061964552
blunder_loss,Pbb7c245fe683,-1.4541234017039335
blunder_loss,P0bb0865a0959,-0.7794378812114398
blunder_loss,P1ab4fb966fce,-0.3810179847189122
blunder_loss,P3eee550f7eea,-0.9841198120012256
blunder_loss,Pc484cab72398,0.4419172978294747
blunder_loss,P5db5000b2333,-1.6715289875864985
blunder_loss,P74db283abfe9,-0.1119002049374373
blunder_loss,P5a425dbed003,-0.6603226087471186
blunder_loss,P1fc16fd22e8d,-0.4667723038130336
blunder_loss,Pe2227ec6a242,-0.8040917942890923
blunder_loss,P0b918bb07cd1,-0.7075538861666635
blunder_loss,P97d5ca980e4f,-0.107560084629686
blunder_loss,Pbfdc5e16e551,-0.3702742178546209
blunder_loss,Pce0b4632573e,-0.3234675473844011
blunder_loss,P776240b71efb,-1.370580893009901
blunder_loss,Pa48e1202b933,-0.6247215224614029
blunder_loss,P3370f92190fa,0.4234258349570963
blunder_loss,Pe797a857ba26,-0.3736515180249735
blunder_loss,P757e153654c2,-0.9771347219745318
blunder_loss,P907ec6d1986a,-0.3964051180009725
blunder_loss,P24cd1b5affb5,-1.0086544290184976
blunder_loss,Pad0bcf500878,1.50516686240832
blunder_loss,P615ca4da6d29,-0.4173894077539444
blunder_loss,P38c1a000517b,0.879106621329601
blunder_loss,P70f709da6f2a,-0.4507511009772619
blunder_loss,Pe1338a9b47ba,-0.6110202082329326
blunder_loss,Pd4dcf33d3ca7,-1.071477202787286
blunder_loss,Pd194db16fd30,-0.6925466060638428
blunder_loss,P90653949f03c,-0.573843794208407
blunder_loss,P0a9f06fb5bdf,-0.6936111089086072
blunder_loss,P1a9f17c46f8a,1.5377829922570123
blunder_loss,Pef316327253c,-0.7292682650033384
blunder_loss,P5f3b39257889,-0.0255958611559603
blunder_loss,P400c42b6adbf,-1.3246073126792908
blunder_loss,P363d04c9c712,-0.2835353016798016
blunder_loss,P51865cb9a6d5,-0.4276060069218659
blunder_loss,P89aeff4c8a88,-0.0259103511045889
blunder_loss,P4fa83826e77f,0.6804744146195136
blunder_loss,P74c7fd1d49d7,-1.7978302612360837
blunder_loss,P50c8b20cd00f,0.1484738664080699
blunder_loss,P85f6b52a562c,-0.460846744525509
blunder_loss,P5d704bd33445,-1.3780235877881448
blunder_loss,Paad7fdab6fa8,-0.2999529998383617
blunder_loss,P56234dbecb1c,0.6431502389822763
blunder_loss,P46fc5f4faced,-0.2463946602221275
blunder_loss,Pd4d3ccc61faa,-0.9561559471821212
blunder_loss,Pe2003eb52340,-1.0914626653908062
blunder_loss,Pe153edcf9709,-0.6877164994002449
blunder_loss,Pe096d2fdb758,-0.2221328710434419
blunder_loss,P0d15b9e97197,-0.2817422985017877
blunder_loss,Pe98545072c69,-1.7604933679103851
blunder_loss,Pb1f147d06916,-0.3628331621043592
blunder_loss,P92a9cdc78f23,-0.4000252351167845
blunder_loss,Pa82c9f22395b,-0.0720383086138301
blunder_loss,Pcfe0279227b7,0.0578880310058593
blunder_loss,Pc62f43f46158,-0.2162437187332953
blunder_loss,P9b3e2c91552e,-0.2291245223905548
blunder_loss,P68f4325aa74f,-0.6926566936386128
blunder_loss,Pe7d116d4800a,-1.0479936636984348
blunder_loss,Pf16d01c49d18,-0.8227415837626673
blunder_loss,P18ebeed0ab8c,0.0646282564848661
blunder_loss,P557d231a4836,1.3681271274884543
blunder_loss,P2f1ae32f008b,0.8089054943471359
blunder_loss,P0682b3bf2428,-0.7679519231319494
blunder_loss,P1606386770b2,-1.0499341189861298
blunder_loss,Pa736a30e48bb,1.7188341648628314
blunder_loss,Pb28638a5ee36,-1.0007905513048172
blunder_loss,P9856ed5ebece,-0.9571449855963388
blunder_loss,P7609d3461169,-0.710847009837473
blunder_loss,Pc6ad91a72eb5,0.0114505775272846
blunder_loss,Pc015f45143a8,-0.45003847469967
blunder_loss,P93e53f6c4e3e,-0.6775229338666992
blunder_loss,P0944a0d8bc0b,-0.4884691627847182
blunder_loss,P48588c0a15a5,-0.4357499116574433
blunder_loss,P686f30a615a8,-0.1624657963979102
blunder_loss,P562f3aba6ae6,0.1732305148586574
blunder_loss,P2b3ada1f6120,-1.2993596264949212
blunder_loss,P66932ec253d9,-0.4689613112481311
blunder_loss,P4a4f4620805e,-1.7347198128700256
blunder_loss,Pe5af64cf5d01,-0.3537495275088276
blunder_loss,P9920508c747e,0.1612912822514772
blunder_loss,P0a05af3775b0,0.7873702690456853
blunder_loss,P80295f7be2a9,-0.9316275477409364
blunder_loss,Pf1dbf5a4e2d0,0.0056871213614597
blunder_loss,P47f754d9b81c,-1.1166164875030518
blunder_loss,Pae5761b83d10,0.1732287457269249
blunder_loss,Pff07e983f71c,-0.6569238528586858
blunder_loss,P7941cd6fd073,-0.5553699437551012
blunder_loss,Pc132cb9ceb32,-0.9970206384924668
blunder_loss,P12979e1c84f7,-0.2063370305630895
blunder_loss,Peadfccc2232b,0.7586532414425164
blunder_loss,Peff0980f3819,-0.5181242361499203
blunder_loss,P048a8c404d4a,-0.3080541864037514
blunder_loss,P3d742bbc2441,0.0
blunder_loss,P90cd4c97f0e7,-0.7523322228937306
blunder_loss,Pc8e96baf5bc1,-0.0031823998782783
blunder_loss,P3a4d8b9f5a74,-0.0238089776765096
blunder_loss,P419908e43f1c,-0.8781647067615086
blunder_loss,Pb9b064639631,0.6849633374561866
blunder_loss,P3e4f03fd8968,-0.3210787231762889
blunder_loss,P413a4b548c73,-1.068894242108972
blunder_loss,Pe9f75db10eeb,-0.262936415457791
blunder_loss,Pce3ac8db6547,-0.4745373509090809
blunder_loss,P6f3c3a804804,-0.0123164325557423
blunder_loss,Pa682316b1b19,-0.7503865592250669
blunder_loss,P261b242dd66b,-1.1106472387515678
blunder_loss,Pb6b0fe102309,-0.5370010820877822
blunder_loss,P38f3a53eb2f8,-0.4997651483173723
blunder_loss,P067081dfef87,0.1466292754037056
blunder_loss,P9daeb8232315,-0.8160873179495977
blunder_loss,P1cc04eb444af,-0.0263671894649979
blunder_loss,P455b62800b6f,1.1248199862117567
blunder_loss,P6cb22110d071,-0.3659816939841798
blunder_loss,P019c155860e3,0.1710123615829568
blunder_loss,Pc84bb70b107d,-0.2422538238267103
blunder_loss,P210627a34558,0.368165755733138
blunder_loss,Pa71c58b8f344,-1.5736599452793598
blunder_loss,P1025efb7e732,-0.1430020888154764
blunder_loss,P630d09ab0817,-0.1087658256292343
blunder_loss,Pf1ad6cd25de3,0.4752549479405085
blunder_loss,Pb3ae85e5db79,-0.0544390873377967
blunder_loss,P5e30bc674c1c,-0.8270150078667535
blunder_loss,P6034a389e63a,-1.3567245928245957
blunder_loss,P28496c0c3ee7,0.4391174415747325
blunder_loss,P3bd3c3d49d85,-0.2325376102411084
blunder_loss,P7500bc33db82,-0.3381371453404426
blunder_loss,P09072b61fc92,-0.4587553738691748
blunder_loss,P0da75d95870b,-0.0784607708039204
blunder_loss,P8ca15c405efa,-0.3307227711876233
blunder_loss,Pb0baa70166b3,-1.0798602304110925
blunder_loss,Pde2836a360b4,-0.8406298792203601
blunder_loss,P6ee7c3002348,-1.278672277927399
blunder_loss,Pc1114acee9f1,0.2408584348892309
blunder_loss,P82738800d34f,-1.1153003833909798
blunder_loss,P75d2b4a2c1a6,-1.0807375857341666
blunder_loss,P288042c9235a,-0.962425235604936
blunder_loss,P7f7e364406fb,-0.8657190921405951
blunder_loss,P4a80baaad1c3,-0.2222460372816949
blunder_loss,Pda935120a431,-0.2953927121067076
blunder_loss,P9efb3739c075,-0.0090244896206052
blunder_loss,P7752cc852c92,0.0529880008349816
blunder_loss,P7beb9c4cc0f5,-0.1507451846781704
blunder_loss,Pe66de9012673,-0.5507040601223707
blunder_loss,P7ac9ea7fda65,0.2266307196333112
blunder_loss,P233dab88091b,-0.8729231258233389
blunder_loss,Pfae71c610e9c,-1.225035041858043
blunder_loss,P59eb522d603d,0.0862375739961862
blunder_loss,P2ece9a64e4c1,-0.2345284085348092
blunder_loss,P6a3bd2e0dc36,-0.6738398998975754
blunder_loss,P9d3f23fcf561,-0.5980917513370514
blunder_loss,P1ec8e0cadb46,-0.4348345774808325
blunder_loss,P83d94b511d4a,1.0248919276609307
blunder_loss,Pf12ec3ae8295,-0.6424355879426003
blunder_loss,P1c6522005297,-0.4474716992780569
blunder_loss,Pd85df180fc4c,-0.8167481124711533
blunder_loss,P3e28259bd77c,-1.308520376561868
blunder_loss,P806a01af15eb,-0.551466166973114
blunder_loss,P9ee81fdbd96d,0.3771536755892964
blunder_loss,P4260094ba059,-0.1243773383605724
blunder_loss,Pa54748ed2536,-0.8018689521898825
blunder_loss,P31099edc0f57,-0.476213081429402
blunder_loss,Pf200df3596cb,-0.2625171095132828
blunder_loss,P54e9e9770957,-0.950324398518673
blunder_loss,Pc82f1f6af6df,-0.2936547155419062
blunder_loss,P4529c040ce26,0.2928228500698294
blunder_loss,P21ce6231d450,-1.1661254931241274
blunder_loss,P18ae5fb50429,0.0963954026997089
blunder_loss,Pb44c04433355,-0.3463112151415811
blunder_loss,P260548a957d8,0.032971655683858
blunder_loss,Pe640e0020152,-0.1478546084521554
blunder_loss,Pfe1edfd5fc52,-0.1665491085588222
blunder_loss,Pc5a16c01522b,2.3589234352111816
blunder_loss,Pa9a763147d14,-0.2684508653921834
blunder_loss,P4a2f281e1651,-0.0122873302110431
blunder_loss,P72f95cbb25fc,-0.644911866245043
blunder_loss,Pdb0212482022,0.3021791819540445
blunder_loss,Pebbabdbd5fa9,-0.6547347192704935
blunder_loss,P5427fcd7ee3f,-1.5131725255008026
blunder_loss,P456521e5b0dc,0.0356257649335791
blunder_loss,Pbcff2253b9ce,-0.1083136172965169
blunder_loss,Pf22718786446,-1.0191266328096389
blunder_loss,P3fa8fede317e,0.6423149655262629
blunder_loss,Paddf17d74ea4,-0.2458576839253198
blunder_loss,Pfcba7b88954e,-0.4903042874434311
blunder_loss,P43f783646060,-0.0999462998339107
blunder_loss,P1054bd2201f6,-0.4726426510295801
blunder_loss,Pb341e962151b,-0.2854024590480895
blunder_loss,P765467198a60,-0.2012204708169886
blunder_loss,Pe8f981a8b16f,-1.0365533097104025
blunder_loss,Pfa0fbce891c8,-0.4051168964850524
blunder_loss,P4df2e67b948a,-0.2644326763236563
blunder_loss,P40ab9eb0acfe,0.6266384252657493
blunder_loss,P9a9eeb7769f1,-0.2895215942213933
blunder_loss,Pb413d456ae9a,-0.8503408655524254
blunder_loss,Pa78efd781347,1.789843524495761
blunder_loss,P83cb1d128e35,0.5118429997403706
blunder_loss,Pedfe87de42f9,1.2093341927975416
blunder_loss,P7f85c52801ba,-0.7684066717823347
blunder_loss,Pc6827ddbf335,0.2907778814884438
blunder_loss,Pdf1df3552e7e,-0.4264839796423912
blunder_loss,Pbcec9abe6d1a,0.1900300309062004
blunder_loss,P4841fcafc86e,-0.2632846832313878
blunder_loss,Pf563c728ac8b,1.028307673332858
blunder_loss,Pcb6e58f36c78,-1.704882697847027
blunder_loss,Pcc8acd5bbca0,-0.891991016412309
blunder_loss,P05436984050e,-0.2365335411081711
blunder_loss,P8b3055cd0b4c,-0.0148323574929913
blunder_loss,Pf93c47c22412,0.263733836549979
blunder_loss,P492ef82b5199,-0.5260227190253015
blunder_loss,Paa3a5e58214e,-0.1819229954800435
blunder_loss,P814ba57d68c6,1.932734802365303
blunder_loss,P1bde6ea2f603,-0.2467118012684362
blunder_loss,Pbbe2f632939f,-0.8625989777209097
blunder_loss,P693407dff640,-1.284958729101345
blunder_loss,Pe3633aaaee78,-1.0974486023036396
blunder_loss,P17dd5ef61b85,-0.6235139370585481
blunder_loss,P8c46e95b137c,-0.364961065351963
blunder_loss,P12fd6571c323,-0.6289787216484546
blunder_loss,P1cad34589d34,0.3898075736921142
blunder_loss,Pbcb4e239940f,-0.3047522669419264
blunder_loss,Pe1e45ef4fa3d,-1.1805021862188976
blunder_loss,Pb791d443a086,0.6007043836514155
blunder_loss,P74e96ae93747,-0.71402707186838
blunder_loss,Pf082a322ce6d,-1.143176997701327
blunder_loss,Pbbc1c3e5e5f5,0.0
blunder_loss,P3ef995f80a3a,-0.2482761347586262
blunder_loss,P7aa543f917e3,0.4390119616873562
blunder_loss,P8b89a6fdb270,1.6004264334216711
blunder_loss,P698995d10112,-1.150249312084281
blunder_loss,P8a1da7c05367,0.6909383675905273
blunder_loss,P1ec3b5297f0b,0.1843723952770233
blunder_loss,P1ef048c00f08,-0.9313122157805732
blunder_loss,Pff492887c88d,-0.7526053746363947
blunder_loss,P50b16ee45f65,0.6772449811299642
blunder_loss,Pa1e9387aca36,-0.4834717143637438
blunder_loss,P43eaec2dc844,-0.4142667284442319
blunder_loss,P6084598caebc,3.352073311805725
blunder_loss,P32768ba8aedd,-1.374506175518036
blunder_loss,P14a312421eef,0.5962462160107377
blunder_loss,Pffd061586c57,-0.7564033265678062
blunder_loss,Pa6fe790935aa,-0.5022547625288533
blunder_loss,Pf2527af93f45,-0.5126403696121421
blunder_loss,P2d88d15a3184,0.6098059428234895
blunder_loss,P40ec54d08597,-0.1649745677908261
blunder_loss,Pc839225a5549,0.6842927977994636
blunder_loss,Pc343a49c974e,-1.935630649328232
blunder_loss,Paa5b1eb7663e,-0.654691486681501
blunder_loss,P7bf7446b6235,-0.9596039663417404
blunder_loss,P7c3477e7afc2,0.010297511704266
blunder_loss,P8be27e787546,-0.9366492331027984
blunder_loss,P473b69f3d1f9,-0.4082589894062494
blunder_loss,P9f8007f1648f,0.3051551472147306
blunder_loss,P360d70fc9b78,0.9221093897545148
blunder_loss,P9664924a826f,-0.4687826541837496
blunder_loss,P2ca0b1a054e7,-0.2819234323022621
blunder_loss,Pd78b39bcb78c,1.8162267357110975
blunder_loss,P6f8442efa7f1,0.559465216095781
blunder_loss,P8b4c3746499f,0.0787297288576761
blunder_loss,P6a952464c5a9,-0.4254649017129449
blunder_loss,P07f6cfb128c7,-0.197240818629186
blunder_loss,Pa161a76f9be6,-0.6422146648861408
blunder_loss,Ped1b636ecab5,-1.0062909846504529
blunder_loss,Pdcb2f29c24fe,-1.5893198249240716
blunder_loss,P7f6e31736710,-0.167048529469973
blunder_loss,P9d44c1022685,0.0230342552550549
blunder_loss,P41a6d7ad563e,-0.6179716499022639
blunder_loss,Pd6a189e09e91,1.2122080041014631
blunder_loss,P7f472c73fd7b,0.196842545210713
blunder_loss,Pa6f6d75a436c,-0.1225152843144746
blunder_loss,P6fe355e64d50,-0.7606031492145524
blunder_loss,P0991053d7017,-1.0010814592443231
blunder_loss,P27adc4b06f99,-0.0074756145477294
blunder_loss,P01d3a1ede0bf,-0.0203840993344783
blunder_loss,P5bc36325d72e,-0.4775906045522008
blunder_loss,Pc5773e75fa7c,-1.3481870236162845
blunder_loss,Pb044955043d4,-0.3562524616718292
blunder_loss,Pd0786a108d53,-0.4849758544320031
blunder_loss,P789aaf2dc470,-0.2685678670251811
blunder_loss,Pae526b043c84,-1.1715046196089436
blunder_loss,P812612c3989e,-1.0778006613254547
blunder_loss,P2531ee913624,-0.6315646797108153
blunder_loss,Pe07414501291,-0.8280752549302719
blunder_loss,Pe7581a5e8e38,-0.711876085182031
blunder_loss,P4ec03662cd02,-1.2387819647789002
blunder_loss,P3ba351105c91,-0.1363548971582854
blunder_loss,P37097fb67c93,-1.0959232404828072
blunder_loss,Pcb1da528c7c7,-1.5542910038425035
blunder_loss,P8bac5966e670,-0.4359538462013006
blunder_loss,P4126c071982a,-1.1607610253617169
blunder_loss,P4798fd584386,-0.6290928261685587
blunder_loss,P1939a45b7b46,0.2537228305583574
blunder_loss,Pf5bd7b8ec6fb,-0.6037712276255076
blunder_loss,Pafac00388da6,-1.1433475290735562
blunder_loss,P9f8a02581098,-0.3454751241952181
blunder_loss,P15948d1ecd6f,-1.258186664959096
blunder_loss,Pba6e3c79c648,-0.4542087171536124
blunder_loss,P71bc74729d6a,0.300772271965715
blunder_loss,Pfedb799a97c2,-0.861018453325544
blunder_loss,Pcc47961d92ae,-1.4386526656647525
blunder_loss,Pe3914f45ac65,-0.8469813385421967
blunder_loss,P5515b7682e14,-0.43867451637346
blunder_loss,Padc59676907d,-0.2431515065797915
blunder_loss,Pc328ca08ca5e,-0.6979340589222933
blunder_loss,P94f060f03541,-0.3719997328378293
blunder_loss,P6d6b87e95cec,-0.6231319755315781
blunder_loss,P7c6ae98470be,-0.2666540032705189
blunder_loss,Pb29f8e378409,0.0210391990733998
blunder_loss,Pfe339467c7f1,0.0965659647683302
blunder_loss,P6971b6977ada,-0.2805165116348503
blunder_loss,Pb0022e2404a2,-0.1122589382568216
blunder_loss,P2768fdaae14b,-0.6990543695663413
blunder_loss,Pf8f2fcc168a2,0.2176418304443359
blunder_loss,P168f3c0aba8f,-0.1459557702329928
blunder_loss,P2ad9d64ab341,-0.6641786912440862
blunder_loss,P87262322a470,-0.5599279394043827
blunder_loss,P922abdb30b48,-0.5866733380454944
blunder_loss,P7f11d9620218,0.1755663004794384
blunder_loss,Pbde8126fdcaf,-0.3556787445849063
blunder_loss,Pcec4dc3a9cee,-0.0206343440036801
blunder_loss,P043c70469589,-0.7617557048797607
blunder_loss,P92cd03b44cd5,-0.1402125057329734
blunder_loss,P51fe70bf736a,-0.0841925083236261
blunder_loss,Pc91cb52dae01,-1.4273900985717771
blunder_loss,Pa13a5df1396b,-0.6331853053594881
blunder_loss,Pe0513c77af75,-0.432153355056133
blunder_loss,P41c94d9afb49,-0.2283715055869037
blunder_loss,Pb6d81c2aeace,0.5124223232269287
blunder_loss,P1c2f1969afd1,-0.3334931928132261
blunder_loss,Pbfa9fa935d1a,-0.2750428859144449
blunder_loss,Peed57c2af570,-0.5134744464500596
blunder_loss,Pfff1c35a8107,-0.2475223410874605
blunder_loss,P37a4732a19f8,0.2198864062958293
blunder_loss,Peef2d1b2f73e,-0.1425567302959234
blunder_loss,P66533be38215,-0.4797483231283089
blunder_loss,P879c5a61ca0d,-0.7672214244072871
blunder_loss,Pabd7cd0b56d4,-1.529205285012722
blunder_loss,Pe4ce910fcd68,-0.5579234808946558
blunder_loss,Pdb7c70e20a81,-0.0415516040391392
blunder_loss,P95578e0f7cb3,0.4429083704948425
blunder_loss,P6c4810dd2bda,-0.7298517017406393
blunder_loss,P96a304a95748,-0.5113815826002353
blunder_loss,P23cdbc28d54c,-1.619795446594556
blunder_loss,Pbb613bbea67f,-0.0925929498755269
blunder_loss,P023d18ba968d,-0.4143033684231341
blunder_loss,P32a5f3c2927b,-1.6937186121940613
blunder_loss,Pe03535150ed8,-0.0796778053045272
blunder_loss,P93d709b1b5ba,-1.183188355476078
blunder_loss,Pd4762b1da9c1,-0.2011937965803286
blunder_loss,P9404d87c819b,-0.2421351132293542
blunder_loss,P402ef67e3b4a,-0.5736507496410169
blunder_loss,Pad6c38c7358d,-1.6253762228580726
blunder_loss,Pbc62e20e8caf,-0.2591836651348892
blunder_loss,P9e77f028d24b,-1.475907601529706
blunder_loss,P5cebaae5f47b,-0.9092691846147536
blunder_loss,P32da2fbca100,-0.1995154664748245
blunder_loss,P6ba321d339d2,0.0059080247965671
blunder_loss,P48c1433f8c77,-1.4759896794954934
blunder_loss,P5edc34ee6b7c,-0.1939952710376201
blunder_loss,Pdff49afdfa8b,-0.4561357569126856
blunder_loss,Pdc39c3c8987e,-0.6189879477024078
blunder_loss,P2f2300830c29,-1.128558672475629
blunder_loss,P0ad63bffb474,-0.0293174940970266
blunder_loss,P62a0d095bbf1,0.098857561747233
blunder_loss,P34339060bd0b,0.3037137300182305
blunder_loss,Pa3284e221301,1.5702535156160593
blunder_loss,P242ef7e1c13e,-0.2465862638287297
blunder_loss,Pb31130428925,-0.2483045428420224
blunder_loss,Pa320fef87ddd,-0.1705283754449781
blunder_loss,Pb60259898a67,-0.5854923508233495
blunder_loss,P075e4aabc34e,-0.3579644328705516
blunder_loss,P1d911d243cfc,1.35421598288748
blunder_loss,P65ee53adcabe,0.1079048349116093
blunder_loss,P370e1ab042ce,-1.0417771356272651
blunder_loss,P48917d5bbb0b,0.3695425133326966
blunder_loss,Pae02ffad6ce3,-0.5647545382282322
blunder_loss,P2d7f8cdc071f,-0.8738929831555912
blunder_loss,P371d1d2c7967,-1.458735235656301
blunder_loss,P334e89ce15d3,0.7392867729067802
blunder_loss,Pbb533f99dd66,-0.6182836198959787
blunder_loss,Pbe55aae59424,0.3727671739955742
blunder_loss,Pbdf2ddc29f6c,-0.1219944509056707
blunder_loss,P9b5e55ea4060,-0.821942323911982
blunder_loss,P03178c8297b4,-1.2034595109344948
blunder_loss,Pa1e633a1c05b,-0.3671965467966429
blunder_loss,P20d81128e867,-1.1924395168658404
blunder_loss,P83c1d1f8b42a,-0.0135766500607132
blunder_loss,P1cf4dba14581,0.1334778517484665
blunder_loss,P01bee04a9b3e,1.0091081261634829
blunder_loss,P57bd98e7c9cf,-1.0164898646374545
blunder_loss,P221c43604f50,-1.4999877108633517
blunder_loss,P0703e4c8d556,-0.4122094096096397
blunder_loss,P3f90558a0c95,-0.7501498878614985
blunder_loss,P3f0e7142d44e,-0.4965273486190092
blunder_loss,P1260a21db0c0,-0.9967295490205288
blunder_loss,Pf84b584a058f,-1.4478096440434456
blunder_loss,P7344e4d77aee,-0.9190399515132108
blunder_loss,P7421de863f8a,-0.7456785321974866
blunder_loss,Pd987d6de8765,-0.5321529757792848
blunder_loss,P3f7deecd9dca,-0.5495878026574633
blunder_loss,Pebc77b4856e5,0.0324293604127016
blunder_loss,Pdbc12ccbeb13,-0.4235357163680924
blunder_loss,Pb677647e5986,-0.5714901594333732
blunder_loss,P7d00f4fa0063,1.5474872009562597
blunder_loss,Pd2810fac32e9,-0.5552840816522417
blunder_loss,P0120464aad54,-0.1987943078701694
blunder_loss,P152f89a99e18,-0.7841846495866776
blunder_loss,Pca96754a60c1,-0.443934016322924
blunder_loss,P8a5913cc2e87,-0.8667255274437442
blunder_loss,Pe357960237fa,-1.015963200479746
blunder_loss,P9951bc1a4c0f,-0.8539728689938784
blunder_loss,P3b9c35504e6a,-0.3267382933864974
blunder_loss,P3a1dcc8c90f0,1.4301089495420456
blunder_loss,P84e2710c5113,-0.1594661761794174
blunder_loss,Pf9a630ab7620,-0.87801143629176
blunder_loss,P3a3ef9b3d0e8,-0.7514127395665943
blunder_loss,P5edead730fa7,0.0322875791990462
blunder_loss,Pa5ed5c58ebb4,-0.5849124595522881
blunder_loss,Pba901b9ea7ab,-0.95236485363806
blunder_loss,P3ca8121ec336,-1.0965427645030077
blunder_loss,Pa092156f87ff,-0.0634029324238116
blunder_loss,Pcac0c44c16dd,-0.7844065367244184
blunder_loss,Pdadd2f3d443c,-1.3121837377548218
blunder_loss,P4126c799b4a7,-1.100868175427119
blunder_loss,P5db2c2fd2d8a,0.8567031621932983
blunder_loss,P371fcd1b7828,-0.0841622140700889
blunder_loss,Pecc899e8f6bb,-2.268099637633121
blunder_loss,P4fdeadd3ae5e,0.5729244239628315
blunder_loss,P55821aa0ee02,0.2153553106114693
blunder_loss,Pe9cc0911bd75,-0.5365960782771577
blunder_loss,Pc5010fc96261,-0.2677736479789018
blunder_loss,P1093f768653f,-0.6865999538244473
blunder_loss,Pd7469eb5b838,-0.07959168676327
blunder_loss,P065379bad11c,-1.320482107810676
blunder_loss,Peb05651f907e,-1.9085955023765564
blunder_loss,P108003b1ab18,-0.3335207853419907
blunder_loss,P38a047edb5e1,-0.2531092202419028
blunder_loss,P9cf995a1c0af,-0.1250707954168319
blunder_loss,Pb29e69a5ccd3,-0.0131287232041358
blunder_loss,Pd2919ca64c21,-0.3003485098126389
blunder_loss,P910bd2c05c19,0.1595144719750035
blunder_loss,Pabe3a7a215f0,-0.6069625981118515
blunder_loss,P9659f63fe68b,-0.6648154283512491
blunder_loss,P04d350c7081b,0.0513583525337956
blunder_loss,Pb3323e502fd6,-1.4551743479711667
blunder_loss,P2d270ef3698a,-1.006690134294331
blunder_loss,P6cb6e7940be5,-1.5763746269724586
blunder_loss,Pa53be076304a,-0.2273638430439556
blunder_loss,P2dad39c41197,-0.8810430744832212
blunder_loss,P91ccf336aedd,-0.3896630216226687
blunder_loss,Pf0735de7b733,-0.5966386646032333
blunder_loss,P52e257901034,0.1301789007155053
blunder_loss,P81345a970df8,-2.176707960665226
blunder_loss,Pa05f3f716683,-1.008706467475288
blunder_loss,P61588d2d506b,-0.0648610461660951
blunder_loss,P26d80069b31e,-0.2800668585703257
blunder_loss,Pe9a606363347,-0.0463247464856866
blunder_loss,P0faa11a93280,0.1660448223676814
blunder_loss,Pabdcdea636db,0.6491776307423909
blunder_loss,Pb7129dbfc3cb,-0.161523915838563
blunder_loss,Pb2b7f26b20ea,-1.1811875787220505
blunder_loss,P4fd83dc61cd6,-0.0765120070427656
blunder_loss,P3b22a736337f,-0.3205221726426056
blunder_loss,P5a52138446ce,0.2441889730592569
blunder_loss,Pb4ea9bc0f76f,-1.260783027857542
blunder_loss,P6618f67363b6,-0.5461242206306003
blunder_loss,P277a3bc9a9b0,-0.3132734248448749
blunder_loss,Pb44bdee25ea4,-0.2674210405781747
blunder_loss,Pba982a8e220b,-0.1602256150546071
blunder_loss,P0975a1dd12ba,-0.5277166785027171
blunder_loss,P3ae673de8066,-0.662833172723099
blunder_loss,P584154eb074a,0.3849269088495831
blunder_loss,Pad2e39bf5734,-0.3779771434376197
blunder_loss,P664c68b04083,0.0685204043984413
blunder_loss,P365702120eaf,-0.7372908095311788
blunder_loss,Pf6641d989cb9,-0.8368174433708191
blunder_loss,P0fe7d4c76fde,-0.2266637083689624
blunder_loss,P0b2077628821,0.8706630032509566
blunder_loss,Pa4bdf42193ce,0.3743063143430612
blunder_loss,Pc6f7316353d2,-0.4945343608036637
blunder_loss,P9a483b101fc7,1.0788575045176243
blunder_loss,P9244d52cc5c4,-0.278200919658827
blunder_loss,P674c02d2cdc7,-0.929552904801604
blunder_loss,P1a6ff7ce6f7a,-0.8344500024139768
blunder_loss,Pdc5a49a8f1ae,-0.1491303589815894
blunder_loss,P36c64a574757,-0.4883561184008916
blunder_loss,P6febd7b6489b,0.2755975648760795
blunder_loss,P8b646a21690b,0.7340838247910142
blunder_loss,Pb8e527d69da8,-0.0571973268259443
blunder_loss,P98ae232fecab,0.2782364712495889
blunder_loss,P0158a774b13f,-0.3875700512325286
blunder_loss,P8ea460b05c8e,-0.5386147488997373
blunder_loss,P83c765a813a2,-0.0859068941440329
blunder_loss,Pdf5a22898f77,-0.7065637337091641
blunder_loss,P3e4d411df052,-2.4786177277565
blunder_loss,P539cd365eb73,-0.779616716346102
blunder_loss,P1b7e27adf771,-0.1553731074911498
blunder_loss,Pf15ca370f428,0.7354312332418675
blunder_loss,Pf3890f54d9bd,-0.5456205734798204
blunder_loss,P5a9f1764f6bf,-0.6251827478408813
blunder_loss,P99aa5673fe47,-0.3648499146750605
blunder_loss,Pf276b59fdf6a,-0.8743118351360537
blunder_loss,Pe2da4cb0f4f4,-0.1550521724778995
blunder_loss,P929c9da2ca4d,0.4837454000973943
blunder_loss,P93c015d967d6,-0.5845620520412922
blunder_loss,P0fc74cbbb61f,1.2946724461184609
blunder_loss,Pee7e9699300c,0.0099331774068981
blunder_loss,P5dc5269a79d5,-0.6870945335055391
blunder_loss,P2933ac17491f,0.1941953597344826
blunder_loss,P023500e97547,-0.6541922235907986
blunder_loss,Pda2324cec618,0.5026063160462814
blunder_loss,Pafa7b81cfaa3,-0.2382600278798981
blunder_loss,P9479c6a171ab,-0.8797831310102044
blunder_loss,P8eeda2956e32,-1.370149443546931
blunder_loss,P214aba7668f9,0.0029587922169395
blunder_loss,Pa8b4d9f66e64,-0.948994399740093
blunder_loss,P021789816668,-0.1264427971715727
blunder_loss,P302352d0ba84,-1.018528838455677
blunder_loss,P75b97f00eb03,-1.2803563113723482
blunder_loss,P83b0a6c72d2f,-0.7617657515888859
blunder_loss,P09dd21243864,0.2580403205539499
blunder_loss,P7f7a902f3020,-0.2993312048198975
blunder_loss,P2ca6aa9e5fb2,-0.6404923796653748
blunder_loss,P08a35be1a9f5,-0.160034543779843
blunder_loss,P57605ec83451,-0.4194990784994177
blunder_loss,Pbe71c6fc6dec,-1.1779822119112526
blunder_loss,P7f3df1ac2054,-0.3653396955087413
blunder_loss,P53c8731576f1,2.128836788237095
blunder_loss,Peada94290aca,-0.4998193576931953
blunder_loss,P5adf6a486ad3,0.2526687277214868
blunder_loss,P3ef88dd57320,-1.064470313489437
blunder_loss,P80391149879f,-0.4303802239541677
blunder_loss,P107cd3cce5ff,-0.6313092888348824
blunder_loss,P80572e2e038d,0.2761264946311712
blunder_loss,P1c0c36f3d5b9,0.8787126324534869
blunder_loss,P712a15bf0e6f,-0.6166020202494803
blunder_loss,Pad35224f69cb,0.3381237893624024
blunder_loss,P7080532f7e33,-0.1718843186841998
blunder_loss,P08138e69aa8d,0.0660836036006609
blunder_loss,Pb8e3301b2a74,-0.2419064121965605
blunder_loss,Pd3caffd9ca92,-0.3563436865806579
blunder_loss,P7bf9f64eb498,-0.5289111177170182
blunder_loss,P80156e5e9278,0.0367476248492796
blunder_loss,Pedb32850fe8f,0.055368814418355
blunder_loss,Pf8cb4a31e638,0.191574548681577
blunder_loss,Pf50c3667813f,-1.5078118039915958
blunder_loss,P205001f79889,0.0367688853200247
blunder_loss,P712597ce3113,0.2429232388734817
blunder_loss,P1075eca1226f,-0.9951540425092736
blunder_loss,Pd1c103d52bc5,-1.6468705173049654
blunder_loss,P54dee37df895,-0.8709252357482911
blunder_loss,P2c8d128456e7,-0.820398247026619
blunder_loss,P2dd225772fc5,-0.5792350636588203
blunder_loss,Pc994f2f664d0,-0.4305622098755838
blunder_loss,P225f9fdd0e6a,-0.6796020321215611
blunder_loss,P45e2654c41ae,-1.863199253877004
blunder_loss,P26a25e7e0acd,-0.2371613312654551
blunder_loss,Pee3bd2759128,-0.7097068325512939
blunder_loss,P8355228c7fcb,-1.3252702057361605
blunder_loss,P4f3b2a2ade9e,-0.3534833491353322
blunder_loss,P35c3c82a1f69,0.4983993172645569
blunder_loss,P8b84543fbeee,0.7039761609501309
blunder_loss,P6f46ca46d531,-0.66045144711436
blunder_loss,P28e3e6213211,-0.7378109832650509
blunder_loss,P889b32057ba6,-0.7091709501364014
blunder_loss,P237c90ffbc3d,-0.6548657119274139
blunder_loss,Pa806b3be4c73,-0.5724379012132602
blunder_loss,Pdd414ec3dd8f,-0.5158694859050835
blunder_loss,P307331710618,0.5540258794402083
blunder_loss,Pe2016442eada,-0.7688761936505236
blunder_loss,Pc995fb025ba5,-0.6671069299899011
blunder_loss,P58f22023bcff,-0.8782684710172434
blunder_loss,P9537bacac8c5,-0.6893662791699171
blunder_loss,P6fc37d87e562,-1.873675897717476
blunder_loss,Pb282962db92f,-0.5009574821716292
blunder_loss,Pe264503d6266,-0.4393322169780731
blunder_loss,Pbb3beb1cac9c,0.6920876920223236
blunder_loss,Pb840bf140f47,1.2153164399787784
blunder_loss,P216e7b1288e1,-0.7168252615806493
blunder_loss,Pb99157f4b8bf,-0.5774166267400697
blunder_loss,P1445b99bcfad,-0.3898115973528204
blunder_loss,Pdb3b32bc391e,-0.9836023598909378
blunder_loss,P111b99534596,-0.7223524340833709
blunder_loss,P95f74d92ac2a,-0.4021640027159637
blunder_loss,Pae9a78de2ffa,0.2210045008729433
blunder_loss,P55db4aa6eaf8,-0.6075537499823518
blunder_loss,Pfa746ce64c80,-0.1582386471444007
blunder_loss,Pb692cd85f602,0.0422274887640242
blunder_loss,Pf66130e25553,-0.39955107392078
blunder_loss,Pd1012b6e868d,-0.312382485985988
blunder_loss,P14f2f487dc0b,-0.4017120203918174
blunder_loss,P8b2612509c33,-0.5687360375106596
blunder_loss,P1d825f43a3a3,-0.5047372702716125
blunder_loss,Pc5d73fbde6ea,0.0674506038180174
blunder_loss,P0c238f31683a,-1.3664184287190435
blunder_loss,P1b80bf19bdca,-0.8311509977788973
blunder_loss,P8212a164e2e3,-2.418751761317253
blunder_loss,P8ea68058ffbe,-0.4805515193353712
blunder_loss,Pb7d4a3879687,-0.8084657855605973
blunder_loss,P867c90da9263,-0.5457526493817567
blunder_loss,P0ac289dedd59,-0.6045583379473032
blunder_loss,P4d1f7169908b,-0.2163060456514358
blunder_loss,Pfeac4f980847,-0.9678445751465378
blunder_loss,Pc6f9586f5734,-1.703965018551412
blunder_loss,P332bebac8e18,0.4929755658434149
blunder_loss,P22067a8a241d,-0.503165583202246
blunder_loss,P0e6f3112e611,-0.9849537085944864
blunder_loss,Pe2afcbb05298,-0.3555633127689361
blunder_loss,P079ff0325fc1,-1.0659750793129206
blunder_loss,P7fd0228d850f,0.469783420364062
blunder_loss,P398456776078,-0.6865096142452894
blunder_loss,P021a9419c937,0.0370079222081909
blunder_loss,P7a69b294a1d8,-0.5768437273800373
blunder_loss,Pb94d29b5ba48,-0.9000149529896865
blunder_loss,Pa1fd2be64f09,-0.2270275056362152
blunder_loss,P1dba555d1f66,-0.1247714081819439
blunder_loss,P4ffb4ada5f77,-1.161101134760039
blunder_loss,P99c9bb32ef9a,-0.3008945848937699
blunder_loss,P904aff244930,-0.1114000375206617
blunder_loss,Pf9ca791a8090,-1.6614074513316155
blunder_loss,P6b296173349c,-0.7329292289874656
blunder_loss,P9fcd9df604be,-0.1940887789241969
blunder_loss,Pfcdf10e20bee,-0.1498291591803232
blunder_loss,Pf3fa16b37eac,-1.5371671080589295
blunder_loss,P928904033f60,1.0830645157227747
blunder_loss,P9e2c0f730ebb,-1.2411736585199833
blunder_loss,P6229c5e42d78,-1.0346244997719032
blunder_loss,P8fb13fab2c1c,-0.831415203051502
blunder_loss,P5fa35b0bb308,0.9582361060145654
blunder_loss,Pcd0aad2c1c3d,0.2141058152234141
blunder_loss,Padb9b3aa8797,-0.1330513694921198
blunder_loss,P67e45d150cd9,-0.829812343362708
blunder_loss,P1e0c3d99108e,-1.486343584937241
blunder_loss,P034c75d45b29,-0.2734906461913413
blunder_loss,Ped0f26abd29e,-0.0562550274004775
blunder_loss,P06ecbdef1ee3,-0.3423255670963447
blunder_loss,P890c8932990c,0.0953385219671363
blunder_loss,P2d2ef1c2f7f1,-0.5125757817752656
blunder_loss,P6a5be5c326c9,-0.2307633935617139
blunder_loss,Pbc209a18dadf,0.7084111956603549
blunder_loss,P9daeb05caeeb,-0.68378905068945
blunder_loss,P38fcf457355b,-0.2099867082316098
blunder_loss,P178f5e004880,-0.1090829127840697
blunder_loss,P1e9bdb7247f2,-0.3152186615126473
blunder_loss,P59eed7cc4af1,0.6268996422489485
blunder_loss,P28e7b8c210d1,2.2166755199432373
blunder_loss,P3508311b6e78,-0.2509623990446699
blunder_loss,Pfef91071d4ed,-0.3633674094823022
blunder_loss,P37754fea835c,-0.0762162517287447
blunder_loss,P1bbb8ff95e0b,0.204373965660731
blunder_loss,P5bdec73a3f01,0.6610110886394978
blunder_loss,P6affd0692743,-0.442814607933096
blunder_loss,P3d1bd549d981,-0.7118170048549236
blunder_loss,P2837f9753ad7,0.1866106279903934
blunder_loss,P1456c6ab01ad,-0.3987597721941598
blunder_loss,P31193c0c27cf,0.8952962415558952
blunder_loss,P16f208196125,0.5395144046843052
blunder_loss,Pa6b19ff68657,-0.1591814805526678
blunder_loss,P71c9f1af475e,-0.1889320015907287
blunder_loss,Pb1b0e5e86822,0.5312946330755949
blunder_loss,P4fa149ef8174,-0.8660448677837849
blunder_loss,P514c078a0db5,-0.0010969462538404
blunder_loss,P2cc7050fd549,0.3090482893691521
blunder_loss,Pb8343d2014d7,-2.042118116592368
blunder_loss,P68b193dac78c,0.1626504356655128
blunder_loss,Pc87a1885fb98,-0.5340230531732624
blunder_loss,Pff5c2a684002,-0.0063195583820342
blunder_loss,P97b4b4e04723,-0.5499177202400416
blunder_loss,P172c50f5e613,0.1354399621486663
blunder_loss,P94a2cd8d175a,0.0
blunder_loss,Pf8c0ac3e9e6c,-0.041260962797746
blunder_loss,Pcd38fbec8ea9,-0.8758028770486513
blunder_loss,Pcc0d6967df6c,-0.2637700604971856
blunder_loss,Pc11a995393bb,-0.8103859032711482
blunder_loss,Pde6e17bda86f,-0.5999903123171091
blunder_loss,Pf9790dde78f7,0.414704176397728
blunder_loss,Pf92c03044fe3,-1.232556926933202
blunder_loss,Pee00b5890ac2,-0.4992149893941134
blunder_loss,Pfb9f665bed33,-2.283705163002014
blunder_loss,P96c91ad1fed1,-0.8925689900444451
blunder_loss,Peb3fe94eaad4,-0.3412389766304745
blunder_loss,Pb022d07fbd99,1.6841631531715393
blunder_loss,P15afa37f2ebc,-0.7991313978861597
blunder_loss,Pbd0becb4cac5,0.3332139888689631
blunder_loss,P6df1cc96d65e,-0.6054448899375422
blunder_loss,P32a8eaa50dd0,-0.9217502247364032
blunder_loss,P6491ae94b7c6,0.219689190668949
blunder_loss,P09bc68935da9,-0.4247109442046194
blunder_loss,Pe24590cfe562,-0.4103883351001594
blunder_loss,P565c9295d7eb,-1.129890688151742
blunder_loss,Pd3960bac6e71,-0.5961743000824486
blunder_loss,P51984721bc08,-0.4077268161646584
blunder_loss,Pcd40859e8e27,-0.5094302841885523
blunder_loss,Pf5f25b4ae44d,0.509113222360611
blunder_loss,Pd2b47485ad4b,-0.2784324884414673
blunder_loss,Pbb4948432088,-0.9703131935769512
blunder_loss,P5c696c067d7f,0.1581530276376551
blunder_loss,Pfed06b88d869,-0.3233690448260555
blunder_loss,Pc0fcac002e8d,-0.7294283509254456
blunder_loss,P822999f20fc6,0.2622467676798503
blunder_loss,P7295311a472d,-0.2175780349643901
blunder_loss,P751d4478859c,-1.1277446030080318
blunder_loss,Pfd07b78f7339,-0.2322775251563031
blunder_loss,P7142eb88b2bb,-0.4783843175019889
blunder_loss,Pceec039d9eb1,1.185202679907282
blunder_loss,P60cdb9820d67,1.4579426173407295
blunder_loss,P2f099fbedebb,-0.4979353600631812
blunder_loss,P3dd00ca43081,-0.2300954536531977
blunder_loss,P137b1697c45f,-2.565688252449036
blunder_loss,Pf13bbf74c86c,-0.3526922518411027
blunder_loss,P46ba1a2444e2,0.0255753326096704
blunder_loss,P6c5e1272152a,0.1480982005596161
blunder_loss,Pa9397d5b0b39,0.923010174528198
blunder_loss,P225461ce25e5,-0.1959741355644332
blunder_loss,P51e6aa5b0c17,-1.6990818810201698
blunder_loss,P32678b377d96,-0.9958328440608012
blunder_loss,P0ef23a9e37f1,-0.673927412678798
blunder_loss,P37602170b203,-0.650760071973006
blunder_loss,P469b666b9bde,0.3131145164370537
blunder_loss,P6f4a3f955d09,-1.132997442483902
blunder_loss,P0bb6bc90fb97,-0.3788336250486055
blunder_loss,Pf7f2069e4c22,-0.86397584695369
blunder_loss,P6b0d0cba2ec4,-0.1269017189403494
blunder_loss,Paa254377aa99,1.3738362320831845
blunder_loss,P2b41ed732864,-0.6466435699730663
blunder_loss,Pfd6126da5277,-0.1994824385975978
blunder_loss,P3bab8dbd43f0,-0.5415227034502486
blunder_loss,P15c1a4eeabd9,-0.9912152886729348
blunder_loss,P355572ec14cf,-0.6019117410103404
blunder_loss,Pbf7815ea4853,-1.367144618918172
blunder_loss,P23d41273a11a,-0.5367109626531601
blunder_loss,Pe25820fbeda1,-0.1452638364086548
blunder_loss,P4b93cc25abb8,-0.7989527616649866
blunder_loss,Pfc6239134547,-0.3315681411399717
blunder_loss,Pb9d40cc553aa,-0.0003030161772455
blunder_loss,Pfbdbe1ff9d68,-0.354332597873234
blunder_loss,P061413032cce,-0.3564252680189574
blunder_loss,Pf0c5c089aa79,-0.471904721619403
blunder_loss,P007e0c038fe3,-0.7446317424376806
blunder_loss,P05ba7d840501,0.8670749664306641
blunder_loss,Paf94cd57e176,-0.4024863516709713
blunder_loss,Pba346917b2f7,-0.2444880392798071
blunder_loss,P2bda47941594,-0.7731426212603348
blunder_loss,Pa90545b74ff1,-0.5316267373554627
blunder_loss,P114a94e07153,-0.3454408789309217
blunder_loss,P6ac37905ea05,0.0436518275165222
blunder_loss,P1a42e16b838b,-0.4936687950372986
blunder_loss,P70f38d23779e,-0.2358514505103031
blunder_loss,P926a4d5b298e,0.7129827375922885
blunder_loss,Pd92f1dd9340b,-1.1068321019411087
blunder_loss,P0defbf896d35,-0.2830948046035234
blunder_loss,Pc034d9b73d47,-0.6663400514566111
blunder_loss,P1eb9a63eac96,-0.544557718788446
blunder_loss,Pd997aa2b676a,-0.2369648170498708
blunder_loss,Pde1f9bbc7b60,0.1966602496625412
blunder_loss,Pfb3de794b3d9,-0.2411742731928825
blunder_loss,P0d89f51610ac,-1.0572475520738038
blunder_loss,P92cee50211b5,-0.5950386932602635
blunder_loss,Pf67de0ed71ff,-1.812850235473542
blunder_loss,P2134338b6e09,-0.6015854809666052
blunder_loss,P5670d241053b,-0.2252740755844567
blunder_loss,P92f266e67912,0.097011554851714
blunder_loss,P12df0cfcbffe,1.0120034317175548
blunder_loss,Pa264ba87365b,-0.6153340926341384
blunder_loss,P2b858150cae2,-0.3905646067443417
blunder_loss,P353289ad06de,1.3444406824807325
blunder_loss,P44bc84ac9dfc,2.498081922531128
blunder_loss,P08ba15d92662,-0.0866658939344306
blunder_loss,P4b9aa1a0b320,0.4942604303359985
blunder_loss,P58e5114cb93e,-0.5208929226630264
blunder_loss,Pdf4bd8732620,-0.3149040582804726
blunder_loss,Pab47e6ee309e,0.5489392280578613
blunder_loss,Pebf532f5fd01,1.1424708319827914
blunder_loss,Pd04d72594d48,-0.3306287868716887
blunder_loss,P40eb456da51f,-0.3734573941411716
blunder_loss,P410bde0b37bb,-0.3065547893444697
blunder_loss,P63997ff4f0b2,-0.4708944277651651
blunder_loss,Pcf97a8ea9ae3,-0.3322774797070568
blunder_loss,Pda1cefdc519c,-0.5934287162129663
blunder_loss,P6612368d8cb4,0.1353885839382807
blunder_loss,Pda0a5c4d988a,-0.1145362329581677
blunder_loss,Pca6bccbb2953,-0.4591232274280278
blunder_loss,P1b2036259b8f,-0.4336887666334708
blunder_loss,P372931ab7478,0.250423898535042
blunder_loss,P06317a212f69,-0.4853748631289922
blunder_loss,P51a2c4e348d7,-0.2230568863451481
blunder_loss,P2a47ac5cc5d2,0.6931998133659363
blunder_loss,P7a4ca44c3991,0.0849529140525394
blunder_loss,P21983a01453c,-0.3185106846538773
blunder_loss,P0d8fdfb6e33a,0.5269916930536508
blunder_loss,Pd089670a8fe3,-0.0530679222941397
blunder_loss,P9e0e542a71a7,-1.5380143531494672
blunder_loss,Pdfc97f185c59,-0.5654631402189635
blunder_loss,P4b0c49504ccb,-0.8274871536876474
blunder_loss,P7157035289bc,-0.2713195670928274
blunder_loss,P0d5d7a35ddec,-0.8461567220192108
blunder_loss,P2a3ca0e7451f,0.9916653603315352
blunder_loss,Pd5e70a34e47c,-0.654297120378755
blunder_loss,P11547704d998,-1.6730323574609225
blunder_loss,Pcfa7bc422279,-0.4588778924517395
blunder_loss,Pd16b42f1c20d,-0.4494579130372029
blunder_loss,P00ef1261dc75,-0.4050240971906085
blunder_loss,P028c4c176cb2,-0.1782943817476431
blunder_loss,Pbe24a22a5f55,-0.2419365242123604
blunder_loss,P612f692f6c1e,-0.4350820104841266
blunder_loss,P3e4d43616bd3,-1.0821754820644855
blunder_loss,Pf82a1b69031c,-0.2822870496472325
blunder_loss,Pf17e670ae1d4,0.4535663342133212
blunder_loss,P586096487c38,0.931915783824829
blunder_loss,Pc6a1aa7de3b5,-1.262472704052925
blunder_loss,Pf7fd84dccf3c,-0.1276303836041026
blunder_loss,P4d929679f55b,0.2399714194651298
blunder_loss,P4f46d3a49f2f,-0.9776229033042908
blunder_loss,P82018f965400,-0.4112879462740574
blunder_loss,Pe865e29c3563,-0.7215147941117328
blunder_loss,P7cf60c916c52,0.0477514192289872
blunder_loss,P5308dc1516c8,-0.6666397515029447
blunder_loss,P62534e253752,-0.4015031076020051
blunder_loss,P035ca277d49b,-0.6035855819781621
blunder_loss,P0122f962af5d,-1.9900183081626888
blunder_loss,Pbb4b3708507b,-0.4589260214727642
blunder_loss,P81055926e709,-0.3878047995269298
blunder_loss,P83507d0fa81b,-1.5897846100585802
blunder_loss,P757b53bc35f0,-0.3576964985214027
blunder_loss,Pfc09a606b500,-1.8227595686912537
blunder_loss,P7b6715497122,-0.3147600749507546
blunder_loss,P1c6b5d1263fc,1.3980547350186567
blunder_loss,P9bdb1cea2e92,-2.3086609359597787
blunder_loss,P666b0625173c,-1.5501022910078368
blunder_loss,Pb013659de46a,-1.6387261599302292
blunder_loss,Pcc55ba6d2224,0.4057845879292142
blunder_loss,P962245f61986,-0.6386747010052204
blunder_loss,P6ed32f145175,-0.1033350396848245
blunder_loss,P800519a9f50e,1.0192312642854329
blunder_loss,P946b788b7604,-0.9691880252522728
blunder_loss,P20c3ad7116d8,0.5716513614628211
blunder_loss,P6eec1334448e,-0.4170694328382245
blunder_loss,Pd1155189628a,-1.885755067501616
blunder_loss,P92a05cefb59f,-0.1666428377608056
blunder_loss,P9950cd12edf9,-0.4457370585037601
blunder_loss,P9e2399ce2889,-0.3323520999401808
blunder_loss,Pe18234d8fddc,-0.7213939473860793
blunder_loss,P493da9378627,-0.3552939583776493
blunder_loss,P7bc176a0c8fe,-0.4309310472892213
blunder_loss,P7b18a67b3ba5,-0.9027272574603558
blunder_loss,Pf40ae32c679d,-1.7491604085597727
blunder_loss,Pac41b389cb44,-1.6000981907782874
blunder_loss,P6bed0217f5eb,-0.5644292348989014
blunder_loss,P61d665637f05,-0.0323959177717415
blunder_loss,Pe2a7a99414a5,0.4731135666370392
blunder_loss,Pb03ba6c2dc7a,-0.5380982589584703
blunder_loss,P8978ed05627e,-0.7712065763771534
blunder_loss,P90b03966c755,-1.1933229140415789
blunder_loss,P6e6132a3f1d5,-0.7574234110954354
blunder_loss,Pa93687338d68,0.0650659700234731
blunder_loss,Pbd422365720f,-0.2814644323041042
blunder_loss,P60d11c9f183f,-1.5686863091153402
blunder_loss,P256546948bb2,-0.4695608626740674
blunder_loss,P09d43eb56b6d,-0.1197610992957709
blunder_loss,P1e8333533fdd,0.3618905482192834
blunder_loss,Pfe5d57a0ab89,-1.4415246687829495
blunder_loss,P8c79eba1f84a,-0.2833267093792794
blunder_loss,P0b70134d9d61,-0.1301975548267364
blunder_loss,Pbbe05e1e24fd,0.1873933165023724
blunder_loss,Pe0c36dcc3246,0.1747260620362229
blunder_loss,P62128d413b5e,0.2981136302862848
blunder_loss,P05dc9839e572,-0.935513991461079
blunder_loss,P4d6de310c65c,-1.6816492795944211
blunder_loss,P3a79401f7f24,0.7605635356158018
blunder_loss,P1719c2ab0802,-0.9844680334130924
blunder_loss,P63163a712cca,-0.4252244398693552
blunder_loss,P7a9d03af4ec1,-0.3159932023988444
blunder_loss,Pa466e6e44a64,0.4712025821208954
blunder_loss,P4c63f0c2f422,-0.8593601045559864
blunder_loss,P14a4abae5cb0,-0.3950803394118944
blunder_loss,P31d98c5e3910,0.920670121908188
blunder_loss,P9862a42525a0,-0.5140152470290228
blunder_loss,P5ace6bdc2ea4,-1.0959493219852448
blunder_loss,P0f4113e53784,-0.4886686478606323
blunder_loss,Pdebf08946c57,-0.6006526826982639
blunder_loss,Pe418b3ad2e6a,0.4493325771763921
blunder_loss,Pdb8a8a491bab,-0.4200151948092258
blunder_loss,P421e8188eb83,-0.868301513968752
blunder_loss,Pca8a628ee105,-0.2699541181325912
blunder_loss,P8b51234c6656,-0.4343502097763121
blunder_loss,Pc1103b7bf96c,-0.1252825493711647
blunder_loss,P44e821225147,-0.5871702691140984
blunder_loss,P3cbae5415044,-0.7225827236970265
blunder_loss,P88b013b05135,-0.1656409280242246
blunder_loss,Pe3035a89a79a,-0.4081640957535083
blunder_loss,P732cdbec8d3b,-0.6150450395937596
blunder_loss,P3df9bfb5ad2b,0.2177583428280483
blunder_loss,P366279295424,1.181614188211305
blunder_loss,Pad0113c2c993,-1.6388859951661692
blunder_loss,P1973fc32ee1f,-0.5137977078557014
blunder_loss,P428aae29f11f,0.2416873139157858
blunder_loss,P18c3adba9645,0.6872026551514864
blunder_loss,P21599efad85c,-0.277635460652602
blunder_loss,Pbf2cf5b53121,-0.3644033526070416
blunder_loss,P486711802deb,-0.5394633663197359
blunder_loss,P569b8927bf23,-1.7009961768984794
blunder_loss,Padb4cdaf627b,-1.3951542851825556
blunder_loss,P12957c28476d,-1.4106519637363295
blunder_loss,P8bf6d4c975a4,-0.0549844867653316
blunder_loss,P69e694c4c246,-0.4864347595272744
blunder_loss,P32ec7de06532,-0.2615108669707269
blunder_loss,Pb38d7511be61,-0.7962084813566149
blunder_loss,Peb6de96814c2,3.150390386581421
blunder_loss,Pe5dbbbe57b10,-1.797769084572792
blunder_loss,P5859476a8348,-0.591599110118893
blunder_loss,Pcc6565ee3777,-0.6805714108894201
blunder_loss,Pe5a799fc99ff,-0.2695305807936362
blunder_loss,P4cd4b2277d93,0.0140088647603988
blunder_loss,P4ec211f48ed4,-0.1631068678365813
blunder_loss,Pa109a6f380b8,-0.4891596029351646
blunder_loss,Pbe4a495489a8,0.7976823036248486
blunder_loss,P567a30ec7731,-0.6426637688326458
blunder_loss,P31eb79783b72,-0.3829331387170535
blunder_loss,P56d25ecafe1c,0.8203731432557106
blunder_loss,Pa20db916995a,-0.8987603960032848
blunder_loss,P4b8abebd7a40,-1.1277965550667517
blunder_loss,P1b4c8ca28702,-0.2730211130630823
blunder_loss,Pa109d116d8cc,-0.4314935874315648
blunder_loss,Pbd8cdc359584,-0.7880213633939739
blunder_loss,P104f8ddd0d22,1.4288685280415745
blunder_loss,P787b50975b57,-0.784945567448934
blunder_loss,Pfc6b03a25c62,-0.3261291342069081
blunder_loss,P5334c7218405,-0.4086812328973159
blunder_loss,P884366b00326,-0.935347151507934
blunder_loss,Pade6501642d6,-0.3588924271365006
blunder_loss,P28f46f0e9ba6,-0.4075034889704687
blunder_loss,Pc294693a0025,-0.1509291958189272
blunder_loss,P32e2c47dd827,-0.3526223151210595
blunder_loss,P659810c1c504,0.1665685906940523
blunder_loss,Paa1c67e9db6a,0.1100772599091376
blunder_loss,Pee300b0fe828,-3.537302136421204
blunder_loss,P467ae24442c6,-1.2698596715927124
blunder_loss,P383c619217fc,-0.1814862524031424
blunder_loss,P1d815f4565a8,-0.5770138809594743
blunder_loss,P053c8f38a526,-0.7844323643956362
blunder_loss,Pf70aebe3fcfc,0.1982682280693993
blunder_loss,P932f2db10b70,-0.0756810948306501
blunder_loss,Pf3ef80595489,-0.9450937509536744
blunder_loss,P22cbe5179f09,1.0823468951558743
blunder_loss,Pd2720784a4bc,-0.6073478911843885
blunder_loss,P0734745ae0ca,0.5046533644199371
blunder_loss,P8079f784ccd7,-1.0418402552604675
blunder_loss,P303d514e5017,-0.570631562040237
blunder_loss,P62fefc219be3,-0.6415658457600881
blunder_loss,P237ed8af5bd5,-0.387064133832852
blunder_loss,P39851771a5a6,-1.1289138694604235
blunder_loss,P1acbab79afd7,-0.0114035304127769
blunder_loss,P35cf495b6662,-1.135374489362169
blunder_loss,Pebe6cd41b864,-0.1743990900710352
blunder_loss,P5839ce0262b2,1.041605669260025
blunder_loss,Pba1156828f64,-0.5465384573104957
blunder_loss,P4263ee6cc3dd,-0.4917175769805908
blunder_loss,Pbce4d81f68e3,-0.2256619410241378
blunder_loss,P28a355c60a19,-0.1626230991147955
blunder_loss,P9a0c4541e9cf,-0.9394647166251192
blunder_loss,Pdef10801f497,-0.2970543840418063
blunder_loss,P14cf666979d2,-1.208888071456126
blunder_loss,P2269b6643d89,-0.7350858959536521
blunder_loss,P236abf0097c0,-0.7701953539556902
blunder_loss,P82481d6f9b66,1.0086462575082595
blunder_loss,Pf9b5901f595d,1.3892385363578796
blunder_loss,P5f2f2b68022e,-0.3820791613207864
blunder_loss,P16d1bc31badc,-0.2501018195037256
blunder_loss,P5683cd7aa4ba,-3.4926910400390625
blunder_loss,Ped1c970fe0ea,-0.0945063230182443
blunder_loss,Pe2aab5c5483a,0.3655938771035936
blunder_loss,Pa20a54aa7576,-0.4876884905306884
blunder_loss,Pb6cbf5b1a86d,-0.7768109293598118
blunder_loss,Pd3502209025f,-0.2300794114358723
blunder_loss,P82a55fab934d,-0.4650910195877292
blunder_loss,Pa772033f022e,-0.3727144709561178
blunder_loss,P11eca599de0e,-0.4503842711448669
blunder_loss,P623c7527c4a5,-0.4550760686397552
blunder_loss,P08fd93d960ac,0.3409350968610782
blunder_loss,P3acf458c9ccb,0.118085724612077
blunder_loss,P7001527d5300,-0.9356410212914876
blunder_loss,P9bd620cdba8b,-0.079943116940558
blunder_loss,P58f3002d319f,-0.1935829599868772
blunder_loss,P767e166cf83c,-1.1341656566567826
blunder_loss,Pd91a5c850905,0.1074682879994097
blunder_loss,P2becb29d2146,-1.3829919750040227
blunder_loss,Pc19fcc82a533,-2.127012971788645
blunder_loss,P5a830a24c2e1,-0.369854986667633
blunder_loss,P6a1b97a2f0e3,0.8159514679150148
blunder_loss,P196a40153f3d,-0.6576901798446974
blunder_loss,P1451f805ea1d,-0.4949002742317329
blunder_loss,Pad5ba985253f,-0.1881334654986858
blunder_loss,P2f18619546fd,1.9561315987791332
blunder_loss,P8e873c73371b,-0.2467632264431033
blunder_loss,P39db58697db9,0.1987978423957262
blunder_loss,Pdcc8a3ec96bc,0.0593148335623329
blunder_loss,P96eb27d0f8a1,-0.5130836099386216
blunder_loss,P61536d3e16a6,-0.560513084443907
blunder_loss,P9948638847e8,-0.406455380388833
blunder_loss,P369cdf565411,-0.7919933823059556
blunder_loss,Pe1fa28623165,-0.3112478368525214
blunder_loss,Pba38cf0bf268,-0.8296184651553632
blunder_loss,Pce5332e14a6e,-0.9924261141506444
blunder_loss,Pbde0da27c4c6,-0.2803483532191742
blunder_loss,Pf21f2671ba98,-0.3852182844758095
blunder_loss,Pb9d92f259ddb,-0.8784031558723963
blunder_loss,P3c5694994301,-1.119278870522976
blunder_loss,Pb0af87cc8f39,-0.4213030431404522
blunder_loss,Pd1c5a718b5da,-0.741112975688935
blunder_loss,Pb295f3145ddd,0.4896624333609546
blunder_loss,P8235c5880bbb,-0.3618335479555966
blunder_loss,Pe6a569f177f2,-0.9624505415558816
blunder_loss,P10f34a1cfa75,-1.6398331224918363
blunder_loss,Pcb9795f12ed1,-0.0914149557550748
blunder_loss,P5fae53ecbd32,0.3815176299403584
blunder_loss,P81703bae20a8,-0.1765078971220252
blunder_loss,P672aee4caedd,-0.9915802138164596
blunder_loss,P17c7f78bfc2c,-0.6515069241452195
blunder_loss,P43e97fa95c2e,-0.6569677439518273
blunder_loss,Pc2126053600d,0.5270903378725051
blunder_loss,Pdce1fa959c03,0.1635653587352288
blunder_loss,P09200a49c5aa,-1.4410170674324037
blunder_loss,P0fc874d33b24,-0.92882679940171
blunder_loss,P4661e620bb34,-0.2866654403300332
blunder_loss,P18687074444e,0.1109286214377517
blunder_loss,P5522497e15d1,-1.3273504078388214
blunder_loss,Pf5167eb40df0,-0.8633763275212711
blunder_loss,P7437416f10f0,-1.80811474720637
blunder_loss,Pd462c37c3b47,-0.6525467078641872
blunder_loss,Pcb905b0c0734,0.2321100521755094
blunder_loss,P58b8667f8bbf,-0.0300088729868587
blunder_loss,P8deeecd4167e,0.1785919124810468
blunder_loss,P56e2601558ee,-2.315469443798065
blunder_loss,Pb470895c299b,-0.5787920226306691
blunder_loss,P3727bb2f4888,-0.3869936585093715
blunder_loss,P9873932cb27e,0.8638793528079987
blunder_loss,Pfc696280e4ed,-0.1295451533331089
blunder_loss,P1f9cc4ec4fb7,-0.1106256397843763
blunder_loss,P091b6d9d07e0,-0.0878456324338913
blunder_loss,Pcd031f0598c2,-0.2994502182644315
blunder_loss,Pf6460b9fd11d,-0.296084452455952
blunder_loss,P2c5fd7b0d0a7,-0.6529530090435098
blunder_loss,P7bb8522586a4,-0.4092789335383309
blunder_loss,Pbdc233a955e8,-0.5541068446168678
blunder_loss,Pac39537848f7,-0.5543960970290593
blunder_loss,Pc9ea41beee01,-1.293630812317133
blunder_loss,P6e3cadb61a68,-0.4827702695430532
blunder_loss,P76cbe1f70d4c,-1.020523551851511
blunder_loss,P1c412d08f4e8,-0.276734842640626
blunder_loss,P0afac44f7082,-0.4603722216561436
blunder_loss,P8f23b90dc66c,-0.4329240205032485
blunder_loss,P3ae81b4a6d87,-0.4706768710992428
blunder_loss,P5868e97b76f4,-0.5485057353973388
blunder_loss,Pcc5e9d449569,-1.909332060813904
blunder_loss,P60677623eb62,-2.1125105134126154
blunder_loss,P0004aafb0d45,0.6189910552153985
blunder_loss,Pdb25ab6aea9f,-0.6475621848683735
blunder_loss,Pa7bf2589d074,-0.6220225215350327
loss_only,Pbe72a47cd805,3.1633380725979805
loss_only,P6e7ec3e44543,-1.111588254175149
loss_only,P3f74e10fa8df,-0.2519714214306857
loss_only,P16252c4b0340,0.232023149098189
loss_only,Pdf4a563e570c,-0.7307980496436357
loss_only,Pf0164f6590e5,-0.6555850732204165
loss_only,P640ac7c3a263,3.018414080142975
loss_only,P7ceeb5109314,-0.7844459004700184
loss_only,Pd4f04179d96b,-0.6327425916461745
loss_only,P357c8620b4da,-0.2233890146017074
loss_only,P28e5cef804b4,-0.7336884665613373
loss_only,P80c3cb3dfe92,-0.7575328079983592
loss_only,Pc5dfad8d8d78,-1.0804076492786407
loss_only,P79740cb7aca2,-0.3125680517922673
loss_only,Pb57f8c2f7295,-0.844440151760104
loss_only,Pe751d68b38ae,-0.897087789739349
loss_only,P9ef0a76219b7,-0.7402100860319956
loss_only,P808ff2f7e424,-0.6214246425277201
loss_only,P6aeca73cbacc,-0.5524734521220193
loss_only,P21f0ed65de62,-0.4653234270569033
loss_only,P32fdefbc317f,0.0
loss_only,P5170311f1eaa,-0.756688217073679
loss_only,Pdf1fa8e4fdd3,-0.5721731973239079
loss_only,Pf8d50054bcbb,-0.7412289179320264
loss_only,P3c96937dcfe5,-0.3832216983676975
loss_only,P3856f21e5a03,-0.6942819408141077
loss_only,Peb4d1f3b1244,-1.2331764549016953
loss_only,P24f1a9e15ff0,0.4160582661628723
loss_only,Pd16d33a96281,-0.2332541954644134
loss_only,P46ae7bcf25f9,-1.1593550757893945
loss_only,P6369f5601c20,-0.5562939586375591
loss_only,P56d1181fd9b7,-0.1436351525619313
loss_only,P637875ff252e,-0.9421181720681489
loss_only,P35d7e5143089,-0.1412603768830498
loss_only,P4d0fb6c8701a,0.1726656894172941
loss_only,P761345d40b36,-0.997534543774756
loss_only,Pc685a8091d57,-1.1984578058139772
loss_only,P9ad29508a988,-0.3838839263965686
loss_only,Pb07ecb2e2f47,-0.2149498146410259
loss_only,Pad075e52eb50,-1.3910119632879894
loss_only,P8709f38fde8e,-0.5070136666711834
loss_only,P1ad93b7d1ea4,-0.2454775124788284
loss_only,Pe24c8f373aef,0.5541251370018082
loss_only,P69cc4d74b892,1.0094907730817797
loss_only,P3ba250b7becd,-0.2490787697260325
loss_only,P5247a29f2952,-0.6381058243568987
loss_only,P3ad770aa9562,-0.9631049118803016
loss_only,P957ae5c25a73,-0.7338374116926483
loss_only,P0b82f375d196,-1.1498675644397736
loss_only,P18c76a73c472,-0.4268740029821037
loss_only,P6ec1ea8536e2,-0.8195333255626676
loss_only,P7a40a70d1a92,-0.2999671073630452
loss_only,P4b85bb25d3c5,-0.2688305577529328
loss_only,P5bfd437d734d,-0.6721414777564696
loss_only,P4dbfb8db5fdd,0.4415299223129829
loss_only,P944d4ddc0490,-0.5953419767636775
loss_only,P032e96e7efcf,-0.4815558943859856
loss_only,P5e97ca2ef6ac,2.5139134991914034
loss_only,P387ec55b6f86,-1.0964869850625596
loss_only,P29b43dc8dcb2,-2.682935982942581
loss_only,Pcb0f2d125c80,-0.998045451939106
loss_only,Pf6f9d91ea1c6,-0.3522050474283539
loss_only,Pb166b514227b,-0.9826887246681726
loss_only,Pf64c374f9908,-0.171002215488244
loss_only,P020d045b2d29,-0.8261851336732132
loss_only,Pf85f2d86ac4b,0.0
loss_only,P6f67e6825351,-0.1520511952840572
loss_only,P226824d750da,-0.6546690908963501
loss_only,P60398848123f,-0.9382263684664108
loss_only,P4ecbaadc218f,-0.9870477819815278
loss_only,P4cd180aedf70,-1.5199536168947816
loss_only,P189a9ecb4255,-0.4352759127756604
loss_only,P53dcac5d90a5,-0.8967599901888107
loss_only,P93a2ef3ea512,-1.706652561823527
loss_only,P479bfcf62817,0.0
loss_only,P5c6d12dd5ad4,-0.9450226860741774
loss_only,P73ee9688b3da,-0.2654051565237833
loss_only,Pbc1e2d7e0520,-0.7859852481931779
loss_only,P731183f39ebc,-0.5320103509351611
loss_only,P7f8b8631a89e,0.344227395391766
loss_only,P13f506afacca,-0.8870691935284392
loss_only,P8767694d6aaf,-1.202916545689934
loss_only,P3a6c622fdee1,-1.8409454580396412
loss_only,P69d3efd9978e,-1.5186324107150238
loss_only,Pc1977d1e29de,-0.625868293809724
loss_only,P8dd940e60881,-0.9028280013746102
loss_only,Pa6e95a21ff4b,-1.7871492244303226
loss_only,Pdb04de3ce84c,-0.8867934346199036
loss_only,Pf0c8171c88da,-0.7482332353081022
loss_only,P03c7d0f9eda4,-0.6398685037158464
loss_only,P7dc25f342b94,-0.6718564022234396
loss_only,P68c2ae730f3d,-0.5220585477165169
loss_only,P20648019b88c,-1.0700480512075143
loss_only,P299d80b66c8e,-0.6914824855188626
loss_only,P97a282075968,-1.5030256882309914
loss_only,Pf82654bbe8fb,-0.3716370265905422
loss_only,P65d3b238a997,-1.222153918728942
loss_only,Pb75dedaf4b70,0.6771575272432528
loss_only,P486d615ff110,-0.411560092570902
loss_only,P1ed20e11d356,-0.8120963513851166
loss_only,P88315a70917e,-0.6132023893296719
loss_only,P80ebb59bcbd5,0.1348181036887345
loss_only,P5a79920da9e5,-0.1989247773753271
loss_only,P8b56994792f6,0.1971118139379002
loss_only,P94fc1280c7d1,-0.7275526123620955
loss_only,P19afdd17bd14,-0.2715353799363399
loss_only,Pa6e509aff4d3,-0.1608300550634704
loss_only,P8ef9a5322e76,-1.3961802330836717
loss_only,P7e0237d267e6,-0.7938181683601377
loss_only,P56ff81374794,-1.0897908867244854
loss_only,P2fe95bb1f4a8,-0.5719105531857507
loss_only,Pabbd39e4fe8b,-0.013617468484239
loss_only,P8d2273ec0b6f,-0.5080078649520874
loss_only,Pa05f276f3cd4,-0.926066141722956
loss_only,P1ec8abecaec1,0.3307600356638431
loss_only,Pd59ab1de8638,-0.7098584307880984
loss_only,P24e5c792711c,0.2929869106935915
loss_only,P0706e66997b7,0.0550299553428814
loss_only,P0ad416c5df89,-1.314134694635868
loss_only,Peec55f876b8f,-0.8056021400900643
loss_only,P5442f1a55c4a,-0.2964597522124585
loss_only,Pa7c821601892,-0.236023056799211
loss_only,Pfe8630c6b440,-0.4144514428607884
loss_only,Pe82b9423af5e,-0.3679210233246179
loss_only,P5dca97ec37b7,-1.0066205226919716
loss_only,P4d07709f31f2,-0.5232458447771413
loss_only,P15dbec66d04e,-0.6463068664428734
loss_only,P8746ef23cfd6,-0.052670020610094
loss_only,P949ab403cb5d,-0.5073434844042093
loss_only,P71077d522208,-0.2839757201468779
loss_only,P5df8d194c9d2,-1.22728307871148
loss_only,Pe93a9845ac63,-0.5032853827058351
loss_only,P2b5fc9244074,-0.6910097389340273
loss_only,P7b6ca35a6cb2,-0.9108982965994028
loss_only,P5517c43a5911,-0.5250620580340425
loss_only,P51362a561304,-0.2942963720004294
loss_only,Pa738485ebf71,-0.701975248378908
loss_only,P5955adac7bf4,-0.6403866463868076
loss_only,Peceef7adcd08,-1.704020428988669
loss_only,P79485c69beb3,-0.2692765289672517
loss_only,Pf34dcec39c5a,0.0916131120069939
loss_only,P5a4048c65adc,-0.3324518713595653
loss_only,Pf03906647f03,-0.4435095756061742
loss_only,P84e1b47d0a63,-1.0086702247053776
loss_only,Pf2c1be17b629,-0.7075485388056093
loss_only,Pa45d5e8649eb,-0.9172557342830806
loss_only,P5332cd904656,-1.3207905024290083
loss_only,P705497492e21,-0.3089402172392532
loss_only,P6dd361828576,-0.4241296149272885
loss_only,Pcc90011a29b7,-0.2973709428556872
loss_only,P84c61359e92a,-1.2874004798896963
loss_only,Pc67d14c06dee,-0.1418649181723594
loss_only,P08afb3226d56,-0.3486245899165552
loss_only,P0920a7bb6933,-0.4841580890473865
loss_only,P33ea367c012d,-0.7638547674287111
loss_only,P4d0ac649e8f0,-0.742807512432619
loss_only,P2eb28583d225,-1.125160806558349
loss_only,P3366f0b49d89,-0.3655386798163034
loss_only,P6c9bf6eff1a6,-0.2101240156742476
loss_only,Pddd8f6353e78,-0.4196988410419888
loss_only,P17e8f927c54f,-1.1705090412486725
loss_only,P2b6788ddb591,-0.404021636234841
loss_only,P2800ff0c6814,-0.4217752651414417
loss_only,Pe22a266c05a6,-1.0950965898851257
loss_only,P981bb560d1da,-1.135341891292592
loss_only,P4c2ace031544,1.2911891043186188
loss_only,P6b0fc3b073ed,-0.4882729961929549
loss_only,P31196137f666,-0.8725021996037421
loss_only,P4824e2caf580,-0.6079477036598498
loss_only,P85388dd96aed,-0.4156214024405926
loss_only,Pcedbf7abf37c,-2.5832236039522654
loss_only,Pff6d282fb213,-1.2912583276629448
loss_only,Pbf16156479df,-0.6186338279030071
loss_only,P4a512fde5567,0.1233456894948885
loss_only,P38066a33f2a8,-0.586493541875341
loss_only,Pf777765657ed,0.2104530800133943
loss_only,P2df25f26b907,-0.9143740910415848
loss_only,Pc4d34dbe5f97,-0.3383566187082206
loss_only,Pa059c1baf7f8,-0.7245047551867589
loss_only,P41a88a367bd4,-0.5322191732487193
loss_only,P1f24c4baba2e,0.6086896359920502
loss_only,P75e4b5a07266,-0.5288781633152781
loss_only,P32812146d5f1,-0.8576278470582255
loss_only,P6e4a1ead79e1,-1.0158957411897267
loss_only,P9d674ba6fce8,-0.8304874459452144
loss_only,Pad1f2e592b77,-0.5472875465789133
loss_only,P0ca13d70505a,-0.0016026189018573
loss_only,P0c89efc4841f,-0.3883583111285466
loss_only,P87790f42f4cd,-1.1600418173905571
loss_only,P8833d33005d4,-0.3195686152003286
loss_only,P9bbb7c173f3b,-2.2565592788159847
loss_only,P9259796f6685,0.0
loss_only,P390a9ec617b3,0.1024806891150194
loss_only,P179e6d4d934f,-0.4836522724900947
loss_only,P8022f569a027,-0.394903368260443
loss_only,Pe7ad5f4bc0d5,0.3461126931721255
loss_only,P94837a493e32,-0.2194353710704793
loss_only,Pf250a036584a,-1.5208845995366571
loss_only,P7a2571df9c8e,-0.5240727286448791
loss_only,P29994f43b636,-0.4506560584205011
loss_only,Pacc5dffa2bfc,-0.6738900977776331
loss_only,P6d5ea20cf22e,-0.9029649655059784
loss_only,P25c61826849a,-0.9813055619720248
loss_only,P5c37b0b77acc,-0.2649226304557588
loss_only,Pa5bf357d2ad1,-0.1909084299841197
loss_only,P887dfacffbd2,-0.4373823309808557
loss_only,P4a77cbacaa7e,0.2425211310785796
loss_only,P04596f92c107,-0.984380973300199
loss_only,P16ab00005e3d,0.0358069690912106
loss_only,Pc7477371d432,-0.7939031437039376
loss_only,P3d711289e239,-1.102361619945441
loss_only,P963547952446,-1.4112101692765475
loss_only,P4cf7750f49df,-0.5827139218648275
loss_only,Pfcac2304ba91,-0.0833144154399633
loss_only,P5ae46afb53da,-1.4686361849308014
loss_only,P6ed748b19f22,-0.7766936484887342
loss_only,P8faff0b9d0e3,-0.5115652856819818
loss_only,Pb8c0fe19a527,-0.2510228470493203
loss_only,P365762a5a9df,1.314208060503006
loss_only,P7af5262d120b,0.2042523410509933
loss_only,P9e61558ab22f,-1.6603745471686124
loss_only,Pef5d8288dac1,0.265248747118067
loss_only,Pa7caf0d81f73,-0.676737700899442
loss_only,Pe6ce9838e2d1,0.3391629697383492
loss_only,P9ed05f881105,-0.8321815935206847
loss_only,Pc129451ec554,-0.6499940921876061
loss_only,Ped8b96cf0d79,-0.6710249781608582
loss_only,Pefd03d0b1d30,-0.990178715260256
loss_only,Pb1f7b894be64,-0.8399417629245566
loss_only,Pd68d1b5639b6,-1.7030485656789758
loss_only,Pd977886e6944,-0.5832630561838124
loss_only,P7df74892aee7,-0.9278624641398588
loss_only,P0cb68b8ac8f7,-0.7832965592543284
loss_only,Peeee7d5cb4cc,-0.3193255134125133
loss_only,Pbbde07fc64fa,-1.533994227495595
loss_only,Pa62c8dd48ec8,-0.7967208092919393
loss_only,Pcf16b8ed956f,-0.470953393922637
loss_only,P6ced7315bcbc,-0.7915414761933123
loss_only,P680447799386,-0.2496653065085411
loss_only,P2e6b646a1111,-1.0622996237306368
loss_only,P6b273fe3b952,-1.1774073519153532
loss_only,P5a7a96d913bc,-0.4975160542542685
loss_only,Pd140429d1f25,0.1926651777086289
loss_only,P697107c617a0,-0.0134003879743656
loss_only,Pc8a6345204ed,-0.466479385793209
loss_only,Pe546d0a6b949,-0.5226710234819628
loss_only,P5e97545b46aa,-1.5551323592662811
loss_only,Pe1d4a2d4e9ee,-0.5562314450740815
loss_only,P6cfd7ad9cf26,-0.501678217202425
loss_only,P4b7c8b26c12a,-0.5862816993295555
loss_only,P4d06bcbba206,-0.6350180615362097
loss_only,Pa95280772800,-0.4833907880194006
loss_only,P9f6deb280794,-0.112521430573746
loss_only,P2e8d14f1d046,-1.0255141910165548
loss_only,P10ddb73a7957,-0.9336241231787772
loss_only,Pefde9497b988,-0.3829122688047852
loss_only,P89bab269c22e,-0.1170088135179279
loss_only,P68252a167e1d,-0.6225034495194752
loss_only,P8ee0e6409bc6,-2.7667220731576285
loss_only,P79a11fa08842,-0.6813596503029785
loss_only,P913db41b64fd,-1.3879522021690551
loss_only,Pe33b47077ce9,-0.7026207038748359
loss_only,P866b0e558f0a,-0.837730378744156
loss_only,P53810ea192f9,-0.9583506112297376
loss_only,P646d9939b571,-0.8648110992583746
loss_only,P65e866d0f350,-1.5438147738575936
loss_only,Pae04347d391a,0.1355421140324324
loss_only,P913de9c8bf96,-0.6373044880373138
loss_only,P276544655dac,-0.5238516894834382
loss_only,P1948d2db0bf8,-0.4427699744701385
loss_only,P44f4e1e90c32,0.0546882491126442
loss_only,Ped167844fa08,-1.1578518308360468
loss_only,P4b77b73a9e99,0.5947475522756577
loss_only,Pb6e936f24f64,-1.1783946686830276
loss_only,P970818f47edc,-0.8117060204490557
loss_only,Pd4622ca7df7e,1.1765450201928616
loss_only,P07bf6597b045,0.0642736136913299
loss_only,P595fdb8013d7,-1.3344320642699798
loss_only,Pec2b8eabe3df,-0.4907410619572742
loss_only,P5926cb13772f,-0.8116600788715813
loss_only,Pced916db13e7,-0.1039244957955142
loss_only,P748bc7728bbe,0.22366308327019
loss_only,P957ab32c130e,-0.9125266075134276
loss_only,Paeaa7e4d578f,-0.707530978322029
loss_only,Pa486a3de262a,-0.3451749167094628
loss_only,P4e8ffc42d56c,-0.6329825206433838
loss_only,Peb05e5281973,-0.4106102812911073
loss_only,Pb20684bb51c6,-0.6447114569859372
loss_only,P99c792acfa03,-1.18172359987548
loss_only,P60c8aa949bf4,-0.6430410611522127
loss_only,Pcb80720688df,0.1652537345265348
loss_only,P0fc00ad13e16,-2.1873633195414373
loss_only,Pf5d2f1941afe,-0.3367155392964681
loss_only,P0b42ab8da1f8,-0.5923594481254185
loss_only,Pb3882cdff342,-0.4586323209781445
loss_only,P972527aeafa6,-1.0025081721444924
loss_only,P7996dac81c49,0.0
loss_only,P7905f35518b1,-1.0156088769435885
loss_only,P69439e47fcc5,-0.5782626967947538
loss_only,Pa382e0ac5b93,-1.2116266229418498
loss_only,Pee45f126337e,-0.485941295903176
loss_only,P9ac11338f322,-0.8087776120519266
loss_only,Pbfd8094246a0,-0.9225473414106226
loss_only,Pcd18e5f98073,-0.6005502445363745
loss_only,P964459c18aaa,-0.4872045454925709
loss_only,P82b5601952d7,-0.8413726174893625
loss_only,P2325dc766b16,0.0893337421119213
loss_only,P87f31bec1939,0.7541520819067955
loss_only,P6ec1ad7ae3b9,-0.5132430556577211
loss_only,Pe2eae2032600,-0.2160723562584724
loss_only,P0b4bb742298b,-1.2535262169197796
loss_only,P889277403087,-0.3093397738204805
loss_only,P3148aff7a6f8,-2.2542875933414632
loss_only,P13cb22f228b6,-0.1473544641455382
loss_only,Pef6060692ad1,-0.7911315623493033
loss_only,Pea7f787b9e8c,-1.4454479120908277
loss_only,Pdcd2f5778d32,-0.7535898345708847
loss_only,P6b2001e1e010,-0.4389551418334404
loss_only,Pbe588895a303,-0.4834202868450019
loss_only,Pe1de99502951,-0.8229536730796099
loss_only,P7cecebfbdfe3,-0.5583010864204615
loss_only,P35f19d5aedc2,-1.1552877502515913
loss_only,P6c8566b31052,-0.8519775420427322
loss_only,Pe8d78c3194b5,0.5396503806114197
loss_only,P63be227d2e31,-0.3367501709867513
loss_only,Pb69960767e8a,-0.3270816458389163
loss_only,P2b3377e256fc,-0.3733705407859352
loss_only,P3dec839cf94c,-0.4865035061336877
loss_only,P7eb058196e55,-0.4969414109920228
loss_only,P7622f9e5734b,0.0
loss_only,P79640761b2bb,-0.7301146862076389
loss_only,P62900b0c2135,-0.2900707554625364
loss_only,P1d01516359fd,-0.5951732049385706
loss_only,P579919b80f3a,-0.8277393619219463
loss_only,Pe3847cd42b14,-0.8883706240337512
loss_only,P397de6b35297,-0.0352313876152038
loss_only,P57e09986ea29,1.431185245513916
loss_only,Pea8c6238f3ee,0.052842408962666
loss_only,Pf11997b2fe71,-0.2305770366608749
loss_only,P5601a22513db,-1.8237746357917783
loss_only,Pa6301e66bd5c,-0.4377889131733686
loss_only,P939df957db68,0.5687726934750874
loss_only,Pd8d403d4d0eb,-1.0628852721055349
loss_only,Pe8605a5b09a3,-0.4716839579605618
loss_only,Pfe818d853594,-0.4809610343702128
loss_only,P9198b769cb85,-0.7253135839507419
loss_only,P9e4707f0e8c9,-0.3045922461897135
loss_only,P3f9c6591652b,-1.988089740276337
loss_only,Pd9f1857ee3dc,-0.6447955160951394
loss_only,Pc4ea98dfad73,-0.2571605631403828
loss_only,P2efa7bf19c4c,-0.3888609602084208
loss_only,Pc386a263f618,1.5153751373291016
loss_only,P2a1bda42dd77,-0.2425561845302581
loss_only,Pc42bb1f7a49d,-0.5353354405818714
loss_only,P02274cc2262a,-1.4473641514778135
loss_only,Pa37ed643ad43,-0.3273965263428787
loss_only,Pd32a8ff695ce,-0.4088875701418146
loss_only,Pef13168fd0a3,-0.606863323499238
loss_only,P9bd6b7ee4879,0.3849660554353317
loss_only,P1864f4635c75,0.7879335006587526
loss_only,Pe64319ebe70a,-0.4042030326525371
loss_only,P6c3e88934f8d,-1.3074287952411745
loss_only,P44940e9c789a,-0.3964442305473817
loss_only,P0e0b6f9f3b6c,2.8663392066955566
loss_only,P025eccee970c,-1.3831696808338163
loss_only,Pf578f4869b96,-0.0775033709840013
loss_only,Pa177fdfac7e3,-0.3142993216216564
loss_only,Pfefb95c39ced,0.2123927069620954
loss_only,Ped13af22a163,-0.0298693502321839
loss_only,Pb3703e7a1c65,-0.2845064298904141
loss_only,P5ce4ee31412a,0.4901336686064799
loss_only,P4d928615351b,-1.618841615319252
loss_only,P3b50aeb0b4ca,0.0164855733247739
loss_only,Pb885085cf84c,-0.5354988119059871
loss_only,P60bb50066808,-0.3558551548848474
loss_only,P4e02bb04d48d,-0.4132352967156674
loss_only,Pdca3955a0072,-0.6250189542770386
loss_only,P251f22e36231,-0.0636023491010677
loss_only,P6e40b44d1789,-0.4761059722342041
loss_only,P96cb5e112e0b,-0.8037315272985704
loss_only,Pf2003c93cd85,-1.2312088409986022
loss_only,Pb03855bf283d,-0.3350808685513757
loss_only,P6f1473622c07,-0.7740613669787082
loss_only,P7a74278c6664,-0.1907178983092308
loss_only,P8f47ef4e5172,-0.1375319994986057
loss_only,P52f4a37f0261,-0.749507643116472
loss_only,Pfa835a658a44,-0.5410185995910848
loss_only,P495f2e8fa224,-0.7681426405906677
loss_only,Pe82d6329da71,-0.4467392524083455
loss_only,Pc3bafd638992,-0.4283046110843619
loss_only,Pca135a0baeb3,-0.9656947207522228
loss_only,P2f8ff0abe71a,-1.3967730682343245
loss_only,P77176d3120e0,-0.9606311193533472
loss_only,Pe269cfe1cffa,-0.2393883533046197
loss_only,P74446dda01cb,-0.5461791995600731
loss_only,P1ebb8a2847bb,-0.2681230872380312
loss_only,P4a45ed7d876e,-0.3566791330367423
loss_only,P50894c60dfa6,-0.0261624217033386
loss_only,P1a9f08b93205,-1.1137147364280526
loss_only,P62e37bac9106,-1.246968417428434
loss_only,P689b9b11cfc5,-0.9570281844806504
loss_only,P35c7595d1120,-0.1589266821742058
loss_only,P126ce54d19ef,-1.2407250177968252
loss_only,P7eb1d07029f6,-0.0467804944144435
loss_only,Pe19a713f8563,-0.274947735694201
loss_only,P96c8b6ca0244,-1.0995825239541854
loss_only,P7c822b4856ba,-0.3643042851696244
loss_only,P83b83df8cb45,0.2794265358372488
loss_only,Pc1ea2532444c,-0.2571697812970905
loss_only,Pfccd9723ce7a,0.7151015939477614
loss_only,Pdb53dda2099e,-2.589702069759369
loss_only,Pf1ea68735def,-0.5481641849767591
loss_only,Pa832bd71390a,-0.9065791452170036
loss_only,P08be79fd917a,-0.590737642765111
loss_only,P8cdf692dc6ba,-0.3368049165090689
loss_only,P8630511a49e3,-0.593131079304786
loss_only,P839ead64b3e9,-0.2795255137607455
loss_only,P3a0d8b676817,2.2409173250198364
loss_only,P5354e7500238,-0.4550633728504181
loss_only,Pe3b47fe67aab,0.8240913381325264
loss_only,P61aaa45df345,-0.3210260346933998
loss_only,Pb8ab8b0dd803,1.3510401795196922
loss_only,P9e42ffaa2ba2,0.1617364902877145
loss_only,P942fadd32c1b,-0.2952417644899596
loss_only,P1d9ac7888460,-0.5574482006331285
loss_only,P5efe71a957dc,-0.5635302425042146
loss_only,P32e761b84890,-0.5210799382449316
loss_only,Pd5e9c8e9135d,-0.3101157943407694
loss_only,P4e317ec4e979,-2.347722351551056
loss_only,P2cb8187bf432,-0.4761917922515741
loss_only,Pfca65a592139,-1.1302964659407737
loss_only,Pac0ce376e42c,-0.2093913705753428
loss_only,Pa830645198fa,-0.0200595610180326
loss_only,P006613cc1c5d,-0.2262674947195998
loss_only,Pc15f9c5333c8,0.5727030058287912
loss_only,P06d1faf623ae,-0.8039735887583871
loss_only,P1a64cf175ab2,-0.5076223123587367
loss_only,Pe87601cfee8c,-0.0941210335076069
loss_only,P95f860778e94,-0.5677962562171373
loss_only,P672893cd84c6,-1.3691970103091615
loss_only,P77f1bdcb067f,0.0234381705522537
loss_only,Pea0c277ea9c5,-1.6123400098747678
loss_only,Ped68dbd8a223,-0.0661529574822334
loss_only,P94c7cbad5490,-0.3850945205915542
loss_only,P5470ce7f1fd9,-1.1933877730949058
loss_only,Pfa038e8e8df6,-1.0921323739885198
loss_only,P3f27cc7f69ae,-0.8930412644027349
loss_only,P15ccbe4a90f7,-0.3740381205358756
loss_only,Pa300ce6c6e88,-1.0329317740473516
loss_only,P3db5f52aa742,-0.8461869391612709
loss_only,Pd863302b0ed0,-0.1840344052466388
loss_only,P57d1e3179b04,-0.669560496500836
loss_only,P0e71a980a95d,-1.1868557079798645
loss_only,Pd5a1258f2ab9,-0.7842370233155395
loss_only,P0eb19f9e091f,-0.5978476396066716
loss_only,P6550996e15e8,-0.6836288641497911
loss_only,P40ed172afa8b,-0.989014144451174
loss_only,P6edc9343fa80,-0.4344646881390063
loss_only,P50da76cd25e4,-1.9181957840919492
loss_only,Pe4e656b299a1,-0.975078874488332
loss_only,Pb97d2c45a71b,-0.4043886404069333
loss_only,Pa4a1d7c07b82,-0.607387835868397
loss_only,P5ddd4b25d01f,-0.493411324568871
loss_only,Pdb224ff8c48c,1.8193892240524288
loss_only,P0ee66488bab5,0.2270666162172953
loss_only,Pd69d37a29e0d,-0.113793174733322
loss_only,Pa88b3ca70580,0.061276591486401
loss_only,Pb1ba06ce5f24,-0.6700148760961989
loss_only,P694d06d912d1,-1.5154071448149071
loss_only,P6cbd482ae5ff,-0.9086221481362978
loss_only,Pd9681abaa2de,-0.960867335398992
loss_only,P1732605a3113,0.6115363538265228
loss_only,Pf341d5089ace,-0.7720754921349386
loss_only,P4d925953bb41,-0.6974204778671265
loss_only,Pc8bf14cb87cb,-0.476625382900238
loss_only,Pd90d727f85d1,-0.9791980385780334
loss_only,Pb9a32e34c839,0.1511236153926432
loss_only,Pef1f4fe04fe0,-0.8195775520092007
loss_only,Pd9ceefc38abb,1.2125206515192986
loss_only,P8b8272896994,-0.9484796898129086
loss_only,P5a1dfb3f3409,-1.1681917068390495
loss_only,Pf17b54a13f0f,-0.0741808779368875
loss_only,P747db736eee1,-0.7126393923548262
loss_only,Pa7632a5f9bf7,-0.5014828584496938
loss_only,P9862d62dd62c,-1.1201482025920646
loss_only,P71f2ac2740ee,-0.9171718366635152
loss_only,Pe50aef5f0820,-0.028018271362301
loss_only,P0d2ecf6af208,-0.800146545807702
loss_only,P79bf9a9403af,-0.4473481433062618
loss_only,Paf440d3e23bd,-0.3449136752673685
loss_only,Pbd11dc7e99e9,-0.177358644513134
loss_only,P0bb65e4f4af2,0.0663365876134583
loss_only,Pd8362d4e7d8d,-0.2536492103549502
loss_only,Pd1a9475780ba,-1.9383810199797156
loss_only,P5aa41dd7d0e2,-0.2504553367743539
loss_only,Pdba5a8ce254a,-0.5828978478495805
loss_only,P68b4e16c286f,-2.039396865293384
loss_only,Pc9f399bd07da,-1.1819407322168574
loss_only,Pedcfec59c58d,1.2205765843391418
loss_only,Pbb3e67841c3e,-0.1168957192759575
loss_only,Pf141ee433e09,-1.3515002678402446
loss_only,P0ae65767dae9,-0.3198400114973386
loss_only,P445a250ef11a,-0.7030199158384844
loss_only,P4597e1a44e62,-0.4702777984763021
loss_only,P536bdc9b54a9,-0.4816394955851137
loss_only,P1388ac4d04e8,-0.6703876402480856
loss_only,Pa2175078daaa,-0.8210093352444832
loss_only,P7f5c5d635e83,-0.3603627792245838
loss_only,P25be25b34922,-1.2521127401029362
loss_only,P7881a7ad15af,-1.276049256324768
loss_only,P3bcc92c79e07,-0.4078128515254883
loss_only,Pf8725e6290c2,-0.4073285351489572
loss_only,P80eb980ade35,-0.1887108017468736
loss_only,Pd8fd63034d52,-0.5370847322046757
loss_only,P9d37fd595831,0.539482693944592
loss_only,Pe3d6e31a0287,-0.6559912272056139
loss_only,P7f0ade4d9056,-0.2490391140634363
loss_only,P393ca4a66450,-0.3982339328791797
loss_only,Pc9eb3db6f781,0.1379097698108634
loss_only,P89e0201d3c7f,-0.4524002447724342
loss_only,P8fba9eb1a05f,-0.1906277136874526
loss_only,P8975f7e61c74,-0.2901709998647371
loss_only,P391fd7373707,-1.790015161037445
loss_only,Pe81cc403f552,-1.2687448843654177
loss_only,P7d529f6e5e0d,-0.976152770376326
loss_only,P4cdda8e2d8ce,-0.3639894554675335
loss_only,P749e6d6d6f62,0.0
loss_only,Pa1ba6643e866,-0.3946127151080212
loss_only,P0f077f787fbb,-0.2228590292973886
loss_only,P0b6b0a7033dc,-0.6839559223148084
loss_only,Pe94df10a1cc9,-0.981209340168338
loss_only,P6d3b5d667472,-1.2639399905289923
loss_only,P9520a7f890e7,-0.6862037583717923
loss_only,P0bd9a1cf3b83,-0.2526233567013627
loss_only,Pd67bc7eaf014,-0.7311182609966863
loss_only,Pf00b1fa1a24d,-0.6034670217829866
loss_only,P4e1cb5a7b525,-0.5744470549768295
loss_only,P90687339cb32,-0.284861425558726
loss_only,P151c21e08acb,-0.8472199508122035
loss_only,Pc410155d550e,-0.8695571546413883
loss_only,P9b8b3584cdf0,-0.763263983401556
loss_only,P518880f0a7d4,-0.7865856481458411
loss_only,P3d88149855e2,-1.8257756295303504
loss_only,Pe06673761d91,-0.5846184613415683
loss_only,P9fed090cdad6,0.0
loss_only,P48e94375b98a,0.3553132949516075
loss_only,P85371637b966,-0.2603362012207646
loss_only,P49bd8e96441c,-0.626432265675129
loss_only,P16e21c8b828f,-0.0417703579622085
loss_only,P0bc267001ac8,-0.2732052961326759
loss_only,P67cead42e0f6,-0.0242678374052047
loss_only,P7af62af3fc2a,-0.5928028574778752
loss_only,P6e51c9211e79,-0.0987402443613764
loss_only,Pae4a0350f826,-0.5450172623203436
loss_only,P36b88293fa79,-0.3452339828014374
loss_only,Pba66f09ec511,-1.2427988270417047
loss_only,P9ecd828bfa22,0.7198772061616181
loss_only,P812600e1492a,-0.5380726226936204
loss_only,P817752060aef,-0.8967048071790487
loss_only,Pa26e33765725,-1.5256474912166595
loss_only,P8f98106e984b,-1.125164324517495
loss_only,P8c8777a71ce2,-0.3343463596247602
loss_only,P6d21545a82a4,-1.0645569596371431
loss_only,P6969389e75f2,-0.2502599271619922
loss_only,P5abc32817105,0.5079787236948807
loss_only,P04c60e3a9370,-0.3296512730146797
loss_only,P77a9b00b12e8,-0.860290004304634
loss_only,P555125c62407,-0.9190695360302924
loss_only,P6432324a4031,-0.4662307798862457
loss_only,Pce90bef09fea,-0.6333773979402363
loss_only,Pd4c72b597d93,-0.7436610863078386
loss_only,Pc1091a1ae3bb,-0.3456315905992575
loss_only,Pbc434d988b27,-1.2526642401701749
loss_only,P750100219982,-0.4592677707755656
loss_only,Pf341138fbda1,-0.983073951131336
loss_only,P54cd901adf41,-0.1344839036464691
loss_only,Pf9c5c3399d53,-0.2981639035727528
loss_only,P937099897be9,-0.2752314075827599
loss_only,P630fba092798,0.0030486322939395
loss_only,P37dd992e97da,-0.2617354905498879
loss_only,Pc33052d98e22,-0.9307170876612266
loss_only,P26ef37abf8e0,-0.5457511088914342
loss_only,P48e1662149c6,-0.7458591353068723
loss_only,Pf478e1745e7b,-0.58208889788313
loss_only,P0e9d6bf95a66,0.3525746911764145
loss_only,P7837c0b5f361,-0.4752019655398622
loss_only,P926bc474828f,-1.0208188189241367
loss_only,P527269f06c14,-1.158120724471208
loss_only,P6c7b67b4f90a,-0.6774876480249784
loss_only,Pecdd14a6a45b,-0.6737072193460729
loss_only,P3af30305a642,-0.0185506045818328
loss_only,Pedb5159d05e1,-0.9170118342210416
loss_only,Pc2d6d3ed3d34,-0.74920699292173
loss_only,Pdb0e5a5fd697,0.0612719257672627
loss_only,Pbd19c8fdde12,-1.2972321373053517
loss_only,Pd88ae03d1751,-0.3067589253187179
loss_only,P62166bb6f55c,-1.0581686822573344
loss_only,P46fb84fe171d,-0.6524761236228404
loss_only,Pa156cf1f9cbc,-1.2499144226312635
loss_only,P3fcbd7cbdbcb,-0.6345133672528699
loss_only,Pefea79e1ae13,-0.0745018504740979
loss_only,P16b66ba98aec,1.4329162282603127
loss_only,Paf4718c05bb8,-0.3926654234528541
loss_only,Pce86ed7c24a9,-0.2927436269819736
loss_only,P68f3c1918211,0.0385795412957668
loss_only,Pa7a2adba1879,-0.3558274119549111
loss_only,P7769ad218dd3,-1.4528288867245265
loss_only,P9672e9a88bba,-1.1804781675338745
loss_only,P38883ecb3ddc,-0.8558798330709646
loss_only,P4f537aecf274,-1.8166455030441284
loss_only,Pc43284eac0b7,0.156979564577341
loss_only,P2195abc8fda6,-0.3690498173236847
loss_only,Pec6d4237c95a,0.7214214253154667
loss_only,P8a1bcf95556d,-2.294877483509481
loss_only,P8dff23db61fd,-1.0631272792816162
loss_only,Pf4105d184e50,-1.2316230032593012
loss_only,Pbf667a4d7b56,0.7487467638666925
loss_only,Ped3a2487270b,-0.9636136109148652
loss_only,P2717d7ba49a9,-0.3540571108460426
loss_only,Pe452dcc59325,-0.3486163176223873
loss_only,Pae4a2f31ffb8,-0.6601428836584091
loss_only,Pd3241ccd3270,1.7475169360637666
loss_only,Pcd4381fe5f1a,-1.3171780000552855
loss_only,P5c3dab36d9bb,-0.511898619975286
loss_only,Pbb7c245fe683,-0.1099764150256912
loss_only,P0bb0865a0959,-1.202355475664915
loss_only,P1ab4fb966fce,-0.7305143091701842
loss_only,P3eee550f7eea,-0.4931089001229243
loss_only,Pc484cab72398,-1.2814473559459052
loss_only,P5db5000b2333,-1.3553251594305038
loss_only,P74db283abfe9,-0.0738828778266906
loss_only,P5a425dbed003,-0.5628720543411666
loss_only,P1fc16fd22e8d,0.0326234598954518
loss_only,Pe2227ec6a242,-0.6355947547661149
loss_only,P08022923c7c0,-0.4480312178863982
loss_only,P0b918bb07cd1,-0.5521499691654628
loss_only,P97d5ca980e4f,-0.5711603673303732
loss_only,Pbfdc5e16e551,-0.2290512919425964
loss_only,Pce0b4632573e,-0.1394984084572246
loss_only,Pa48e1202b933,-0.6240222329894702
loss_only,P3370f92190fa,0.2448727095968464
loss_only,Pe797a857ba26,-0.3944222747857812
loss_only,P757e153654c2,-0.7433678998865865
loss_only,P907ec6d1986a,-0.3104289002130532
loss_only,P24cd1b5affb5,-0.136812483270963
loss_only,Pad0bcf500878,0.0
loss_only,P615ca4da6d29,-0.7917006785670917
loss_only,P38c1a000517b,-0.6206686645746231
loss_only,P70f709da6f2a,1.3185516943534217
loss_only,Pe1338a9b47ba,0.1697642382766519
loss_only,Pd4dcf33d3ca7,-0.3399906624256382
loss_only,Pd194db16fd30,-0.6186153183380763
loss_only,P90653949f03c,-1.085899282991886
loss_only,P0a9f06fb5bdf,-0.1658610945774449
loss_only,P1a9f17c46f8a,0.039198413491249
loss_only,Pef316327253c,-0.7093651527166367
loss_only,P5f3b39257889,-1.0016296113349512
loss_only,P1d0584dcc53a,-0.9972960452238718
loss_only,P3aff267c2fe2,-0.4167729432766254
loss_only,P7cf78a62d03d,-1.318202222386996
loss_only,P400c42b6adbf,-1.7351214289665222
loss_only,P363d04c9c712,-0.4617288473966545
loss_only,P51865cb9a6d5,-0.2215137235269505
loss_only,P89aeff4c8a88,-0.5794682025906736
loss_only,P4fa83826e77f,-0.1036661037554343
loss_only,P74c7fd1d49d7,-0.6382645761749873
loss_only,P50c8b20cd00f,-0.3518529461791546
loss_only,P85f6b52a562c,-0.9550401601058232
loss_only,P5d704bd33445,-1.2768586120671694
loss_only,Paad7fdab6fa8,-0.2237017317467238
loss_only,P56234dbecb1c,-0.3386668503019169
loss_only,P46fc5f4faced,-0.5034848374676539
loss_only,Pd4d3ccc61faa,-0.3677169513031145
loss_only,Pe2003eb52340,-1.0591284857410677
loss_only,Pe153edcf9709,-0.9347888118020444
loss_only,P0df65a7c914c,-0.8155627585876176
loss_only,Pe096d2fdb758,0.0069104924049301
loss_only,P0d15b9e97197,-0.0559482725100189
loss_only,Pe98545072c69,-0.6321255028247833
loss_only,Pb1f147d06916,-0.2129457069619681
loss_only,P92a9cdc78f23,-0.6792340237821782
loss_only,Pa82c9f22395b,0.4172650873661041
loss_only,Pcfe0279227b7,0.3807656764984131
loss_only,P653319b71e25,-0.1766754211414428
loss_only,Pc62f43f46158,-0.5829504895202571
loss_only,P9b3e2c91552e,-0.6342202823134141
loss_only,P68f4325aa74f,-0.7684554690229042
loss_only,Pe7d116d4800a,-1.1511063378755793
loss_only,Pf16d01c49d18,-0.5298840093322925
loss_only,P557d231a4836,-0.4598471846883044
loss_only,P2f1ae32f008b,-0.0274684786380979
loss_only,P0682b3bf2428,0.3519791662693023
loss_only,P1606386770b2,-0.3146359017328351
loss_only,P78825f731d0f,-1.4529151320457458
loss_only,Pa736a30e48bb,0.0210901217328177
loss_only,Pa1d99671e51f,-0.3399139046669006
loss_only,Pb28638a5ee36,-0.4670439767896848
loss_only,P9856ed5ebece,-1.136824686390658
loss_only,P7609d3461169,-0.5133850770601786
loss_only,Pc6ad91a72eb5,-0.3195189237594604
loss_only,Pc015f45143a8,0.1490747334180368
loss_only,Pe09c2c2ca735,-0.6310989856719971
loss_only,P93e53f6c4e3e,-0.0904006636233399
loss_only,P0944a0d8bc0b,-0.5664419997204327
loss_only,P48588c0a15a5,-0.7736713989138084
loss_only,Pf9b3c29c570a,-0.6233139873831532
loss_only,P562f3aba6ae6,-1.8729484179403904
loss_only,P2b3ada1f6120,-0.4884393045838267
loss_only,P66932ec253d9,0.0522188275742034
loss_only,P4a4f4620805e,-0.1909733499064791
loss_only,Pe5af64cf5d01,-0.5794356675079396
loss_only,P9920508c747e,-0.5302721957365671
loss_only,P0a05af3775b0,-0.7727705185105472
loss_only,Pefccd423ca2e,-0.6177388777335485
loss_only,P80295f7be2a9,-0.5636333301663399
loss_only,Pf1dbf5a4e2d0,-0.9977146171825736
loss_only,P47f754d9b81c,-1.713949569966644
loss_only,Pae5761b83d10,0.2481494788017098
loss_only,Pff07e983f71c,0.8660828868548075
loss_only,P7941cd6fd073,-0.8319262518088891
loss_only,Pc132cb9ceb32,-0.5684787886933996
loss_only,P12979e1c84f7,-0.6968747146893293
loss_only,Peff0980f3819,-1.2157679597536724
loss_only,P048a8c404d4a,-0.2702237415092962
loss_only,P90cd4c97f0e7,-0.4217352229687902
loss_only,Pc8e96baf5bc1,-0.5484597285976633
loss_only,P3a4d8b9f5a74,-0.5534330434511315
loss_only,P419908e43f1c,-0.5680123886161816
loss_only,P3e4f03fd8968,-0.1487872099374846
loss_only,P413a4b548c73,-0.3246277913053194
loss_only,Pa066c288bfc5,0.2201095074415207
loss_only,Pe9f75db10eeb,-0.7857886830275714
loss_only,Pce3ac8db6547,-0.6222697515604965
loss_only,P6f3c3a804804,-0.0795351006090641
loss_only,Pa682316b1b19,-0.6881588210798024
loss_only,P83e6d0aadfb8,-0.3623762745516641
loss_only,P261b242dd66b,-0.934804453466632
loss_only,Pb6b0fe102309,-0.1991736954220676
loss_only,P38f3a53eb2f8,-0.5307770525976503
loss_only,P067081dfef87,-0.186154246177953
loss_only,P9daeb8232315,-0.3626315610331868
loss_only,P1cc04eb444af,-0.4423115353566953
loss_only,P455b62800b6f,-0.290554148386474
loss_only,P6cb22110d071,-0.6779864341219215
loss_only,Pc84bb70b107d,-0.545509363986082
loss_only,P210627a34558,-0.7247870063239877
loss_only,Pa71c58b8f344,-0.827193954900873
loss_only,P1025efb7e732,-0.3442346562641938
loss_only,P630d09ab0817,-1.6536768823862076
loss_only,Pf1ad6cd25de3,-1.81797917932272
loss_only,Pb3ae85e5db79,-1.2559699901858754
loss_only,P34845f34e83a,-1.0544103384017944
loss_only,P5e30bc674c1c,-0.2008574756878054
loss_only,P6034a389e63a,-0.9739359499971032
loss_only,P28496c0c3ee7,-0.2448091808375385
loss_only,P3bd3c3d49d85,-0.2152519977941281
loss_only,P7500bc33db82,-0.7027058366244634
loss_only,P09072b61fc92,-0.7355891471134087
loss_only,P0da75d95870b,-0.6444142657847415
loss_only,P8ca15c405efa,-0.8569302331242296
loss_only,Pb0baa70166b3,-0.4919593946646071
loss_only,Pde2836a360b4,-0.0825377655910327
loss_only,P6ee7c3002348,1.570920467376709
loss_only,Pc1114acee9f1,-1.0137327639325695
loss_only,P82738800d34f,-0.3521114302421706
loss_only,P75d2b4a2c1a6,-0.6862577837335566
loss_only,Pca9accf1d470,0.843848192691803
loss_only,P50139b49f92e,-0.1385949552059173
loss_only,P288042c9235a,-0.3058532785055706
loss_only,P0ea16f2161b9,0.0643822947103115
loss_only,Pe289d3f47641,-0.3946152664721012
loss_only,P7f7e364406fb,-1.236926395446062
loss_only,P4a80baaad1c3,-1.3135257494946322
loss_only,Pda935120a431,-1.096747519662183
loss_only,P9efb3739c075,-0.4020824227440105
loss_only,P5d08108e6893,-2.095382145986977
loss_only,P7752cc852c92,0.1753944704929987
loss_only,P7beb9c4cc0f5,0.4136889427900314
loss_only,Pe66de9012673,-0.6598679233300322
loss_only,P7ac9ea7fda65,-0.1548525620665815
loss_only,P233dab88091b,-0.7139468821031707
loss_only,Pfae71c610e9c,-0.8491455493899692
loss_only,P59eb522d603d,-0.4587428759712952
loss_only,P2ece9a64e4c1,-0.8649954611166484
loss_only,P6a3bd2e0dc36,-0.6695029574135939
loss_only,P9d3f23fcf561,-0.0483788047774285
loss_only,P1ec8e0cadb46,0.5843720448513826
loss_only,P83d94b511d4a,0.478955931464831
loss_only,Pf12ec3ae8295,1.2159952223300934
loss_only,P966ddc368c3c,-0.3906375983836281
loss_only,P1c6522005297,-0.6277636319482365
loss_only,Pd85df180fc4c,-0.1401553820207899
loss_only,P3e28259bd77c,-0.5839979617013817
loss_only,P806a01af15eb,-0.2378034683061898
loss_only,P9ee81fdbd96d,-1.428638517856598
loss_only,P4260094ba059,-0.5089613957519092
loss_only,P5a02a1f65691,-0.0974371867875258
loss_only,Pa54748ed2536,-1.1814062400824494
loss_only,P31099edc0f57,-0.5291338875889778
loss_only,Pf200df3596cb,0.8557454107794911
loss_only,P54e9e9770957,0.3170428141951561
loss_only,Pc82f1f6af6df,-0.8435873856914691
loss_only,P4529c040ce26,-0.7532092536613345
loss_only,P21ce6231d450,-1.5219078801040138
loss_only,Pb44c04433355,-1.3760152501719338
loss_only,P260548a957d8,-0.2485676584223275
loss_only,Pe640e0020152,-1.168546116600434
loss_only,Pfe1edfd5fc52,-0.7309008313724644
loss_only,Pc5a16c01522b,0.7320440173149109
loss_only,Pa9a763147d14,-0.5985116937304314
loss_only,P4a2f281e1651,-0.5002069745083194
loss_only,P7826879c814c,-0.5642012134194374
loss_only,P72f95cbb25fc,-0.3337989710271358
loss_only,Pdb0212482022,-0.4036771921472747
loss_only,P5427fcd7ee3f,0.4138496785482524
loss_only,P456521e5b0dc,-0.4415347116688887
loss_only,Pbcff2253b9ce,-0.4087360530056887
loss_only,Pf22718786446,-1.0058353492132728
loss_only,P3fa8fede317e,-0.4364809691905975
loss_only,Paddf17d74ea4,-0.4714857328755406
loss_only,P4a45d08705ef,-0.4582477198292811
loss_only,Pc343b32f8b3c,0.0777713422663509
loss_only,P59739f27118f,-0.0337736270702314
loss_only,Pfcba7b88954e,-0.0424843122561772
loss_only,P43f783646060,-1.328111320734024
loss_only,P1054bd2201f6,0.6788554794603918
loss_only,Pb341e962151b,-1.188891484269074
loss_only,P765467198a60,-0.5093499714481903
loss_only,Pfa0fbce891c8,-0.5581869815855147
loss_only,P1c014225bad3,0.331745445728302
loss_only,P4df2e67b948a,-0.6577674290140559
loss_only,P9a9eeb7769f1,-0.4610674331585566
loss_only,P6635112cc1ee,-0.23461047715197
loss_only,P83cb1d128e35,-0.0881064884364605
loss_only,Pedfe87de42f9,-0.445419879186721
loss_only,P7f85c52801ba,-0.7092183060557037
loss_only,Pc6827ddbf335,-1.0036650871614456
loss_only,Pdf1df3552e7e,-0.9100103914870552
loss_only,Pbcec9abe6d1a,-0.5390188898891211
loss_only,P4841fcafc86e,-0.3398437589050396
loss_only,Pf563c728ac8b,-0.8205108180929978
loss_only,Pcb6e58f36c78,-0.620335520511227
loss_only,Pcc8acd5bbca0,-0.9052623378282556
loss_only,P05436984050e,-1.38766328049528
loss_only,P8b3055cd0b4c,-0.7307348656261683
loss_only,Pf93c47c22412,-0.5496633131926258
loss_only,Paa3a5e58214e,-0.4681783377355527
loss_only,Pc280f40b6113,-0.7976460208495458
loss_only,Pe89fe90d41a8,1.338873565196991
loss_only,P814ba57d68c6,-1.3251170337391205
loss_only,P1bde6ea2f603,-0.6262035369873047
loss_only,P7f5cd4ae53ce,-0.5801613132158915
loss_only,Pbbe2f632939f,-1.136548365965975
loss_only,P693407dff640,-1.1318173874169588
loss_only,Pe3633aaaee78,-2.1684418320655823
loss_only,P17dd5ef61b85,-1.399304666556418
loss_only,P8c46e95b137c,0.8265261862959181
loss_only,P2358fed6f939,-0.1364189314079426
loss_only,P12fd6571c323,0.3835579144599085
loss_only,P1cad34589d34,-1.2572228154433625
loss_only,Pbcb4e239940f,-1.0580689617477002
loss_only,P2a1b0f1cbf62,-0.6859806030988693
loss_only,Pe1e45ef4fa3d,-0.6729577555965517
loss_only,Pa25c3d77994c,-0.6463648683081071
loss_only,Pb791d443a086,-0.4462513881858694
loss_only,P74e96ae93747,0.2180490791797638
loss_only,Pf082a322ce6d,-1.6597771090164315
loss_only,Pbbc1c3e5e5f5,-0.9586160622496436
loss_only,P3ef995f80a3a,-0.1980634376242805
loss_only,P7aa543f917e3,-0.282510318373417
loss_only,P8b89a6fdb270,0.0589708086517121
loss_only,P698995d10112,-1.3072296199699245
loss_only,P8a1da7c05367,-0.3967571138409375
loss_only,P1ec3b5297f0b,-0.2025906415578599
loss_only,P1ef048c00f08,-0.461181107968358
loss_only,Pff492887c88d,-0.8373055809195804
loss_only,P50b16ee45f65,0.2846516834199428
loss_only,Pa1e9387aca36,-0.4819139376696613
loss_only,P43eaec2dc844,-0.2692885666906516
loss_only,P657811692351,-0.1967274589197976
loss_only,P32768ba8aedd,0.6249160952311719
loss_only,P14a312421eef,0.5455449449171623
loss_only,P39103a4b8779,-2.209804713726044
loss_only,Pffd061586c57,-0.914784466472814
loss_only,Pa6fe790935aa,1.409182955821355
loss_only,Pf2527af93f45,-0.3568912071819413
loss_only,Pb9badb3c9715,-0.8318852932425216
loss_only,P2d88d15a3184,-1.0610458552837372
loss_only,P40ec54d08597,-0.5558278261111265
loss_only,P75cf673f4a3b,-0.0207833033055067
loss_only,Pc839225a5549,-1.0693612396717072
loss_only,Pc343a49c974e,0.744751355300347
loss_only,Paa5b1eb7663e,-0.6950899376917411
loss_only,P7bf7446b6235,-0.9065291362814604
loss_only,P7c3477e7afc2,-0.1392860153170467
loss_only,P9a47d6c307fb,0.4491490125656128
loss_only,P8be27e787546,-0.4533860970746006
loss_only,P095732c98a5a,-1.3240306874116263
loss_only,P473b69f3d1f9,-0.6815690908817544
loss_only,P9f8007f1648f,-0.500587671995163
loss_only,P360d70fc9b78,0.4406125439951817
loss_only,P9664924a826f,-1.108096333945227
loss_only,P2ca0b1a054e7,-0.752635834173796
loss_only,P6f8442efa7f1,-0.0170865722373128
loss_only,P6a952464c5a9,-0.6923456946281692
loss_only,P07f6cfb128c7,-0.3995976748151912
loss_only,Pa161a76f9be6,-0.2883270978672468
loss_only,Ped1b636ecab5,-0.7397538078948855
loss_only,P7f6e31736710,-0.3284472904173109
loss_only,P9d44c1022685,-0.482578458223078
loss_only,P41a6d7ad563e,-1.1327060345901618
loss_only,Pd6a189e09e91,-0.427457040388524
loss_only,P0b379bea2067,-1.5349012854198616
loss_only,P7f472c73fd7b,-0.6642071182529132
loss_only,Pa6f6d75a436c,0.4243730306625366
loss_only,P6fe355e64d50,-0.8450778268086605
loss_only,P0991053d7017,-0.7108002630057474
loss_only,P27adc4b06f99,0.0625640485021803
loss_only,P01d3a1ede0bf,0.2497833967208862
loss_only,P5bc36325d72e,0.6407870855182409
loss_only,P11251449e686,-1.2465432115269373
loss_only,Pc5773e75fa7c,-0.3373106398300272
loss_only,Pc20e7dd44f24,-1.733948756636744
loss_only,Pb044955043d4,0.2244892194867134
loss_only,Pd0786a108d53,-0.4019234885437972
loss_only,P789aaf2dc470,-1.0427882025639217
loss_only,Pae526b043c84,-0.1301740586757659
loss_only,Pf09219c9723d,-0.0346741750836372
loss_only,P812612c3989e,-1.4771721959114077
loss_only,Pe07414501291,-0.5906271364178249
loss_only,P8231ae65d986,-0.7259338293224573
loss_only,Pe7581a5e8e38,-0.2246735252535326
loss_only,P4ec03662cd02,-0.994209082176288
loss_only,P3ba351105c91,-1.4149005269864574
loss_only,P37097fb67c93,-1.1317329011581565
loss_only,Pcb1da528c7c7,-0.4494960700949797
loss_only,P8bac5966e670,-0.3132104056266447
loss_only,P4126c071982a,-1.0755216032266617
loss_only,P4798fd584386,-0.6140131779966388
loss_only,P1939a45b7b46,-0.1779802635783443
loss_only,Pf5bd7b8ec6fb,-0.5567526443011019
loss_only,Pafac00388da6,-1.585965724401919
loss_only,P9f8a02581098,-1.7472233176231384
loss_only,P15948d1ecd6f,-0.2181585803627967
loss_only,Pba6e3c79c648,-0.202421926633933
loss_only,P71bc74729d6a,0.2826555930078029
loss_only,Pfedb799a97c2,-0.5031583905220032
loss_only,Pcc47961d92ae,-0.3264017353455226
loss_only,Pe3914f45ac65,-0.4917547119936595
loss_only,P5515b7682e14,-0.4425915386341574
loss_only,Padc59676907d,-1.293482031673193
loss_only,Pc328ca08ca5e,-0.3526300944692862
loss_only,P94f060f03541,-0.6553284835983794
loss_only,P6d6b87e95cec,-0.4398679346025979
loss_only,P7c6ae98470be,-0.6068993021705563
loss_only,Pb29f8e378409,-0.509431365430355
loss_only,Pfe339467c7f1,-0.3632017890612283
loss_only,P6971b6977ada,0.0322076449663799
loss_only,Pb0022e2404a2,-0.011568171085504
loss_only,P2768fdaae14b,-0.014927159415351
loss_only,Pf8f2fcc168a2,-0.858555231207893
loss_only,P168f3c0aba8f,-0.7393076445417439
loss_only,P2ad9d64ab341,-0.7745181243887849
loss_only,P87262322a470,-0.5594729438431181
loss_only,P922abdb30b48,-0.2975238029716789
loss_only,P7f11d9620218,-0.3769666284448338
loss_only,Pbde8126fdcaf,-0.964415953135612
loss_only,Pcec4dc3a9cee,-0.3335152556358429
loss_only,P043c70469589,-2.1949466466903687
loss_only,P92cd03b44cd5,-0.5817312002182007
loss_only,P51fe70bf736a,0.0
loss_only,Pa13a5df1396b,-0.3825729987087349
loss_only,Pe0513c77af75,-1.2787708098831456
loss_only,P41c94d9afb49,0.1867165094843277
loss_only,P28c1d9359857,-1.3870773036032915
loss_only,P909095a2fa1f,1.4163274765014648
loss_only,Pb6d81c2aeace,-0.8030319415032864
loss_only,P1c2f1969afd1,0.1279177381967504
loss_only,Peed57c2af570,-0.0168114448739205
loss_only,Pfff1c35a8107,-0.9160749037798044
loss_only,P37a4732a19f8,-0.2107546479840363
loss_only,Peef2d1b2f73e,-0.540239839178836
loss_only,P66533be38215,-0.9104761375735204
loss_only,P879c5a61ca0d,-0.6892859243996907
loss_only,Pabd7cd0b56d4,-0.519893738305734
loss_only,Pe4ce910fcd68,-0.319960556658121
loss_only,Pdb7c70e20a81,-0.7450030477204534
loss_only,P95578e0f7cb3,0.9493099053700764
loss_only,P6c4810dd2bda,-1.2161633795846134
loss_only,Pda41d5a82f3f,-0.7352856025099754
loss_only,P96a304a95748,-0.4160779764609677
loss_only,Pbb613bbea67f,0.2404087302940232
loss_only,P023d18ba968d,-1.5947330965756032
loss_only,Pe03535150ed8,-0.3637019888985724
loss_only,P93d709b1b5ba,-0.3144513009470843
loss_only,Pd4762b1da9c1,-0.513147934575001
loss_only,P9404d87c819b,0.0418657993276913
loss_only,Pdaf619ef52a3,-0.2865021526813507
loss_only,P402ef67e3b4a,-0.6617647683158416
loss_only,P9ee5e480a3b1,-0.1497830202182134
loss_only,Pad6c38c7358d,-0.8369953304282665
loss_only,Pbc62e20e8caf,-1.0186532111175288
loss_only,P9e77f028d24b,-1.2405331134796145
loss_only,P5cebaae5f47b,-1.8345925770699976
loss_only,P32da2fbca100,-0.4915159028799584
loss_only,Pb65c1a09468d,-0.4711085362897979
loss_only,P6ba321d339d2,-0.7540426619548464
loss_only,P174aee011be8,-1.89443779449772
loss_only,P48c1433f8c77,-1.1543282666317527
loss_only,P5edc34ee6b7c,-0.2131593970895314
loss_only,Pdff49afdfa8b,-0.2546060586969058
loss_only,Pdc39c3c8987e,-0.2575506463500798
loss_only,P2f2300830c29,-0.8914476931095123
loss_only,P3943658dc6d2,-0.1058442179291021
loss_only,P0ad63bffb474,-0.6085994255263358
loss_only,P62a0d095bbf1,-0.4140755557765563
loss_only,P34339060bd0b,-0.5246375604559392
loss_only,Pa3284e221301,-0.0431653127074241
loss_only,P242ef7e1c13e,-0.4378670960109644
loss_only,Pb31130428925,-1.0551770745556968
loss_only,Pa320fef87ddd,-0.7833244159507254
loss_only,Pb60259898a67,0.0920166251404831
loss_only,P075e4aabc34e,-0.7172833312967504
loss_only,Pa409c3f22ff1,-0.5730942513734575
loss_only,P370e1ab042ce,-0.8963234244891182
loss_only,Pd6365cb8271c,-0.561297632753849
loss_only,P48917d5bbb0b,-0.2913873364379566
loss_only,P23639f40a1ae,-0.2440149516330148
loss_only,Pae02ffad6ce3,-0.4399478007059386
loss_only,P2d7f8cdc071f,0.4488179385662079
loss_only,P371d1d2c7967,-0.0543818550716553
loss_only,P334e89ce15d3,-0.287781236693263
loss_only,Pbb533f99dd66,-0.2482973347980896
loss_only,P55fae69040e3,-0.3032319909678055
loss_only,Pbdf2ddc29f6c,-0.2026894092559814
loss_only,P9b5e55ea4060,-0.7352387838893466
loss_only,P03178c8297b4,0.28464351925585
loss_only,P1f7b9a745aab,-0.9354779331811836
loss_only,Pc52295a1ea5f,-1.0634613772132984
loss_only,Pa1e633a1c05b,-0.2435839767108173
loss_only,P20d81128e867,-0.0561824922986102
loss_only,P83c1d1f8b42a,-0.5592807299395403
loss_only,P01bee04a9b3e,-0.3315964341163635
loss_only,P57bd98e7c9cf,-1.0391315813043287
loss_only,Pe37cef4a7ef5,0.0146669327250498
loss_only,P221c43604f50,0.0437461462519353
loss_only,P0703e4c8d556,-0.1699249745489197
loss_only,P3f90558a0c95,0.39567282050848
loss_only,P3f0e7142d44e,-0.1565363864817395
loss_only,P825e7ab15d61,-0.8247283031091545
loss_only,P1260a21db0c0,-0.2321269707033588
loss_only,Pf84b584a058f,0.6561994771162669
loss_only,P7421de863f8a,-0.3819086968516804
loss_only,Pd987d6de8765,-0.2838363450563823
loss_only,P3f7deecd9dca,-0.6115230779955135
loss_only,Pebc77b4856e5,0.0769655915843645
loss_only,Pb677647e5986,0.1970596972132279
loss_only,P7d00f4fa0063,-0.508816754961243
loss_only,Pd2810fac32e9,-0.7915246298329698
loss_only,P0120464aad54,-0.5561722145778024
loss_only,P6135f9935b71,-0.6271012034267187
loss_only,Pb832aaad8e06,-0.1763087748377411
loss_only,P152f89a99e18,-0.465402474006017
loss_only,Pca96754a60c1,-0.4876811007658641
loss_only,P8a5913cc2e87,-0.6539917958113882
loss_only,Pe357960237fa,-1.4321044291510727
loss_only,P9951bc1a4c0f,0.631574367483457
loss_only,P3b9c35504e6a,-1.4190084295698806
loss_only,P3a1dcc8c90f0,-0.0919602587819099
loss_only,Pd1e4c6285e9e,0.7754079874850706
loss_only,P84e2710c5113,0.0883316294600566
loss_only,P91b07f11ecac,-0.456497429145707
loss_only,Pf9a630ab7620,-0.7288006569628631
loss_only,P3a3ef9b3d0e8,-0.8749009747032894
loss_only,P5edead730fa7,-0.0168223219832134
loss_only,Pa5ed5c58ebb4,-1.5786401971310808
loss_only,Pba901b9ea7ab,-0.083902658894658
loss_only,P3ca8121ec336,-1.132018767140354
loss_only,Pa092156f87ff,-2.11323470953438
loss_only,Pcac0c44c16dd,-1.3591154245109147
loss_only,Pdadd2f3d443c,-0.2483640421520579
loss_only,P4126c799b4a7,-0.7570986394715381
loss_only,P9fde131654ce,-0.372875707183266
loss_only,P5db2c2fd2d8a,-0.9064372844674808
loss_only,P371fcd1b7828,-0.449278983126126
loss_only,Pecc899e8f6bb,-0.4892624975566232
loss_only,P4fdeadd3ae5e,-0.3269529640674591
loss_only,P55821aa0ee02,-0.3928682626251583
loss_only,Pe9cc0911bd75,-0.736159694087864
loss_only,P1093f768653f,0.0817937256410868
loss_only,Pd7469eb5b838,-0.490182974216291
loss_only,P0dfd18059d97,-1.8671064972877505
loss_only,P6652b82a80cd,-0.2883519184376512
loss_only,P065379bad11c,-1.0720779709517956
loss_only,Peb05651f907e,-1.3787320761217012
loss_only,P108003b1ab18,-0.947589137701865
loss_only,P38a047edb5e1,0.0253173470398686
loss_only,P7303367b599d,-0.0439406335353851
loss_only,P9cf995a1c0af,0.1284123703837394
loss_only,Pb29e69a5ccd3,-0.6384747344238534
loss_only,Pd2919ca64c21,-1.6137365728616715
loss_only,P910bd2c05c19,-1.1848410239248046
loss_only,Pabe3a7a215f0,-0.4810271962175321
loss_only,P9659f63fe68b,-0.4141486098816536
loss_only,P04d350c7081b,-0.5273599705129548
loss_only,Pb3323e502fd6,-0.8076876004536947
loss_only,P2d270ef3698a,-2.290094193071127
loss_only,P6cb6e7940be5,-1.606116833165288
loss_only,P1c167ea9d6c9,-0.8006119132041931
loss_only,Pa53be076304a,-0.6315811287480673
loss_only,P2dad39c41197,-1.463241524994373
loss_only,P91ccf336aedd,-0.7126323974057812
loss_only,Pf0735de7b733,-0.1745642515875044
loss_only,P52e257901034,-0.655974234143893
loss_only,P81345a970df8,-0.8018872427443663
loss_only,Pa05f3f716683,-1.4466721365202424
loss_only,P61588d2d506b,-0.917946569621563
loss_only,P26d80069b31e,0.026647267576294
loss_only,Pe9a606363347,0.5548826903104782
loss_only,P0faa11a93280,-1.3580961697818517
loss_only,Pb5d89ec878e7,0.0
loss_only,P56b9e6197db7,-0.5192485029120498
loss_only,Pabdcdea636db,2.104774296283722
loss_only,Pb7129dbfc3cb,-0.2486634004278803
loss_only,Pb2b7f26b20ea,-0.5449551660004555
loss_only,P3b22a736337f,-0.348795899618417
loss_only,P2c876d9ca97f,-0.6476424052653944
loss_only,P5a52138446ce,-1.340287953703886
loss_only,Pb4ea9bc0f76f,-0.2234388176174391
loss_only,P6618f67363b6,-0.1728098459167691
loss_only,P277a3bc9a9b0,-0.6523761946034022
loss_only,Pb44bdee25ea4,-0.6686655775141512
loss_only,Pba982a8e220b,-0.4094103717871494
loss_only,P0975a1dd12ba,-0.6363699685573051
loss_only,P3ae673de8066,-0.7193117442166155
loss_only,P584154eb074a,-0.622887748863242
loss_only,Pad2e39bf5734,-0.0923193477094173
loss_only,P664c68b04083,-1.0873192846775055
loss_only,P365702120eaf,0.079778517389463
loss_only,Pf6641d989cb9,-0.8765841711358481
loss_only,P0fe7d4c76fde,-0.6373444218119227
loss_only,P0b2077628821,-0.2714984261120359
loss_only,Pa4bdf42193ce,-0.982055700606788
loss_only,Pc6f7316353d2,-1.4283470491568249
loss_only,P9a483b101fc7,0.168239177993683
loss_only,P9244d52cc5c4,-1.0257885709462842
loss_only,P674c02d2cdc7,-0.4171616371041015
loss_only,P1a6ff7ce6f7a,-1.303728386759758
loss_only,Pdc5a49a8f1ae,-0.8977419787361507
loss_only,Pb73e4a82d583,1.6020177893340588
loss_only,P6febd7b6489b,-0.5691838791932355
loss_only,P8b646a21690b,-0.1697535252730761
loss_only,Pb8e527d69da8,0.8047564823490878
loss_only,P98ae232fecab,-0.1177672346433003
loss_only,P0158a774b13f,-0.0941604776725131
loss_only,P812179d96f44,-1.1154935732483864
loss_only,P8ea460b05c8e,-0.3428346711763633
loss_only,P99e2094c5a76,0.334306732684906
loss_only,P83c765a813a2,-0.6204482561157426
loss_only,Pdf5a22898f77,-0.3590708933770656
loss_only,P3e4d411df052,-1.5096459736426673
loss_only,P539cd365eb73,-0.0540291265950022
loss_only,P1b7e27adf771,0.0963684060531292
loss_only,Pf15ca370f428,0.5385143224682127
loss_only,Pf3890f54d9bd,-0.8014407123799042
loss_only,Peb2110accecc,-0.945113323825913
loss_only,P5a9f1764f6bf,-0.39454859419493
loss_only,P99aa5673fe47,-0.5399030343991259
loss_only,Pf276b59fdf6a,-0.1636600604812978
loss_only,Pe2da4cb0f4f4,0.7195005908918878
loss_only,P929c9da2ca4d,-0.048627681949203
loss_only,P93c015d967d6,-0.6257454029451957
loss_only,P0fc74cbbb61f,-0.6005810499191284
loss_only,Pee7e9699300c,-0.7380219531499513
loss_only,P4e9ba86174d0,-0.5209202706813812
loss_only,P5dc5269a79d5,-0.4612502496820633
loss_only,P6b82d28aea53,-0.9683831073343754
loss_only,P2933ac17491f,-0.175839142837603
loss_only,P023500e97547,-0.8009222695547523
loss_only,Pda2324cec618,-1.5786623060703278
loss_only,Pafa7b81cfaa3,-1.069878665033377
loss_only,P627bc01f8f95,-1.2807514270146687
loss_only,P9479c6a171ab,-0.7668883784089384
loss_only,P214aba7668f9,-0.0467456420883536
loss_only,Pa8b4d9f66e64,-1.2806735048162474
loss_only,P021789816668,-0.3912038059753118
loss_only,P302352d0ba84,-1.5214647696245396
loss_only,P5d8ce07c099b,-0.7510354816913605
loss_only,P75b97f00eb03,0.1117518631120522
loss_only,P83b0a6c72d2f,-0.6955567274753953
loss_only,P09dd21243864,-0.601411663952333
loss_only,P7f7a902f3020,-1.3136111811867783
loss_only,P08a35be1a9f5,-0.120257914359016
loss_only,P18015b63df22,-1.0440714061260223
loss_only,P57605ec83451,-0.7950544097326602
loss_only,Pbe71c6fc6dec,-0.4048108317692661
loss_only,P7f3df1ac2054,0.3825400292216949
loss_only,P53c8731576f1,-0.431764469289421
loss_only,Pc7d4a449ccd5,-0.4256414771080017
loss_only,Peada94290aca,-0.2320372710784079
loss_only,P5adf6a486ad3,-0.634807966971471
loss_only,P3ef88dd57320,0.0551304826512932
loss_only,P80391149879f,-0.5675314762653855
loss_only,P107cd3cce5ff,-0.3322597726486626
loss_only,P80572e2e038d,-1.1235772064990468
loss_only,P712a15bf0e6f,-1.280323357735243
loss_only,Pad35224f69cb,-0.8474279834651005
loss_only,P7080532f7e33,-1.0585675125611806
loss_only,P08138e69aa8d,0.4311133623123169
loss_only,Pb8e3301b2a74,-0.2468357204468197
loss_only,P3fd0e39eaf0a,-0.3362221709857083
loss_only,Pd3caffd9ca92,1.432032525125477
loss_only,P7bf9f64eb498,-1.172209060113681
loss_only,P80156e5e9278,0.1153069501121839
loss_only,Pf8cb4a31e638,-0.2364748162428001
loss_only,Pf50c3667813f,-0.8223165058745788
loss_only,P205001f79889,-0.4783995217047782
loss_only,P712597ce3113,-0.5857133489898609
loss_only,P1075eca1226f,-0.7016590071936469
loss_only,Pd1c103d52bc5,-0.5968887816137375
loss_only,P54dee37df895,-0.298946787789464
loss_only,P2c8d128456e7,-1.097111362674666
loss_only,P2dd225772fc5,-0.9246020317077636
loss_only,Pc994f2f664d0,-0.6339998181211504
loss_only,P225f9fdd0e6a,-0.6182895889418537
loss_only,P26a25e7e0acd,0.3775741315136353
loss_only,Pee3bd2759128,-0.9722734636192122
loss_only,P8355228c7fcb,-0.8788824180761974
loss_only,P4f3b2a2ade9e,-1.1938744080790649
loss_only,P35c3c82a1f69,0.209682604721324
loss_only,P8b84543fbeee,-1.43357785542806
loss_only,P6f46ca46d531,-0.5761089489879838
loss_only,P28e3e6213211,-0.2447211545731171
loss_only,P889b32057ba6,-0.7107005471621936
loss_only,P237c90ffbc3d,-2.3806784940617423
loss_only,Pa806b3be4c73,-0.1841758608214229
loss_only,P307331710618,0.7231984393937247
loss_only,Pe2016442eada,-0.4887199066095147
loss_only,Pc995fb025ba5,-0.6009602772064473
loss_only,P58f22023bcff,-0.8319300988068183
loss_only,P9537bacac8c5,-1.751573123037815
loss_only,P6fc37d87e562,-0.2125949114561081
loss_only,Pb0b882ba78c2,0.9681409388780594
loss_only,Pb282962db92f,-0.480437578704566
loss_only,Pbb3beb1cac9c,-0.5093299225424275
loss_only,Pb840bf140f47,-0.8047469888503352
loss_only,P216e7b1288e1,-0.259790433834428
loss_only,Pb99157f4b8bf,-1.1688100753495327
loss_only,P1445b99bcfad,-0.8059726912171961
loss_only,P750cc1f596e5,-0.6757506537768575
loss_only,Pdb3b32bc391e,-0.9304214343428612
loss_only,P111b99534596,-0.6861075269989669
loss_only,Pfb57f066fa4f,2.5056941509246826
loss_only,P95f74d92ac2a,-0.4806337742143275
loss_only,P4531a17263ab,-0.6889242306351662
loss_only,Pae9a78de2ffa,-0.8201367077018031
loss_only,P55db4aa6eaf8,0.0024122988843979
loss_only,Pac849309965e,0.1780302792787552
loss_only,Pfa746ce64c80,-1.0622092649756825
loss_only,Pb692cd85f602,-0.3602228448757789
loss_only,Pf66130e25553,-0.4747109652256988
loss_only,Pd1012b6e868d,-0.9991276887224588
loss_only,P14f2f487dc0b,-0.6808646858558743
loss_only,Pe705badc5a39,-1.269042044878006
loss_only,P8b2612509c33,-0.4922896589500671
loss_only,P1d825f43a3a3,0.5670819021761417
loss_only,Pc5d73fbde6ea,-1.0029931501732223
loss_only,P0c238f31683a,-0.2053246958853884
loss_only,P1b80bf19bdca,-0.8050863259867792
loss_only,P8212a164e2e3,-0.4925185203966167
loss_only,P8ea68058ffbe,-0.411916518323737
loss_only,Pb7d4a3879687,-0.7263403701843621
loss_only,P867c90da9263,0.6611022005478542
loss_only,P0ac289dedd59,-0.4386759603293569
loss_only,P4d1f7169908b,-0.9141441238009268
loss_only,Pfeac4f980847,-1.3743006038650514
loss_only,Pcbcc5593e6df,-1.155933938920498
loss_only,Pf6f33f08b36b,-1.4439617693424225
loss_only,Pc6f9586f5734,-0.5298570990562439
loss_only,P332bebac8e18,-0.2820480763912201
loss_only,P22067a8a241d,-0.6482092540666806
loss_only,P0e6f3112e611,-0.1191161498973116
loss_only,P079ff0325fc1,-0.3044133577919141
loss_only,P398456776078,-0.6591408147030517
loss_only,P021a9419c937,-0.4728221497261076
loss_only,Pb94d29b5ba48,-0.976714925386689
loss_only,P4e5e2b5a7db9,-1.6688924357295036
loss_only,Pa1fd2be64f09,-1.756582430922068
loss_only,P1b1e4e1a700a,-0.4203926962282922
loss_only,P1dba555d1f66,-0.1463365986298623
loss_only,P4ffb4ada5f77,2.2319990694522858
loss_only,P99c9bb32ef9a,0.5348636512127187
loss_only,P904aff244930,-0.6248551812170656
loss_only,Pf9ca791a8090,0.1028260494723464
loss_only,P2cb3029d116d,-2.175891935825348
loss_only,P2b3a492a2658,-0.839144746462504
loss_only,P6b296173349c,-0.3701849007922725
loss_only,Pfcdf10e20bee,0.6069605446287564
loss_only,Pf3fa16b37eac,-0.4360291224438697
loss_only,P928904033f60,-0.4191284861383738
loss_only,P9e2c0f730ebb,-0.6195703488960862
loss_only,P6229c5e42d78,-0.1836734257229836
loss_only,P8fb13fab2c1c,-0.8539529774021402
loss_only,Pd06d8fe40777,-0.6551335696292679
loss_only,P5fa35b0bb308,-1.4684081081491474
loss_only,Pcd0aad2c1c3d,-1.1079599629062045
loss_only,Padb9b3aa8797,-1.2975943297147752
loss_only,Pc1753b9e8d08,0.5345156788825989
loss_only,P56f23c3b7936,0.6031610630452633
loss_only,P67e45d150cd9,-0.5554333057996526
loss_only,P1e0c3d99108e,-0.9151907103353094
loss_only,P034c75d45b29,-0.7161701146395091
loss_only,P06ecbdef1ee3,-0.1369340297670997
loss_only,P890c8932990c,-0.4409881222098374
loss_only,P2d2ef1c2f7f1,-0.7798511204184276
loss_only,P6a5be5c326c9,-1.4417020661135511
loss_only,P58534d0c2187,-1.0226086040741655
loss_only,Pbc209a18dadf,-0.4389779217541217
loss_only,P9daeb05caeeb,-0.3618911667015742
loss_only,P38fcf457355b,-0.534923315908091
loss_only,P178f5e004880,-0.3233660909580066
loss_only,P2b549ed2b87f,-0.3626105278454445
loss_only,P1e9bdb7247f2,-0.2585014138427196
loss_only,P59eed7cc4af1,-0.5245250810652207
loss_only,P3508311b6e78,-0.0994147496457147
loss_only,Pfef91071d4ed,-0.1731803404705392
loss_only,P37754fea835c,-0.3804837199004685
loss_only,Pb7d4e6c26d58,-0.8439838072386655
loss_only,P1bbb8ff95e0b,-0.1628170770903428
loss_only,P34110829e84e,-0.5648526400327682
loss_only,P5bdec73a3f01,0.0605004740258057
loss_only,P6affd0692743,-0.1225391327613221
loss_only,P3d1bd549d981,-0.8105117671930552
loss_only,P1456c6ab01ad,-0.0951076765512034
loss_only,P31193c0c27cf,-1.6950275897979736
loss_only,P16f208196125,-0.363918342939791
loss_only,Pa6b19ff68657,-1.0427036998914885
loss_only,P71c9f1af475e,-0.9179449230006764
loss_only,Pb1b0e5e86822,0.5286012291908264
loss_only,P514c078a0db5,-0.5109492076826947
loss_only,P2cc7050fd549,-0.2616851026909278
loss_only,Pb8343d2014d7,2.1627246737480164
loss_only,P68b193dac78c,-0.2839350562890746
loss_only,Pc87a1885fb98,-0.6178877379222367
loss_only,P3d2b66d461ab,1.088622361421585
loss_only,Pff5c2a684002,-0.5456143518533014
loss_only,P97b4b4e04723,-0.6938465444578065
loss_only,P172c50f5e613,0.1096197105530236
loss_only,P79fc9c711dde,-0.6287675499916077
loss_only,Pf8c0ac3e9e6c,0.2269098596060456
loss_only,Pcd38fbec8ea9,-0.8472984376851516
loss_only,P8da456e91500,-1.2412794828414917
loss_only,Pcc0d6967df6c,-0.7331076128904621
loss_only,Pc11a995393bb,-0.8715412518268125
loss_only,P1d24468ea7f9,-0.7820422455802092
loss_only,Pde6e17bda86f,-0.3541401225317014
loss_only,Pf9790dde78f7,-0.4075647580126921
loss_only,P1f8587ecbc02,-1.204754188656807
loss_only,Pf92c03044fe3,-1.0158846705406903
loss_only,Pee00b5890ac2,-0.8577588750095074
loss_only,Pfb9f665bed33,-0.3866956398442939
loss_only,P96c91ad1fed1,-0.6340601116707825
loss_only,Peb3fe94eaad4,-0.7525050439031616
loss_only,Pb022d07fbd99,-0.6035159120434209
loss_only,P15afa37f2ebc,0.3110856369137764
loss_only,Pbd0becb4cac5,-0.7918237237026915
loss_only,P310c70e605f9,1.3848341703414917
loss_only,P6df1cc96d65e,-1.1401990065054692
loss_only,P32a8eaa50dd0,-0.7267097582715372
loss_only,P6491ae94b7c6,-0.6674863880955862
loss_only,P09bc68935da9,-0.6199748200674852
loss_only,Pe24590cfe562,-0.1480216643272164
loss_only,P565c9295d7eb,-0.9926089181019712
loss_only,Pd3960bac6e71,-0.5493553021565014
loss_only,P51984721bc08,-1.3961071187472516
loss_only,Pcd40859e8e27,-0.9196500173600284
loss_only,Pdb0c2a0605b1,-1.999175846576691
loss_only,Pf5f25b4ae44d,-0.6895302472015222
loss_only,Pd2b47485ad4b,-1.488115868313859
loss_only,Pbb4948432088,-0.5207058709496871
loss_only,P5c696c067d7f,-0.0142398802380935
loss_only,Pfed06b88d869,0.6479604803025723
loss_only,P91e02ea6f5de,-1.4552521633782556
loss_only,Pc0fcac002e8d,-0.8137651532888412
loss_only,P822999f20fc6,-0.5297590193804353
loss_only,P751d4478859c,-0.6729422641179428
loss_only,Pfd07b78f7339,-0.6756330355474155
loss_only,P7142eb88b2bb,-0.4719645725563168
loss_only,Pceec039d9eb1,-0.4923806091149648
loss_only,P60cdb9820d67,-0.475028748356851
loss_only,P2f099fbedebb,-0.6987927261922291
loss_only,P9d220b964b54,-0.8846897232204455
loss_only,P3dd00ca43081,-0.384751882867441
loss_only,P137b1697c45f,1.82783317565918
loss_only,Pf13bbf74c86c,0.2192689477488762
loss_only,P46ba1a2444e2,0.239110064990955
loss_only,P6c5e1272152a,-1.3216572350689344
loss_only,Pac5fcb8c8867,-1.3480462115257978
loss_only,Pa9397d5b0b39,-0.6149004500150065
loss_only,P225461ce25e5,0.2254627082496881
loss_only,P51e6aa5b0c17,-0.3840904262227316
loss_only,P7ddfdf6aa7d1,0.8362800478935242
loss_only,P32678b377d96,0.019869946278916
loss_only,P0ef23a9e37f1,-0.0919945560989604
loss_only,P37602170b203,0.9028660785406828
loss_only,Pd601613fb262,0.2069223233395152
loss_only,P6f4a3f955d09,-0.5900784389557623
loss_only,P0bb6bc90fb97,-0.9935309171676636
loss_only,Pf7f2069e4c22,-0.4181839591926998
loss_only,P6b0d0cba2ec4,-0.7849597902824501
loss_only,Paa254377aa99,-0.8446028654774029
loss_only,P3b0bcdbca228,0.0
loss_only,P2b41ed732864,-0.5467437713993368
loss_only,Pfd6126da5277,-0.445823480568046
loss_only,Pd0ebe77f4db6,-0.5989522100778618
loss_only,P3bab8dbd43f0,-0.635350820269999
loss_only,P15c1a4eeabd9,-1.0285862342764935
loss_only,P355572ec14cf,-0.1760938741589194
loss_only,Pbf7815ea4853,-1.764145280552195
loss_only,P23d41273a11a,-1.2288485374301672
loss_only,Pabf47f4acd60,-0.1127882624665896
loss_only,Pe25820fbeda1,-0.5972513448269594
loss_only,P0df262467f2b,-0.3895641865221532
loss_only,Pfc6239134547,-0.3995296911804664
loss_only,Pb9d40cc553aa,-0.9946265915408732
loss_only,Pfbdbe1ff9d68,-0.6458793858922476
loss_only,P061413032cce,-0.531653100054209
loss_only,Pf0c5c089aa79,-0.2671640462523387
loss_only,P5bc67f4002e2,0.6327670762936274
loss_only,P007e0c038fe3,-1.7737185377627611
loss_only,Pae6636c0d3cf,-0.0398214377618084
loss_only,P05ba7d840501,-0.6631930348359877
loss_only,Paf94cd57e176,1.3453077971935272
loss_only,Pba346917b2f7,-1.275724162338484
loss_only,P2bda47941594,-0.4598362032633924
loss_only,Pa90545b74ff1,-0.3049932483201781
loss_only,P114a94e07153,-0.4666773618916599
loss_only,P6ac37905ea05,-1.1558369856948654
loss_only,P70f38d23779e,-0.8567427363245922
loss_only,P926a4d5b298e,-0.3297084567008944
loss_only,P806044a49015,-0.7656608521938324
loss_only,Pd92f1dd9340b,-0.1741591641171412
loss_only,P0defbf896d35,-0.4578477185046629
loss_only,Pc034d9b73d47,-0.2927247810501092
loss_only,P1ddcca7639de,-0.5167181279209294
loss_only,P1eb9a63eac96,-0.1938869231688554
loss_only,Pd997aa2b676a,-0.545665400212586
loss_only,Pde1f9bbc7b60,-0.6914108240031315
loss_only,Pfb3de794b3d9,-1.5364586155296172
loss_only,P0d89f51610ac,-0.4530479063590367
loss_only,P92cee50211b5,-0.9118760526180268
loss_only,P2134338b6e09,-0.1032248205017475
loss_only,P5670d241053b,0.0218973322869706
loss_only,P92f266e67912,-0.4074989925948755
loss_only,P12df0cfcbffe,-0.3221618781487147
loss_only,Pa264ba87365b,-0.5271906824244393
loss_only,P2b858150cae2,-0.6145629447153065
loss_only,P98b389669c53,-1.0034474693238735
loss_only,P353289ad06de,1.2061921551823616
loss_only,P44bc84ac9dfc,-0.6855599880218506
loss_only,P08ba15d92662,-0.426958757167207
loss_only,P4b9aa1a0b320,-0.5488709590787237
loss_only,P58e5114cb93e,-0.1855664133715132
loss_only,Pdf4bd8732620,-0.7309435659350522
loss_only,Pab47e6ee309e,-3.67377507686615
loss_only,Pebf532f5fd01,0.0312007308006286
loss_only,Pd04d72594d48,-0.7385221957647113
loss_only,P40eb456da51f,-0.4368746337294579
loss_only,P410bde0b37bb,-0.5454921585818132
loss_only,P63997ff4f0b2,-0.4296262258907764
loss_only,Pcf97a8ea9ae3,-0.4078113363010729
loss_only,Pda1cefdc519c,-0.4362319760667738
loss_only,Pda0a5c4d988a,-0.3853187391893344
loss_only,Pca6bccbb2953,-0.0988388183671567
loss_only,P1b2036259b8f,-0.5308728038712783
loss_only,P372931ab7478,-0.6915143795544282
loss_only,P06317a212f69,-0.6744275756421083
loss_only,P51a2c4e348d7,-0.6578230659166971
loss_only,P2a47ac5cc5d2,-0.8421210212012132
loss_only,P3cca1559b613,-1.7005038168281317
loss_only,P7a4ca44c3991,-0.3174074726800124
loss_only,P4c417ad77777,-0.8974032114472306
loss_only,P21983a01453c,-0.3979730826776243
loss_only,P0d8fdfb6e33a,-0.0537467653800145
loss_only,Pd089670a8fe3,-1.3581906387751754
loss_only,P9e0e542a71a7,-1.4657361507415771
loss_only,Pdfc97f185c59,-0.7076236913835915
loss_only,P4b0c49504ccb,-0.8741392864083701
loss_only,P7157035289bc,-0.6061136201024055
loss_only,P0d5d7a35ddec,-0.7967663162276603
loss_only,P120b36fd6bc1,-1.9334021359682083
loss_only,P2a3ca0e7451f,-0.3058461153065833
loss_only,Pd5e70a34e47c,0.1474728245198808
loss_only,P7cc5e8d7d469,0.7900548726320267
loss_only,Pfaa612a2a259,-0.7511655561975203
loss_only,P11547704d998,-0.7184205743851084
loss_only,Pcfa7bc422279,-1.6219430664876129
loss_only,Pd16b42f1c20d,-1.00501100189594
loss_only,Pbadfffe777b2,0.5418562127742916
loss_only,P00ef1261dc75,-1.0860910927121703
loss_only,Pbe24a22a5f55,-0.2107611172295247
loss_only,P612f692f6c1e,-0.0205712320490015
loss_only,P3e4d43616bd3,-1.1684655845165253
loss_only,Pf82a1b69031c,-0.8016893727808666
loss_only,Pf17e670ae1d4,0.0010937037001851
loss_only,P586096487c38,0.4576943003882965
loss_only,Pbec8eb8bc6c9,-1.1256185546517372
loss_only,Pf7fd84dccf3c,-1.1049250583681796
loss_only,P4d929679f55b,-0.82479919857362
loss_only,P553179c9a426,-0.7973326212593487
loss_only,P4f46d3a49f2f,-1.1470935409930798
loss_only,P82018f965400,-0.8381069249976401
loss_only,Pe865e29c3563,-0.9733949774268276
loss_only,P7cf60c916c52,-0.7971728548032616
loss_only,P5308dc1516c8,-1.0179963552036588
loss_only,P62534e253752,-0.5979431569576263
loss_only,P035ca277d49b,-0.919587615132332
loss_only,P64ef31dca8fd,-2.570730686187744
loss_only,Pbb4b3708507b,-0.649538064808006
loss_only,P83507d0fa81b,-0.8334690816700459
loss_only,P757b53bc35f0,-0.6086904157765018
loss_only,Pfc09a606b500,-1.856093227863312
loss_only,P7b6715497122,0.7249105720547959
loss_only,P1c6b5d1263fc,-0.7611389588623766
loss_only,P666b0625173c,0.0
loss_only,Pb013659de46a,-1.720641361627107
loss_only,Pcc55ba6d2224,0.0364644280176695
loss_only,P2765d1892ef0,0.0
loss_only,P962245f61986,-1.837140277028084
loss_only,P6ed32f145175,-0.4576506845020554
loss_only,P800519a9f50e,-0.8605896644294262
loss_only,P946b788b7604,1.2752899730112404
loss_only,P20c3ad7116d8,-0.0742427572800919
loss_only,P6eec1334448e,-1.0422205105423927
loss_only,Pd1155189628a,-1.0553199927945696
loss_only,P92a05cefb59f,-0.6081471140310837
loss_only,P9950cd12edf9,-0.6746289595030248
loss_only,P9e2399ce2889,-0.6296470372850059
loss_only,P515712e6c25f,-2.395693756639957
loss_only,Pe18234d8fddc,0.7351205026110014
loss_only,P493da9378627,-0.4352689574622754
loss_only,P7bc176a0c8fe,-0.4145836496209054
loss_only,Pf40ae32c679d,-0.4617630847092511
loss_only,Pac41b389cb44,-0.389397709035187
loss_only,P6bed0217f5eb,-0.6350007468356572
loss_only,P61d665637f05,-1.1077909653206908
loss_only,Pe2a7a99414a5,-0.6601784621450033
loss_only,P0ba4fe1ae27c,-0.0307062069574992
loss_only,Pb03ba6c2dc7a,-0.545604091264521
loss_only,P2a77643eeab6,-0.3536899928890523
loss_only,P8978ed05627e,-1.4203279732089291
loss_only,P90b03966c755,-0.4920307441090829
loss_only,P6e6132a3f1d5,-1.163016672634209
loss_only,Pa93687338d68,-0.0340745420298643
loss_only,Pbd422365720f,-1.4671435058116913
loss_only,P60d11c9f183f,-0.4521987673452992
loss_only,Pe17ddefb56e7,-0.6932280585169792
loss_only,P256546948bb2,-0.7556849320729574
loss_only,P09d43eb56b6d,-0.4566086836861248
loss_only,Pfe5d57a0ab89,-0.1107935627619935
loss_only,P8c79eba1f84a,-0.5045298542827368
loss_only,P808a16e650fc,0.0573908924590796
loss_only,Pbbe05e1e24fd,-0.2743099124037794
loss_only,Pe0c36dcc3246,-0.2730146745840708
loss_only,P62128d413b5e,-1.09136207180009
loss_only,P05dc9839e572,0.447841346072019
loss_only,P4d6de310c65c,-0.5811714508963466
loss_only,P3a79401f7f24,0.2596161973662674
loss_only,P1719c2ab0802,-1.0515291980084251
loss_only,P63163a712cca,-1.3782023800854952
loss_only,P7a9d03af4ec1,-0.28846430672558
loss_only,Pa466e6e44a64,-0.9517521746456624
loss_only,P4c63f0c2f422,-0.8361041009565705
loss_only,P14a4abae5cb0,-0.7477982401847839
loss_only,P31d98c5e3910,-0.8748228047043085
loss_only,P16e3cae45384,-0.7195421298965812
loss_only,P47d6bfdf496a,-0.6792288283507029
loss_only,P9862a42525a0,-0.5500296365266
loss_only,P4a0c8e176013,-4.055032178759575
loss_only,P5ace6bdc2ea4,-0.8895455049942175
loss_only,P0f4113e53784,-0.7535212201471398
loss_only,P68e2116803d7,-0.8248196542263031
loss_only,Pdebf08946c57,-1.1133780106902122
loss_only,Pe418b3ad2e6a,-0.3639034188485571
loss_only,Pdb8a8a491bab,-0.6254248301188151
loss_only,P421e8188eb83,-0.7275685522705316
loss_only,P8b51234c6656,-0.8894439304093988
loss_only,Pc1103b7bf96c,-0.1749450776163412
loss_only,Pddaca661720c,-0.7619109940715134
loss_only,P3cbae5415044,-0.2522718857804482
loss_only,P88b013b05135,-0.7842189912787743
loss_only,Pe3035a89a79a,-0.3786583871808293
loss_only,P732cdbec8d3b,-0.242373169461886
loss_only,P07ff8b06bad9,-0.6159078776836395
loss_only,P3df9bfb5ad2b,-0.4804814161960538
loss_only,P366279295424,-1.20308863868316
loss_only,Pad0113c2c993,-0.6877520093694329
loss_only,P946903fbc306,-1.128638777732849
loss_only,P428aae29f11f,-0.5982403394248751
loss_only,P18c3adba9645,-0.3282723645369211
loss_only,P21599efad85c,-1.0220891416072846
loss_only,Pbf2cf5b53121,-0.5931228548288345
loss_only,P486711802deb,-0.7225649641998946
loss_only,P71266bae38fd,-1.802284449338913
loss_only,P569b8927bf23,-1.1320863842964173
loss_only,Padb4cdaf627b,-0.6715228095627277
loss_only,Pcfff6c21299b,-1.9122634269297123
loss_only,P12957c28476d,-0.1264682370030418
loss_only,P8bf6d4c975a4,-0.2953596609320653
loss_only,P69e694c4c246,-0.6734100639156525
loss_only,P32ec7de06532,-0.7524590414017439
loss_only,Pb38d7511be61,-0.5727031528518921
loss_only,Peb6de96814c2,-0.7694090196693688
loss_only,Pbd7ef34250e7,0.1130386563017964
loss_only,Pe5dbbbe57b10,-0.4973623156547546
loss_only,P5859476a8348,-0.5642792010681629
loss_only,P322fa64145ea,-0.3622078895568847
loss_only,Pcc6565ee3777,-0.2158485395419928
loss_only,Pe5a799fc99ff,-0.521473347309125
loss_only,Pc2cdaf385803,-1.218544889241457
loss_only,P4ec211f48ed4,-0.6705221943800745
loss_only,Pa109a6f380b8,-0.8924421730140845
loss_only,Pbe4a495489a8,-1.2513846150853418
loss_only,P567a30ec7731,-1.2707932591438291
loss_only,P31eb79783b72,-0.3244090671620054
loss_only,P56d25ecafe1c,-0.4237897958267819
loss_only,P62eee726d317,-0.6481278240680695
loss_only,Pa20db916995a,0.0079962880168327
loss_only,P4b8abebd7a40,-0.742442152980301
loss_only,P1b4c8ca28702,-1.0684551088183316
loss_only,Pa109d116d8cc,-0.7804186083376408
loss_only,Pbd8cdc359584,-0.3225303409946176
loss_only,P6f694427e4c9,-2.868321843445301
loss_only,P104f8ddd0d22,-0.5877341445629337
loss_only,P787b50975b57,-0.7147434502840042
loss_only,Pfc6b03a25c62,-0.54793485016117
loss_only,P5334c7218405,-0.7348344071823009
loss_only,P884366b00326,-0.7797212763689458
loss_only,Pade6501642d6,-0.8156664818525314
loss_only,P28f46f0e9ba6,-0.6107472920585553
loss_only,Pc294693a0025,-0.492134542794638
loss_only,P32e2c47dd827,-0.9403832902102064
loss_only,P659810c1c504,-0.3060629477023961
loss_only,Paa1c67e9db6a,-0.6305947896572062
loss_only,Pee300b0fe828,-0.5829883739352226
loss_only,P467ae24442c6,-0.5338474444355126
loss_only,P383c619217fc,-0.5297897234922362
loss_only,P1d815f4565a8,-0.4863455531463487
loss_only,P053c8f38a526,-0.92467307029027
loss_only,Pf70aebe3fcfc,-0.6315188880978513
loss_only,P932f2db10b70,-0.5947631796097399
loss_only,Pf3ef80595489,-0.2634917718572017
loss_only,P22cbe5179f09,-0.6001102166286634
loss_only,Pd2720784a4bc,-0.6731967672396962
loss_only,P0734745ae0ca,-1.099226340789486
loss_only,P8079f784ccd7,-1.19912987947464
loss_only,P303d514e5017,-0.8130458895076107
loss_only,P62fefc219be3,-0.7590792775154114
loss_only,P237ed8af5bd5,-1.4918889105319977
loss_only,P39851771a5a6,0.1724668588489294
loss_only,P8044eab3cb4d,-0.7383271319170793
loss_only,P1acbab79afd7,-0.4568316371642487
loss_only,P35cf495b6662,-0.1573528828940148
loss_only,Pebe6cd41b864,-0.7275419928510344
loss_only,P5839ce0262b2,-1.5587970465421677
loss_only,Pba1156828f64,-0.7130867463413705
loss_only,P28ed5b2a4845,-0.9275309125582376
loss_only,Pbce4d81f68e3,-0.6206702002384518
loss_only,P28a355c60a19,-0.5201180346025639
loss_only,Pdef10801f497,-0.8550680874674477
loss_only,P14cf666979d2,0.3567183278501034
loss_only,P2269b6643d89,-2.0001597814261918
loss_only,Pd390f7a0d5ed,-1.1031499883780875
loss_only,P82481d6f9b66,0.0305289432406425
loss_only,Pf9b5901f595d,-1.5266642980277538
loss_only,P5f2f2b68022e,-0.4736629653972981
loss_only,P16d1bc31badc,-0.2685050568526502
loss_only,P5683cd7aa4ba,-0.3034297212465371
loss_only,P90c1cd82c2bd,-1.5113126620650292
loss_only,Ped1c970fe0ea,-0.7102119225263596
loss_only,Pa20a54aa7576,0.1104882842133709
loss_only,P27a6b77940c9,0.0896032005548477
loss_only,Pb6cbf5b1a86d,0.176430409576631
loss_only,Pd3502209025f,-0.7449653935154319
loss_only,P59c0d8d19d11,-1.4365310426801443
loss_only,P82a55fab934d,-0.3830973151151413
loss_only,Pfd69390d9628,-0.6686868071556091
loss_only,P437aaf56a366,-0.6074948112169901
loss_only,Pa772033f022e,-0.5092375543789246
loss_only,P11eca599de0e,-0.2420246611970166
loss_only,Pbf5fc72d213b,-0.8316340329447053
loss_only,P08fd93d960ac,-0.5551891993199076
loss_only,P7001527d5300,-0.3669985812847261
loss_only,P9bd620cdba8b,1.350084226844566
loss_only,Pad33de833c60,-1.6230092644691467
loss_only,Pd114ff292c6e,-1.2823718215028446
loss_only,P58f3002d319f,-0.2511394774363863
loss_only,P767e166cf83c,-0.9796939145126874
loss_only,P6c1f81e1f592,-1.3215570855471823
loss_only,Pd91a5c850905,-0.5822376621806103
loss_only,Pe929070cc77b,1.2601512358834348
loss_only,P758e77f165a8,-0.0864145085767463
loss_only,Pec92e8881912,-0.3743248522281646
loss_only,Pc19fcc82a533,0.0224879086017608
loss_only,P52cd50e5e08d,-1.0878657326102257
loss_only,P5a830a24c2e1,-0.642873184078119
loss_only,P6a1b97a2f0e3,-0.7594836332498729
loss_only,P196a40153f3d,-0.1840025632083416
loss_only,P1451f805ea1d,-0.7565993383350083
loss_only,Pad5ba985253f,-0.4637340878121899
loss_only,P8e873c73371b,-0.7841804005205631
loss_only,P7574b44437cc,-0.9064022163550058
loss_only,P39db58697db9,-0.1444198007398759
loss_only,Pdcc8a3ec96bc,-0.4145333328545537
loss_only,P61536d3e16a6,-0.2127555690924108
loss_only,P9948638847e8,-0.4624918290916851
loss_only,P369cdf565411,-0.828373441077543
loss_only,Pe1fa28623165,-0.0737054805321891
loss_only,Pba38cf0bf268,-0.9776020497083664
loss_only,Pce5332e14a6e,-0.6200794327139664
loss_only,Pbde0da27c4c6,-1.0591059703978578
loss_only,Pf21f2671ba98,-0.7429698587762549
loss_only,Pb9d92f259ddb,-0.9615818322232622
loss_only,P3c5694994301,0.0
loss_only,Pb0af87cc8f39,-0.8326020633564876
loss_only,Pd1c5a718b5da,-0.4631883934998404
loss_only,Pb295f3145ddd,-0.9205999181189428
loss_only,P8235c5880bbb,-0.1619796870022695
loss_only,Pe6a569f177f2,-0.6806033085851638
loss_only,P10f34a1cfa75,-0.6851085424423218
loss_only,Pd0330d118154,-0.4358361698687076
loss_only,P5fae53ecbd32,-0.3302298997166208
loss_only,P5d5492f73380,-0.5767708291920524
loss_only,P81703bae20a8,-1.9659893810749052
loss_only,P672aee4caedd,-1.1892418824014888
loss_only,P43e97fa95c2e,0.0149925522588932
loss_only,Pc2126053600d,-0.3460971536114812
loss_only,Pdce1fa959c03,0.2156349221865336
loss_only,P09200a49c5aa,-0.5328170867969415
loss_only,P373bfbed255f,0.0298427442709605
loss_only,P9e950f7be297,-0.56230416040158
loss_only,P0fc874d33b24,0.4201903188335044
loss_only,P4661e620bb34,-0.8655187713553714
loss_only,P89d8723d0422,-0.3000630669495357
loss_only,P18687074444e,-0.4941202165662309
loss_only,P5522497e15d1,-0.2454365745186806
loss_only,Pf5167eb40df0,0.2382063311642692
loss_only,P7437416f10f0,0.2264626372833641
loss_only,P148eb860a160,-0.6379587995960857
loss_only,Pd462c37c3b47,-0.5639424015746706
loss_only,Pcb905b0c0734,-0.4583634095833759
loss_only,P58b8667f8bbf,-0.9187674800785524
loss_only,P8deeecd4167e,-1.231080973427954
loss_only,P56e2601558ee,-0.4873082190752029
loss_only,Pb470895c299b,-0.8738351176408204
loss_only,P1678e474c679,-0.7036338550635637
loss_only,P3727bb2f4888,-0.7794114930415983
loss_only,P9873932cb27e,0.8391684889793396
loss_only,Pfc696280e4ed,-1.4706941864763696
loss_only,P1f9cc4ec4fb7,-0.9487950290124648
loss_only,P091b6d9d07e0,0.6060783591325111
loss_only,Pcd031f0598c2,-0.6582115074915548
loss_only,Pf6460b9fd11d,-0.2188504353165626
loss_only,P58ffc1e85912,0.6220810519797462
loss_only,P62601c33d4fb,-1.0426225736737251
loss_only,P2c5fd7b0d0a7,-0.2791545098713049
loss_only,Pbdc233a955e8,-0.7112324506440147
loss_only,Pac39537848f7,-0.662954081494733
loss_only,P23e980f1befb,-1.413712278008461
loss_only,Pc9ea41beee01,-0.8131751318772634
loss_only,P6e3cadb61a68,-0.5336221526467448
loss_only,P76cbe1f70d4c,0.4302480085974647
loss_only,Pc68c0b03bcd8,-1.448533445596695
loss_only,P0afac44f7082,0.73005627344052
loss_only,P8f23b90dc66c,-0.1257015564459736
loss_only,P3ae81b4a6d87,-0.6425253303924953
loss_only,P5868e97b76f4,-0.0402300272385279
loss_only,Pcc5e9d449569,-1.3263187110424042
loss_only,P60677623eb62,0.0551194057036395
loss_only,Pdb25ab6aea9f,-0.0752205236894917
loss_only,Pa7bf2589d074,1.361005900427699
