group,player,eff
blunder_only,P6e7ec3e44543,0.185322943258512
blunder_only,P3f74e10fa8df,0.1721133804047312
blunder_only,Pdf4a563e570c,0.0473399649541758
blunder_only,Pf0164f6590e5,0.135003909137939
blunder_only,P7ceeb5109314,0.2363768594674695
blunder_only,Pd4f04179d96b,0.1921983389140687
blunder_only,P357c8620b4da,-1.1492912371953328
blunder_only,P28e5cef804b4,-1.8972138687968252
blunder_only,P80c3cb3dfe92,-0.6734447777271271
blunder_only,Pc5dfad8d8d78,-0.0722193624824285
blunder_only,P79740cb7aca2,0.1924551568925381
blunder_only,Pb57f8c2f7295,-0.3367944169079175
blunder_only,Pe751d68b38ae,-0.2004965470236601
blunder_only,P9ef0a76219b7,0.3908850137296452
blunder_only,P808ff2f7e424,-0.0072136734781807
blunder_only,P6aeca73cbacc,0.5212289316418655
blunder_only,P21f0ed65de62,-0.1074843875609618
blunder_only,P32fdefbc317f,-0.202577439447244
blunder_only,P5170311f1eaa,1.5251461267471311
blunder_only,Pdf1fa8e4fdd3,0.3307120526830355
blunder_only,Pf8d50054bcbb,0.2033179315583805
blunder_only,P3c96937dcfe5,0.8256820706916705
blunder_only,P3856f21e5a03,-0.0742082117125392
blunder_only,Peb4d1f3b1244,-0.179880753923685
blunder_only,P24f1a9e15ff0,0.8914136977479824
blunder_only,Pd16d33a96281,-0.4301744959782809
blunder_only,P46ae7bcf25f9,0.1809651291226535
blunder_only,P56d1181fd9b7,1.0530928511425013
blunder_only,P35d7e5143089,0.1829076989864309
blunder_only,P761345d40b36,0.5710841440263071
blunder_only,Pb07ecb2e2f47,0.2398875718057297
blunder_only,Pad075e52eb50,0.1040162125136703
blunder_only,P8709f38fde8e,0.251198872923851
blunder_only,P1ad93b7d1ea4,1.4312725609996253
blunder_only,Pe24c8f373aef,0.5795072635656573
blunder_only,P69cc4d74b892,0.3299637610741863
blunder_only,P3ba250b7becd,0.3573651174577235
blunder_only,P3ad770aa9562,-0.0867742250363032
blunder_only,P0b82f375d196,2.601578125523196
blunder_only,P18c76a73c472,1.2537359818816185
blunder_only,P7a40a70d1a92,0.3387833003332458
blunder_only,P4b85bb25d3c5,1.0968140666890476
blunder_only,P5bfd437d734d,0.2770927080750578
blunder_only,P4dbfb8db5fdd,0.2419437684717455
blunder_only,P032e96e7efcf,-1.183297477662563
blunder_only,Pa89e6f90f04b,-0.2844701427966356
blunder_only,P2c57705287a6,-1.6704721935093405
blunder_only,P29b43dc8dcb2,-0.5085933706057923
blunder_only,Pf6f9d91ea1c6,-0.7074485926164521
blunder_only,Pb166b514227b,-0.3807548213877649
blunder_only,Pf64c374f9908,0.4037089053214039
blunder_only,P020d045b2d29,0.7947942844448754
blunder_only,P6e5409dbc16b,1.5225559081882238
blunder_only,P6f67e6825351,0.1344821560648373
blunder_only,P226824d750da,0.4394182770450886
blunder_only,P60398848123f,0.5601317981878916
blunder_only,P4ecbaadc218f,0.4491694122552871
blunder_only,P4cd180aedf70,0.1061392426490783
blunder_only,P189a9ecb4255,0.9649030882577908
blunder_only,P53dcac5d90a5,-0.2014356983126608
blunder_only,P93a2ef3ea512,0.812027511978522
blunder_only,P479bfcf62817,0.2597469013929367
blunder_only,Pbc1e2d7e0520,0.233549445742168
blunder_only,P731183f39ebc,0.3394907619804144
blunder_only,P7f8b8631a89e,-0.0742898807884253
blunder_only,P8767694d6aaf,0.3400551413111056
blunder_only,P69d3efd9978e,-0.2241903706010253
blunder_only,Pc1977d1e29de,-0.3322798741589251
blunder_only,P8dd940e60881,-0.0416747909951043
blunder_only,Pa6e95a21ff4b,1.11269458681345
blunder_only,Pf0c8171c88da,0.6834401783742466
blunder_only,P03c7d0f9eda4,0.2506103693723551
blunder_only,P7dc25f342b94,0.4474237802838356
blunder_only,P68c2ae730f3d,0.2892485800519447
blunder_only,P20648019b88c,0.364792735381771
blunder_only,P299d80b66c8e,0.3787336773537577
blunder_only,P97a282075968,-0.047102902084589
blunder_only,Pf82654bbe8fb,0.4796049930537358
blunder_only,P65d3b238a997,-0.4963352145441683
blunder_only,Pb75dedaf4b70,-0.3145783945000872
blunder_only,P486d615ff110,0.0129904985552032
blunder_only,P1ed20e11d356,0.0
blunder_only,P88315a70917e,0.0151416395558587
blunder_only,P80ebb59bcbd5,-0.037467290368381
blunder_only,P5a79920da9e5,0.6238690151036351
blunder_only,P8b56994792f6,0.209627472443713
blunder_only,Pa6e509aff4d3,-0.6378310022343483
blunder_only,P8ef9a5322e76,0.3168648074297052
blunder_only,P7e0237d267e6,0.2691800492542494
blunder_only,P2fe95bb1f4a8,1.471156637892103
blunder_only,Pabbd39e4fe8b,0.5751085474821074
blunder_only,P8d2273ec0b6f,-0.0048489548975513
blunder_only,Pa05f276f3cd4,-0.0780508915583293
blunder_only,P1ec8abecaec1,0.2412370895751966
blunder_only,P862081eb621c,-1.2430417239665985
blunder_only,P0706e66997b7,0.500713948310283
blunder_only,Peec55f876b8f,0.1989783220785061
blunder_only,P146605f0ea26,0.3243113724756438
blunder_only,Pa7c821601892,0.3546920228837952
blunder_only,Pe82b9423af5e,-0.0756819965149477
blunder_only,P5dca97ec37b7,0.1944627843571431
blunder_only,P4d07709f31f2,0.0241646338512914
blunder_only,P15dbec66d04e,-0.4627046665135357
blunder_only,P8746ef23cfd6,0.0009823324931722
blunder_only,P949ab403cb5d,0.4741140621220086
blunder_only,P71077d522208,-1.5560558706521987
blunder_only,P5df8d194c9d2,0.9120934009552002
blunder_only,Pe93a9845ac63,0.2166354865581737
blunder_only,P2b5fc9244074,-0.039549569067146
blunder_only,P7b6ca35a6cb2,0.3251576387251003
blunder_only,P5517c43a5911,0.2807371457751456
blunder_only,P0aaff4134994,0.538313225367003
blunder_only,P51362a561304,-0.0058493232435155
blunder_only,Pa738485ebf71,-0.0750403814919081
blunder_only,P5955adac7bf4,0.1586856801489077
blunder_only,Peceef7adcd08,-2.592352122068405
blunder_only,P79485c69beb3,-0.0570416073832246
blunder_only,P5a4048c65adc,0.3027934358097091
blunder_only,P5118f584a380,0.4517522201080013
blunder_only,Pf03906647f03,0.3137310617511756
blunder_only,P84e1b47d0a63,-0.1349965422799768
blunder_only,Pf2c1be17b629,0.2325243631967575
blunder_only,Pa45d5e8649eb,0.0900654611197358
blunder_only,P705497492e21,0.0505466673763819
blunder_only,P6dd361828576,1.167489302454568
blunder_only,Pcc90011a29b7,0.0519262973917376
blunder_only,P84c61359e92a,0.4617981233944496
blunder_only,Pc67d14c06dee,-0.0083306964624811
blunder_only,P08afb3226d56,0.0370414479287586
blunder_only,P0920a7bb6933,0.0694332102185651
blunder_only,P33ea367c012d,0.6591361797567925
blunder_only,P4d0ac649e8f0,-0.0056531912647187
blunder_only,P2eb28583d225,1.5550765948636192
blunder_only,P3366f0b49d89,0.6340300907289625
blunder_only,P6c9bf6eff1a6,-0.1404538065515382
blunder_only,Pddd8f6353e78,0.8666542983717389
blunder_only,P17e8f927c54f,-0.5153949847977972
blunder_only,P2b6788ddb591,0.6959218963515014
blunder_only,P2800ff0c6814,0.308285742420512
blunder_only,P4c2ace031544,0.4926075372844934
blunder_only,P6b0fc3b073ed,0.1606909040348887
blunder_only,P31196137f666,0.4053037063880382
blunder_only,P4824e2caf580,-0.4354403384029865
blunder_only,P85388dd96aed,0.5149247063271347
blunder_only,Pff6d282fb213,-0.1685870761672655
blunder_only,Pbf16156479df,1.018956654414784
blunder_only,P4a512fde5567,0.4237484264187515
blunder_only,P38066a33f2a8,0.1662400922666873
blunder_only,Pf777765657ed,-0.144314743578434
blunder_only,P2df25f26b907,0.5642576002471168
blunder_only,Pc4d34dbe5f97,0.0458962652602153
blunder_only,P41a88a367bd4,-0.1109302663658228
blunder_only,P1f24c4baba2e,1.4773514999283686
blunder_only,P75e4b5a07266,0.0880156803781919
blunder_only,P32812146d5f1,0.4488562130187503
blunder_only,P6e4a1ead79e1,0.5764155354764726
blunder_only,P0ca13d70505a,-0.4281449103107055
blunder_only,P87790f42f4cd,-0.1604285617879669
blunder_only,P8833d33005d4,0.170769011717151
blunder_only,P390a9ec617b3,-0.3193116491039593
blunder_only,P179e6d4d934f,0.3232327890456504
blunder_only,Pe7ad5f4bc0d5,-0.0333692076660338
blunder_only,P94837a493e32,-0.0025076433173695
blunder_only,Pf250a036584a,-0.5777495488852618
blunder_only,P7a2571df9c8e,0.5351670266106903
blunder_only,P29994f43b636,0.0447071237171632
blunder_only,Pacc5dffa2bfc,0.1433695172362901
blunder_only,P6d5ea20cf22e,0.150461265541445
blunder_only,P25c61826849a,0.082760439440608
blunder_only,P5c37b0b77acc,0.8577037107820312
blunder_only,Pa5bf357d2ad1,0.5052570774006446
blunder_only,P4a77cbacaa7e,-0.3623350113630295
blunder_only,P04596f92c107,0.403973842915828
blunder_only,P16ab00005e3d,-0.7551166183625657
blunder_only,Pc7477371d432,0.0104753716172473
blunder_only,P963547952446,-0.0014612602379352
blunder_only,P4cf7750f49df,0.5772019383282615
blunder_only,Pfcac2304ba91,0.4036857556978551
blunder_only,P5ae46afb53da,-0.0478375010232194
blunder_only,P6ed748b19f22,0.7001358381825504
blunder_only,P8faff0b9d0e3,0.56200070031961
blunder_only,Pb8c0fe19a527,0.2083588738546327
blunder_only,P7af5262d120b,-0.5394779080525041
blunder_only,P9e61558ab22f,0.0512270253398419
blunder_only,Pef5d8288dac1,0.3077038784056116
blunder_only,Pa7caf0d81f73,0.097418903952925
blunder_only,Pe6ce9838e2d1,-0.115582991474323
blunder_only,P9ed05f881105,-0.3827323516803601
blunder_only,Pc129451ec554,-0.7527294785316501
blunder_only,Pd68d1b5639b6,0.0199994970345869
blunder_only,Pd977886e6944,0.4192655987591811
blunder_only,P7df74892aee7,-0.7286318743394481
blunder_only,P0cb68b8ac8f7,0.2377875510398503
blunder_only,P8c0abbe34bb7,-0.8498450909287502
blunder_only,Peeee7d5cb4cc,-0.1535983404457259
blunder_only,Pbbde07fc64fa,0.7437104020606388
blunder_only,P67df7cd61e50,-0.0087849643702308
blunder_only,Pa62c8dd48ec8,0.6712080129899647
blunder_only,Pcf16b8ed956f,0.1844072602122049
blunder_only,P680447799386,0.1987834167910185
blunder_only,P2e6b646a1111,0.1362194735779721
blunder_only,P6b273fe3b952,1.0937217356450857
blunder_only,P5a7a96d913bc,0.181595182556014
blunder_only,Pd140429d1f25,0.4776983450556922
blunder_only,P697107c617a0,0.3729765165518254
blunder_only,Pc8a6345204ed,0.5696087800035322
blunder_only,P2d61f4501c29,-0.2490233182907104
blunder_only,Pe546d0a6b949,-0.1860292314467105
blunder_only,Pdc765ff50bd3,0.288724689433972
blunder_only,P5e97545b46aa,0.1525008901953697
blunder_only,Pe1d4a2d4e9ee,-0.4471089582890272
blunder_only,P6cfd7ad9cf26,-1.1833278767087243
blunder_only,P4b7c8b26c12a,0.2160988333280648
blunder_only,P4d06bcbba206,0.1590012084144524
blunder_only,Pa95280772800,0.6120572385492621
blunder_only,P9f6deb280794,-0.2456375876761446
blunder_only,P2e8d14f1d046,0.4309253273531794
blunder_only,P10ddb73a7957,-0.9207614615559578
blunder_only,Pefde9497b988,0.0957058586822914
blunder_only,P89bab269c22e,0.5160000666651423
blunder_only,P68252a167e1d,-1.0061724970215244
blunder_only,P8ee0e6409bc6,0.284218541578089
blunder_only,Pc17102d70bee,0.1875057633648867
blunder_only,P79a11fa08842,0.2293450867932412
blunder_only,Pa6523a1a2bf7,0.129259705543518
blunder_only,P913db41b64fd,0.8040209171479574
blunder_only,P6fab1c2ad969,0.4221320748329162
blunder_only,Pe33b47077ce9,0.0361128127777282
blunder_only,P866b0e558f0a,0.294530356166891
blunder_only,P646d9939b571,0.533079425893118
blunder_only,P65e866d0f350,0.3077788534108549
blunder_only,Pae04347d391a,-0.3090763884596527
blunder_only,P913de9c8bf96,-0.0774445950984955
blunder_only,P276544655dac,2.8280194979161024
blunder_only,P1948d2db0bf8,0.2162327856543575
blunder_only,P44f4e1e90c32,0.494100509426901
blunder_only,Ped167844fa08,0.5806769675619545
blunder_only,P4b77b73a9e99,-0.6679825931787491
blunder_only,Pb6e936f24f64,-0.0534731768777752
blunder_only,P970818f47edc,0.7203018893278896
blunder_only,Pd4622ca7df7e,0.7428618920966983
blunder_only,Pea9b940eb005,0.3442328030980549
blunder_only,P595fdb8013d7,0.7868417796946277
blunder_only,Pa3d40a2257e4,-0.0307335578008658
blunder_only,P5926cb13772f,0.6126395003911707
blunder_only,Pced916db13e7,0.1700419230515008
blunder_only,P957ab32c130e,0.2780693458610525
blunder_only,Paeaa7e4d578f,1.2204187206923962
blunder_only,Pa486a3de262a,-1.5119054367144904
blunder_only,P4e8ffc42d56c,-0.2012648488848126
blunder_only,P5700df5a48da,0.1836367764273308
blunder_only,Pb20684bb51c6,0.5366083545248127
blunder_only,P99c792acfa03,0.8352165371134515
blunder_only,Pcb80720688df,-0.0033334518797333
blunder_only,Pf5d2f1941afe,0.1277425487882168
blunder_only,P0b42ab8da1f8,0.2785271361236643
blunder_only,P1991319c9eef,0.2827849540073337
blunder_only,Pb3882cdff342,-0.1056607248199042
blunder_only,P7996dac81c49,1.5407732546861683
blunder_only,P7905f35518b1,0.9112524889409542
blunder_only,P69439e47fcc5,0.0190676439004295
blunder_only,Pa382e0ac5b93,0.3061628260960181
blunder_only,Pee45f126337e,-0.997874341740766
blunder_only,Pbfd8094246a0,2.0161594641394918
blunder_only,P384b70de40da,0.4653396010398865
blunder_only,Pcd18e5f98073,0.2604936503766747
blunder_only,P964459c18aaa,-0.8502819641596742
blunder_only,P2325dc766b16,0.9953286497750216
blunder_only,P6ec1ad7ae3b9,0.6392250231334142
blunder_only,Pe2eae2032600,0.1392560296529342
blunder_only,P8dfae3c544f3,-0.6464414909482002
blunder_only,P0b4bb742298b,0.471619982424478
blunder_only,P889277403087,0.9636044229218924
blunder_only,P13cb22f228b6,0.1393575644907024
blunder_only,Pef6060692ad1,0.0304025826024851
blunder_only,Pea7f787b9e8c,0.4808364214996496
blunder_only,Pdcd2f5778d32,-0.0072053764522349
blunder_only,P6b2001e1e010,0.4070756461471319
blunder_only,Pbe588895a303,1.1584340552488963
blunder_only,Pe1de99502951,-0.3767043703900916
blunder_only,P7cecebfbdfe3,0.3705205669911004
blunder_only,P35f19d5aedc2,1.0751753201087315
blunder_only,P6c8566b31052,-0.12139959136645
blunder_only,P5289c201b56e,-0.28104438649872
blunder_only,P63be227d2e31,-0.0973172752411193
blunder_only,Pb69960767e8a,0.1741813825010651
blunder_only,P2b3377e256fc,-0.0292069283979279
blunder_only,P6a3395c1c9c2,0.737013004720211
blunder_only,P3dec839cf94c,0.3909970743382028
blunder_only,P7eb058196e55,0.4513996161520481
blunder_only,P7622f9e5734b,0.5388051685258688
blunder_only,P79640761b2bb,0.1105540081656805
blunder_only,P62900b0c2135,0.5669428258271736
blunder_only,P1d01516359fd,0.1420407444238662
blunder_only,P579919b80f3a,-1.0029026723156371
blunder_only,Pe3847cd42b14,0.0330764186457686
blunder_only,P397de6b35297,0.8429705861509622
blunder_only,P57e09986ea29,0.3117865592916373
blunder_only,Pea8c6238f3ee,0.1746714122911803
blunder_only,P5dc43ff2450f,-0.8144754114112368
blunder_only,Paa888da580c1,0.0494873479008675
blunder_only,P5601a22513db,0.163712032760183
blunder_only,Pa6301e66bd5c,0.4330532323976513
blunder_only,P939df957db68,0.0287438987029923
blunder_only,Pd8d403d4d0eb,0.8450409734828604
blunder_only,Pe8605a5b09a3,0.6590385742300988
blunder_only,Pfe818d853594,-0.1194817215000134
blunder_only,P8c7640b8ecf2,0.9038083255290984
blunder_only,P9198b769cb85,-0.0642515446994961
blunder_only,P35d904bfbfc4,0.3809053376317024
blunder_only,P3f9c6591652b,0.1445768259465694
blunder_only,Pd9f1857ee3dc,0.4004680493284785
blunder_only,P2efa7bf19c4c,0.2268847323715731
blunder_only,P2a1bda42dd77,-0.046680074930191
blunder_only,Pc42bb1f7a49d,0.0343609558853433
blunder_only,Pa37ed643ad43,-0.0864305031188085
blunder_only,Pd32a8ff695ce,-0.2460201448267874
blunder_only,Pef13168fd0a3,0.1483983344730206
blunder_only,P1864f4635c75,-0.0586290458838144
blunder_only,Pe64319ebe70a,0.42772464438652
blunder_only,P6c3e88934f8d,0.3913048277317075
blunder_only,P44940e9c789a,0.4857460560234495
blunder_only,Pf578f4869b96,-0.215649920557472
blunder_only,Pa177fdfac7e3,0.5740578208991468
blunder_only,Pfefb95c39ced,0.434673823416233
blunder_only,Ped13af22a163,0.6939894323133761
blunder_only,Pb3703e7a1c65,0.28935103097917
blunder_only,P5ce4ee31412a,-0.1124027406796812
blunder_only,P4d928615351b,0.2047408856032662
blunder_only,P3b50aeb0b4ca,-0.0815153568983078
blunder_only,Pb885085cf84c,0.4341776265997322
blunder_only,P60bb50066808,0.0050686817027458
blunder_only,Pdca3955a0072,-0.1422260803780551
blunder_only,P251f22e36231,-0.8312135338783264
blunder_only,P6e40b44d1789,0.1086179752331995
blunder_only,P96cb5e112e0b,0.028172127406521
blunder_only,Pb03855bf283d,0.2941280366528574
blunder_only,P6f1473622c07,0.2090416697815467
blunder_only,P8f47ef4e5172,0.1496869374273551
blunder_only,P52f4a37f0261,1.1477128366629283
blunder_only,P0fa7022d140c,0.4045444140831629
blunder_only,P78a5e3a42f70,-0.2479266077280044
blunder_only,Pe82d6329da71,-0.4082214114499655
blunder_only,Pc3bafd638992,-0.5503991395235062
blunder_only,Pca135a0baeb3,-0.3897417770391878
blunder_only,P2f8ff0abe71a,0.5376502450333429
blunder_only,P77176d3120e0,0.1506990487682656
blunder_only,P1109c3e0bb38,-0.1878535747528076
blunder_only,P1ebb8a2847bb,0.0522971578485243
blunder_only,P4a45ed7d876e,0.5835035572289139
blunder_only,P50894c60dfa6,-0.1397478521042675
blunder_only,P1a9f08b93205,-0.7191810330206697
blunder_only,P62e37bac9106,0.8092525718837148
blunder_only,P689b9b11cfc5,1.4727976386259485
blunder_only,P35c7595d1120,-2.7871615290641785
blunder_only,P126ce54d19ef,-0.0546597797501211
blunder_only,P7eb1d07029f6,-0.0857015558192506
blunder_only,P96c8b6ca0244,1.1402266014899527
blunder_only,P7c822b4856ba,-0.1644542329072257
blunder_only,P83b83df8cb45,0.7208808796254523
blunder_only,Pc1ea2532444c,0.7378498653600376
blunder_only,Pdb53dda2099e,-0.2339166591045531
blunder_only,Pf1ea68735def,-0.1119198934241596
blunder_only,Pcd68d066ef3d,1.1443906789927771
blunder_only,Pa832bd71390a,0.6267593933237541
blunder_only,P8cdf692dc6ba,1.230547945573926
blunder_only,P2641864564f8,-0.6248633538683256
blunder_only,P8630511a49e3,0.4471267970677997
blunder_only,P839ead64b3e9,1.0550410183301815
blunder_only,P3a0d8b676817,0.7532568640179104
blunder_only,Pba14d6bd7ec2,-0.6267039156208436
blunder_only,P5354e7500238,0.3410847650633917
blunder_only,Pe3b47fe67aab,-0.0793718690325493
blunder_only,Pbd93a3098547,-0.0432112514972686
blunder_only,P61aaa45df345,0.3951130012671153
blunder_only,Pb8ab8b0dd803,-0.2402945744515466
blunder_only,P942fadd32c1b,0.9484786911911908
blunder_only,Pf90bd0f82de9,0.0738707763795443
blunder_only,P1d9ac7888460,-0.9228288009762764
blunder_only,P5b4fd675fe36,0.7265166764458021
blunder_only,P5efe71a957dc,0.7453442313928724
blunder_only,P32e761b84890,0.1778084669594305
blunder_only,Pd5e9c8e9135d,0.1010908495656968
blunder_only,P4e317ec4e979,-0.2490680745019326
blunder_only,P2cb8187bf432,0.1123293960687328
blunder_only,P41e6d43a9bbd,-0.0585517268627882
blunder_only,Pac0ce376e42c,1.8494949932034528
blunder_only,Pa830645198fa,-0.2310874956185745
blunder_only,P006613cc1c5d,0.7041165090977107
blunder_only,Pc15f9c5333c8,0.3215699189209512
blunder_only,P06d1faf623ae,-0.0618780664475305
blunder_only,P1a64cf175ab2,-0.2205590704385304
blunder_only,P95f860778e94,0.2951299429856359
blunder_only,P672893cd84c6,-0.1540637082708329
blunder_only,P77f1bdcb067f,-0.7017700672149658
blunder_only,Pea0c277ea9c5,2.4422723423689603
blunder_only,P94c7cbad5490,0.6085967738526287
blunder_only,Pc69e2e623526,0.3774763877289894
blunder_only,P5470ce7f1fd9,0.0141489505767822
blunder_only,Pfa038e8e8df6,1.3439935324092709
blunder_only,P3f27cc7f69ae,-1.1940235247214634
blunder_only,P15ccbe4a90f7,0.5633539384060007
blunder_only,P3db5f52aa742,-0.7093787703376551
blunder_only,P0e71a980a95d,1.4670775355771184
blunder_only,Pd5a1258f2ab9,0.7222375965551348
blunder_only,P0eb19f9e091f,0.2603358402848243
blunder_only,P6550996e15e8,0.4512217567495422
blunder_only,P50da76cd25e4,0.0727255754172802
blunder_only,Pe4e656b299a1,0.1599014495248122
blunder_only,Pb97d2c45a71b,1.251794144342976
blunder_only,Pa4a1d7c07b82,-0.1860427741027646
blunder_only,P5ddd4b25d01f,0.1700115543903297
blunder_only,P0ee66488bab5,0.959688216354698
blunder_only,Pd69d37a29e0d,-0.778191916983236
blunder_only,Pa88b3ca70580,-0.5992559269070625
blunder_only,Pb1ba06ce5f24,0.7230324819684029
blunder_only,P694d06d912d1,0.6959183544896188
blunder_only,Pd9681abaa2de,1.9799261810440645
blunder_only,P1732605a3113,-0.2990057690238411
blunder_only,Pd4d9a2c162d6,1.870195060968399
blunder_only,Pf341d5089ace,-0.2632700718409861
blunder_only,P4d925953bb41,-0.0947633843170479
blunder_only,Pd90d727f85d1,0.0701497449406555
blunder_only,Pb9a32e34c839,-0.8143764121812724
blunder_only,Pef1f4fe04fe0,0.3296099355279424
blunder_only,Pd9ceefc38abb,-0.6381936570008596
blunder_only,P8b8272896994,-0.4767166991356988
blunder_only,P747db736eee1,0.0527386527940789
blunder_only,Pa7632a5f9bf7,0.8510950678959489
blunder_only,P9862d62dd62c,-0.6252845524165492
blunder_only,P71f2ac2740ee,0.5567868612236296
blunder_only,Pe50aef5f0820,0.0286943424312164
blunder_only,P0d2ecf6af208,0.1920905710863405
blunder_only,P79bf9a9403af,0.6570878693001302
blunder_only,P2d42113d7cb3,-1.1616544127464294
blunder_only,Paf440d3e23bd,0.0389869177840226
blunder_only,P0bb65e4f4af2,0.0609022966906192
blunder_only,Pd8362d4e7d8d,-0.4276191303466058
blunder_only,Pd1a9475780ba,1.4896234224239986
blunder_only,P5aa41dd7d0e2,0.2295472798867889
blunder_only,Pdba5a8ce254a,-0.1355708646006171
blunder_only,P68b4e16c286f,-0.0164942526155047
blunder_only,Pc9f399bd07da,-0.0305126551006521
blunder_only,Pedcfec59c58d,0.5835284021062156
blunder_only,P0ae65767dae9,-0.3124469839826678
blunder_only,P445a250ef11a,-0.4423967696806436
blunder_only,P4597e1a44e62,0.162223118084267
blunder_only,P536bdc9b54a9,0.1399651509210733
blunder_only,P1388ac4d04e8,2.352323055267334
blunder_only,Pa2175078daaa,-0.1641276441514492
blunder_only,P7f5c5d635e83,-0.8121910660330868
blunder_only,P7881a7ad15af,0.4891690359922697
blunder_only,P3bcc92c79e07,0.0571679462989171
blunder_only,Pf8725e6290c2,-0.3342150473394073
blunder_only,P676923fb990d,-0.4942249655723572
blunder_only,P80eb980ade35,1.492812764212916
blunder_only,Pd8fd63034d52,0.1297824768270136
blunder_only,P9d37fd595831,0.9480829912936316
blunder_only,Pe3d6e31a0287,0.2016702677953179
blunder_only,P7f0ade4d9056,0.8670459569742283
blunder_only,Pc9eb3db6f781,0.0993654612734011
blunder_only,P57c10be739e4,0.0115531831979751
blunder_only,P89e0201d3c7f,0.1525726113799546
blunder_only,P8fba9eb1a05f,-0.0854667259587182
blunder_only,P8975f7e61c74,0.6960494518280029
blunder_only,Pbdaf68d1d457,-0.0416372170050939
blunder_only,P391fd7373707,-0.3679064670488948
blunder_only,P4cdda8e2d8ce,0.6607324524904383
blunder_only,P749e6d6d6f62,-2.5896128490567207
blunder_only,P0f077f787fbb,0.0506197364302352
blunder_only,P0b6b0a7033dc,-0.719279982553174
blunder_only,Pe94df10a1cc9,0.6707116355782139
blunder_only,P9520a7f890e7,-0.1126762718950031
blunder_only,P0bd9a1cf3b83,1.2986839221169553
blunder_only,Pf00b1fa1a24d,0.5620585628322807
blunder_only,P4e1cb5a7b525,-0.1827595497525873
blunder_only,P90687339cb32,0.1682941669547537
blunder_only,P151c21e08acb,-0.0327393514592023
blunder_only,Pc410155d550e,0.3971710027954369
blunder_only,P9b8b3584cdf0,0.2768331082432946
blunder_only,P3d88149855e2,0.9880482075469834
blunder_only,Pe06673761d91,0.3832107440762408
blunder_only,P9fed090cdad6,-0.3332401886582374
blunder_only,P2eb7b761b727,0.6275686029810459
blunder_only,Pa255c5e73774,0.0724972101230906
blunder_only,P85371637b966,-0.5850865534610219
blunder_only,P49bd8e96441c,-0.0906477874144911
blunder_only,P69a6e77d9e6b,0.1834604330029752
blunder_only,P16e21c8b828f,-0.5227550127080097
blunder_only,P0bc267001ac8,-0.2606426069760589
blunder_only,P67cead42e0f6,-0.5853086445066664
blunder_only,P7af62af3fc2a,0.2612624058995806
blunder_only,P6e51c9211e79,0.3744149897432705
blunder_only,P615b40579558,1.1233979761600494
blunder_only,P9ecd828bfa22,0.4671347723075489
blunder_only,P8f98106e984b,1.2583516493439677
blunder_only,P8c8777a71ce2,-0.2083037272794172
blunder_only,P6d21545a82a4,0.5097942755878092
blunder_only,Pe5d1556385fa,-1.0190393003479887
blunder_only,P6969389e75f2,-0.0663292336573611
blunder_only,P5abc32817105,0.108310345667659
blunder_only,P04c60e3a9370,0.2303978786851962
blunder_only,P77a9b00b12e8,1.3418497875361488
blunder_only,P555125c62407,1.458110294532445
blunder_only,P6432324a4031,0.5906438231468201
blunder_only,Pce90bef09fea,0.3713331072912606
blunder_only,Pe442f251368b,0.2352849036041233
blunder_only,Pd4c72b597d93,-0.6726055917640528
blunder_only,Pbc434d988b27,0.7163456710168806
blunder_only,P750100219982,0.8672531836768361
blunder_only,Pf341138fbda1,0.1325014527280147
blunder_only,Pf9c5c3399d53,0.1817053306656283
blunder_only,P937099897be9,0.1589054110137152
blunder_only,P630fba092798,-0.1342318821698427
blunder_only,Pc33052d98e22,0.1468871667981147
blunder_only,P26ef37abf8e0,0.1178824355737084
blunder_only,Pf478e1745e7b,1.677886406580607
blunder_only,P0e9d6bf95a66,-1.0261645168066025
blunder_only,P926bc474828f,0.1464176438748836
blunder_only,P527269f06c14,0.2215395437053214
blunder_only,P6c7b67b4f90a,-0.3370204184570863
blunder_only,Pecdd14a6a45b,0.4751470935753721
blunder_only,P5250918a7f8b,-0.2282100225177903
blunder_only,P3af30305a642,-0.3926090431710085
blunder_only,Pedb5159d05e1,2.489137391614564
blunder_only,Pc2d6d3ed3d34,0.2345286814561996
blunder_only,Pbd19c8fdde12,3.2140370872803032
blunder_only,Pd88ae03d1751,-1.3811178166774056
blunder_only,P46fb84fe171d,0.1888290666975081
blunder_only,P8036a0df3583,1.0747173088602722
blunder_only,P3fcbd7cbdbcb,0.2572852984618826
blunder_only,Pefea79e1ae13,0.6994483822293003
blunder_only,P16b66ba98aec,-0.3174037933349609
blunder_only,Paf4718c05bb8,0.3288263261318206
blunder_only,Pce86ed7c24a9,0.8382597443130281
blunder_only,P68f3c1918211,0.0390844519611344
blunder_only,Pa7a2adba1879,0.2964386419371328
blunder_only,P4f537aecf274,0.6026877388358116
blunder_only,Pc43284eac0b7,0.405802180369695
blunder_only,P2195abc8fda6,0.3855137859781583
blunder_only,Pec6d4237c95a,0.9288628335807708
blunder_only,P8a1bcf95556d,0.6117172553508897
blunder_only,P8dff23db61fd,0.2531158725420634
blunder_only,Pf4105d184e50,0.2244884280330969
blunder_only,Ped3a2487270b,-0.3860934826323674
blunder_only,Pe452dcc59325,0.3386179379058793
blunder_only,Pae4a2f31ffb8,-0.2848317981328046
blunder_only,Pd3241ccd3270,1.468840784393251
blunder_only,P5c3dab36d9bb,0.5411034960394749
blunder_only,P0bb0865a0959,0.0374873759293997
blunder_only,P1ab4fb966fce,-0.2905753413767174
blunder_only,P3eee550f7eea,1.1538686604794572
blunder_only,Pc484cab72398,0.0173432854164128
blunder_only,P74db283abfe9,-0.1885434479068613
blunder_only,P1fc16fd22e8d,0.2936626652942387
blunder_only,Pe2227ec6a242,0.2273548316588083
blunder_only,P08022923c7c0,0.7323369986170696
blunder_only,P97d5ca980e4f,0.1026399468243296
blunder_only,Pbfdc5e16e551,0.1182845459319651
blunder_only,Pce0b4632573e,0.5103508382977223
blunder_only,P776240b71efb,-0.1012016934653123
blunder_only,Pa48e1202b933,0.6486973539092505
blunder_only,P3370f92190fa,0.2767998150416783
blunder_only,Pe797a857ba26,-0.1163605196819983
blunder_only,P757e153654c2,1.2271762140250455
blunder_only,P24cd1b5affb5,0.6772662997245789
blunder_only,Pad0bcf500878,0.1492568604648113
blunder_only,P615ca4da6d29,1.4083513550460338
blunder_only,P38c1a000517b,0.5845049447703118
blunder_only,P70f709da6f2a,0.7605470602866262
blunder_only,Pe1338a9b47ba,-0.046405903995037
blunder_only,Pd4dcf33d3ca7,0.6440061101257198
blunder_only,Pd194db16fd30,0.6734228515997529
blunder_only,P90653949f03c,0.4531950302492012
blunder_only,P0a9f06fb5bdf,0.4318954149881999
blunder_only,P1a9f17c46f8a,0.9028877941456932
blunder_only,Pef316327253c,0.2705773091596605
blunder_only,P5f3b39257889,0.1644722308371659
blunder_only,P1d0584dcc53a,0.2717123562470078
blunder_only,P3aff267c2fe2,0.5764454086311162
blunder_only,P400c42b6adbf,-1.793381134668986
blunder_only,P363d04c9c712,0.2889094893615271
blunder_only,P51865cb9a6d5,0.5452774603161542
blunder_only,P89aeff4c8a88,-0.1834580322903704
blunder_only,P4fa83826e77f,1.0787224797437889
blunder_only,P50c8b20cd00f,-0.14040297903303
blunder_only,P85f6b52a562c,0.2424014257706277
blunder_only,P5d704bd33445,0.0930744288747923
blunder_only,Paad7fdab6fa8,0.987038920323054
blunder_only,P56234dbecb1c,0.6200869509062026
blunder_only,P46fc5f4faced,0.0319714885814534
blunder_only,Pd4d3ccc61faa,0.46000493273139
blunder_only,Pe2003eb52340,0.2403908953942128
blunder_only,Pe153edcf9709,0.434263382189635
blunder_only,P0df65a7c914c,0.260979692832098
blunder_only,Pe096d2fdb758,0.1884463116644867
blunder_only,P0d15b9e97197,0.0714076767435218
blunder_only,Pe98545072c69,-0.23357754945755
blunder_only,Pb1f147d06916,0.6376137251309775
blunder_only,P92a9cdc78f23,-0.1750979284515039
blunder_only,Pa82c9f22395b,2.1318952217698097
blunder_only,Pc62f43f46158,0.6716280304764709
blunder_only,P9b3e2c91552e,0.4328330260930098
blunder_only,P68f4325aa74f,0.6573239713907242
blunder_only,Pe7d116d4800a,-0.3245085236719913
blunder_only,Pf16d01c49d18,0.0376356281964317
blunder_only,P18ebeed0ab8c,-0.6266740903258323
blunder_only,P557d231a4836,1.238968387246132
blunder_only,P2f1ae32f008b,0.8608150895458312
blunder_only,P0682b3bf2428,1.0771902663611053
blunder_only,Pa736a30e48bb,0.22967339605093
blunder_only,Pa1d99671e51f,-0.1504062563180923
blunder_only,Pb28638a5ee36,0.3283639323199168
blunder_only,P9856ed5ebece,1.0895449053496122
blunder_only,P7609d3461169,0.6716562153886827
blunder_only,Pc6ad91a72eb5,0.0129310203095277
blunder_only,Pe09c2c2ca735,-0.6858747005462646
blunder_only,P93e53f6c4e3e,-0.0992032979402626
blunder_only,P0944a0d8bc0b,-0.0162090821450914
blunder_only,P48588c0a15a5,-0.0856154145738964
blunder_only,P686f30a615a8,1.85641593982776
blunder_only,P2b3ada1f6120,0.101927149891188
blunder_only,P66932ec253d9,0.8343726873397828
blunder_only,P4a4f4620805e,1.952737532556057
blunder_only,Pe5af64cf5d01,0.6355997659872364
blunder_only,P9920508c747e,-0.0658019932016494
blunder_only,Pf1dbf5a4e2d0,0.4441444068997666
blunder_only,P47f754d9b81c,0.3967956323472281
blunder_only,Pae5761b83d10,0.2311445865780115
blunder_only,Pff07e983f71c,0.6757534721133609
blunder_only,P7941cd6fd073,0.8756073570281097
blunder_only,Pc132cb9ceb32,-0.1990243343636393
blunder_only,P12979e1c84f7,0.260982874206077
blunder_only,Peadfccc2232b,0.0711238831281662
blunder_only,Peff0980f3819,0.243682065617406
blunder_only,P048a8c404d4a,-0.3767773373921712
blunder_only,P3d742bbc2441,0.257582738995552
blunder_only,P90cd4c97f0e7,-0.2657740019339447
blunder_only,Pc8e96baf5bc1,1.801908401558952
blunder_only,P3a4d8b9f5a74,-0.1614049620732252
blunder_only,Pb9b064639631,0.3068162543699145
blunder_only,P3e4f03fd8968,0.5820502411341926
blunder_only,Pa066c288bfc5,-0.0288881882138195
blunder_only,Pe9f75db10eeb,0.4545190990385082
blunder_only,P6f3c3a804804,-1.642577643195788
blunder_only,Pa682316b1b19,0.8330242607996545
blunder_only,P261b242dd66b,0.6634528468262824
blunder_only,Pb6b0fe102309,0.2111541075307405
blunder_only,P38f3a53eb2f8,0.5712976652743312
blunder_only,P9daeb8232315,0.227080367225391
blunder_only,P1cc04eb444af,0.4916202483077844
blunder_only,P455b62800b6f,0.7066635520728963
blunder_only,P6cb22110d071,0.0722349335210018
blunder_only,P019c155860e3,1.9897819360097249
blunder_only,Pc84bb70b107d,-0.8609947971999645
blunder_only,P210627a34558,0.8221278814034481
blunder_only,Pa71c58b8f344,-1.240376163367182
blunder_only,P1025efb7e732,0.0974331167948134
blunder_only,P630d09ab0817,0.120863897105058
blunder_only,Pf1ad6cd25de3,-0.5671740025281906
blunder_only,P34845f34e83a,-0.9930927629272144
blunder_only,P5e30bc674c1c,0.1306472823310357
blunder_only,P3bd3c3d49d85,-0.0007082325567428
blunder_only,P7500bc33db82,0.556173048788847
blunder_only,P0da75d95870b,0.451895614468272
blunder_only,P8ca15c405efa,0.179774317255537
blunder_only,Pb0baa70166b3,-0.7563254136059966
blunder_only,Pde2836a360b4,1.2892384180850982
blunder_only,Pc1114acee9f1,0.1694643728678957
blunder_only,P82738800d34f,0.5212405213896109
blunder_only,P288042c9235a,0.6236057003318073
blunder_only,P7f7e364406fb,0.0
blunder_only,P4a80baaad1c3,0.0096864114843171
blunder_only,Pda935120a431,0.6552975855664628
blunder_only,P7752cc852c92,0.9919734161104196
blunder_only,P7beb9c4cc0f5,0.4489783967821262
blunder_only,Pe66de9012673,-0.2188389887567609
blunder_only,P7ac9ea7fda65,0.0653126165817772
blunder_only,P233dab88091b,1.0143723256058164
blunder_only,Pfae71c610e9c,0.7692351592704654
blunder_only,P59eb522d603d,0.9001050941667188
blunder_only,P2ece9a64e4c1,0.2835325808480883
blunder_only,P6a3bd2e0dc36,-0.1396268684516793
blunder_only,P9d3f23fcf561,0.7091285206708644
blunder_only,P1ec8e0cadb46,0.5669956995725322
blunder_only,P83d94b511d4a,0.0723108311891232
blunder_only,Pf12ec3ae8295,1.3551249640683334
blunder_only,P17a612786e9d,-1.128467601413528
blunder_only,P3e28259bd77c,-0.1351935801406701
blunder_only,P806a01af15eb,-1.072364685620414
blunder_only,Pa54748ed2536,0.5075130925513804
blunder_only,P31099edc0f57,-0.7325065732002258
blunder_only,Pf200df3596cb,0.6135729882555704
blunder_only,P54e9e9770957,-0.6219337451011444
blunder_only,Pc82f1f6af6df,0.1829337040499971
blunder_only,P4529c040ce26,0.6446837540935874
blunder_only,P21ce6231d450,0.486908228451016
blunder_only,P18ae5fb50429,-0.4605279564857483
blunder_only,Pb44c04433355,0.3121334393301772
blunder_only,P260548a957d8,0.151629112416385
blunder_only,Pe640e0020152,0.4987113949239432
blunder_only,Pfe1edfd5fc52,0.5636008317162097
blunder_only,Pa9a763147d14,0.4045206526526596
blunder_only,P7826879c814c,0.2956110215849346
blunder_only,P72f95cbb25fc,0.2704801862819516
blunder_only,Pdb0212482022,0.3006456018636622
blunder_only,Pebbabdbd5fa9,0.1786648828345231
blunder_only,P456521e5b0dc,0.1275226163621592
blunder_only,Pbcff2253b9ce,-0.5281958431005478
blunder_only,Pf22718786446,-0.0215306603660185
blunder_only,P6aae346c2a92,0.7995404068691034
blunder_only,P3fa8fede317e,-0.4610518778208643
blunder_only,P59739f27118f,-0.0590719072310788
blunder_only,Pfcba7b88954e,-0.0556828406240258
blunder_only,P43f783646060,0.4768087853988011
blunder_only,Pb341e962151b,-0.0792320076376199
blunder_only,P765467198a60,0.7012773583332698
blunder_only,Pfa0fbce891c8,0.3426093465976951
blunder_only,P1c014225bad3,0.1288294065743684
blunder_only,P4df2e67b948a,-0.276540446316912
blunder_only,P40ab9eb0acfe,-0.3044856627161304
blunder_only,P9a9eeb7769f1,0.6771220564842224
blunder_only,Pb413d456ae9a,2.523332566022873
blunder_only,P83cb1d128e35,0.9775561152824334
blunder_only,Pedfe87de42f9,-0.2719625086248971
blunder_only,P7f85c52801ba,0.0826945539082637
blunder_only,P82b18ef56bec,-0.0825132578611373
blunder_only,Pfd7bafdee3d8,1.3870434761047363
blunder_only,Pc6827ddbf335,0.0705730592270184
blunder_only,Pdf1df3552e7e,0.343939775872602
blunder_only,Pbcec9abe6d1a,-0.5836395957817634
blunder_only,P4841fcafc86e,-0.0506474779838898
blunder_only,Pf563c728ac8b,0.1535858009755611
blunder_only,Pcc8acd5bbca0,0.1274563604707105
blunder_only,P05436984050e,1.9469438602349587
blunder_only,P8b3055cd0b4c,-0.4588466344385173
blunder_only,Pf93c47c22412,1.011698314547539
blunder_only,P492ef82b5199,-1.082731410861015
blunder_only,Paa3a5e58214e,1.0262662693858149
blunder_only,Pc280f40b6113,-0.1914105142156282
blunder_only,Pe89fe90d41a8,-0.9825506806373596
blunder_only,P1bde6ea2f603,-0.0821765331829888
blunder_only,P693407dff640,0.6633403370539895
blunder_only,Pe3633aaaee78,0.470482372182111
blunder_only,P17dd5ef61b85,-0.0457849931637091
blunder_only,P8c46e95b137c,-1.4673624634742737
blunder_only,P2358fed6f939,-0.3733044624328613
blunder_only,P12fd6571c323,0.3024683977166811
blunder_only,Pbcb4e239940f,0.63356686111717
blunder_only,Pe1e45ef4fa3d,0.5912601027039833
blunder_only,Pa25c3d77994c,-1.321237564086914
blunder_only,Pb791d443a086,-0.1039185265203316
blunder_only,P74e96ae93747,0.3203140896789374
blunder_only,Pf082a322ce6d,0.6669869429140697
blunder_only,Pbbc1c3e5e5f5,0.2226446644224301
blunder_only,P3ef995f80a3a,0.4801743950044226
blunder_only,P7aa543f917e3,1.4558736881197885
blunder_only,P698995d10112,1.0028417961051066
blunder_only,P8a1da7c05367,0.2478001769130378
blunder_only,P1ec3b5297f0b,-0.2839994366280735
blunder_only,P1ef048c00f08,0.0277167866627375
blunder_only,Pff492887c88d,1.616333618895956
blunder_only,P50b16ee45f65,0.3943461811391726
blunder_only,Pa1e9387aca36,0.5398789685964585
blunder_only,P43eaec2dc844,0.5122393759658519
blunder_only,P32768ba8aedd,0.5468560010194778
blunder_only,P14a312421eef,-0.2076502116158222
blunder_only,Pffd061586c57,1.1736788755367242
blunder_only,Pa6fe790935aa,0.0379166099245833
blunder_only,Pf2527af93f45,0.3285712945965077
blunder_only,P2d88d15a3184,-2.3290295004844666
blunder_only,P40ec54d08597,0.7288126675412059
blunder_only,P75cf673f4a3b,-1.0072495744097978
blunder_only,Pc839225a5549,-0.093165182425744
blunder_only,Pc343a49c974e,0.4645433699091275
blunder_only,Paa5b1eb7663e,0.0340019024628067
blunder_only,P7bf7446b6235,0.4428720692202212
blunder_only,P7c3477e7afc2,-0.1483894594971113
blunder_only,P8be27e787546,0.3524506771937012
blunder_only,P095732c98a5a,0.2346459234754244
blunder_only,P473b69f3d1f9,0.2478659388420531
blunder_only,P9f8007f1648f,0.1361337929964065
blunder_only,P360d70fc9b78,-0.6669832711991591
blunder_only,P9664924a826f,0.4075186494950736
blunder_only,P2ca0b1a054e7,0.6115139569086362
blunder_only,Pd78b39bcb78c,1.5408904999494553
blunder_only,P6f8442efa7f1,-0.2730309740211519
blunder_only,P8b4c3746499f,0.8695953993570237
blunder_only,P6a952464c5a9,0.0278277113944721
blunder_only,P07f6cfb128c7,-0.2511388899603481
blunder_only,Ped1b636ecab5,0.8467317197727157
blunder_only,Pdcb2f29c24fe,0.0177070400159682
blunder_only,P7f6e31736710,-0.0486412367930538
blunder_only,P9d44c1022685,-0.1634942404739559
blunder_only,Pd6a189e09e91,-0.067365269054703
blunder_only,P0b379bea2067,-1.8102481961250303
blunder_only,Pa6f6d75a436c,0.492554390113869
blunder_only,P6fe355e64d50,0.6875336385134495
blunder_only,P0991053d7017,-0.0379408423208043
blunder_only,P5bc36325d72e,0.7382328639073031
blunder_only,Pc5773e75fa7c,1.1201378769344754
blunder_only,Pd0786a108d53,-0.0769250049294109
blunder_only,P789aaf2dc470,-0.130550742149353
blunder_only,Pae526b043c84,0.0693709288324628
blunder_only,P812612c3989e,-0.5275707403197885
blunder_only,P2531ee913624,0.6401984975673258
blunder_only,Pe07414501291,0.1841363308830478
blunder_only,P8231ae65d986,0.6428072197983663
blunder_only,Pe7581a5e8e38,-0.3487462828556696
blunder_only,P4ec03662cd02,0.4524642444319195
blunder_only,P3ba351105c91,-0.1556687522265646
blunder_only,P37097fb67c93,0.2193775619897577
blunder_only,Pcb1da528c7c7,0.2901923279073035
blunder_only,P8bac5966e670,0.4989919052459299
blunder_only,P4126c071982a,0.4686612817976209
blunder_only,P4798fd584386,0.9326945864491992
blunder_only,P1939a45b7b46,0.570537280450235
blunder_only,Pf5bd7b8ec6fb,0.3868968389462793
blunder_only,Pafac00388da6,0.8719727659607849
blunder_only,P15948d1ecd6f,-0.5263463535378962
blunder_only,Pba6e3c79c648,0.8431008791277439
blunder_only,P71bc74729d6a,0.6453435874902286
blunder_only,Pfedb799a97c2,0.9508537385612726
blunder_only,Pcc47961d92ae,0.1579420791261967
blunder_only,Pe3914f45ac65,0.1018724198576811
blunder_only,P5515b7682e14,0.6367578735838509
blunder_only,Padc59676907d,0.3669894395817643
blunder_only,Pc328ca08ca5e,0.2084776135271148
blunder_only,P94f060f03541,0.5657217174983237
blunder_only,P6d6b87e95cec,-0.1956101006458676
blunder_only,P7c6ae98470be,-0.081311153266138
blunder_only,Pb29f8e378409,1.6286729619660902
blunder_only,Pfe339467c7f1,0.1765845758840983
blunder_only,P6971b6977ada,0.6315186370217774
blunder_only,Pb0022e2404a2,0.7593877712885538
blunder_only,P2768fdaae14b,0.971949399759372
blunder_only,Pf8f2fcc168a2,-1.7651267051696775
blunder_only,P168f3c0aba8f,-0.0517937167921322
blunder_only,P2ad9d64ab341,1.213657269414801
blunder_only,P922abdb30b48,0.2670525824799661
blunder_only,P7f11d9620218,0.3388822527240981
blunder_only,Pbde8126fdcaf,0.0104779692799966
blunder_only,P92cd03b44cd5,1.6896985600392025
blunder_only,P51fe70bf736a,0.2992606936022639
blunder_only,Pc91cb52dae01,0.4582617352199223
blunder_only,Pa13a5df1396b,0.3374963386987264
blunder_only,Pe0513c77af75,-0.0023318101267611
blunder_only,P41c94d9afb49,0.063347914814949
blunder_only,Pb6d81c2aeace,0.3543123966289891
blunder_only,P1c2f1969afd1,-0.4238101325014181
blunder_only,Pbfa9fa935d1a,-0.2743068764177063
blunder_only,Peed57c2af570,0.1149200329236387
blunder_only,Pfff1c35a8107,0.5915282811501665
blunder_only,P37a4732a19f8,2.1462521565457187
blunder_only,P66533be38215,0.0825463779965597
blunder_only,P879c5a61ca0d,0.2732571485178839
blunder_only,Pabd7cd0b56d4,0.515250508540443
blunder_only,Pe4ce910fcd68,0.001139040550898
blunder_only,P95578e0f7cb3,-1.0266793072223663
blunder_only,Pc0386b1b6fa3,-1.8691410571336744
blunder_only,Pda41d5a82f3f,-0.4086807034909725
blunder_only,P96a304a95748,0.2005918648342291
blunder_only,P23cdbc28d54c,0.1899010861913362
blunder_only,Pbb613bbea67f,0.1522274641290543
blunder_only,P023d18ba968d,-0.4190829972891757
blunder_only,Pe03535150ed8,-0.265262961804512
blunder_only,P93d709b1b5ba,1.168171090334654
blunder_only,Pd4762b1da9c1,-0.3335957756301899
blunder_only,P9404d87c819b,0.1099172503764834
blunder_only,P402ef67e3b4a,0.4572490329740453
blunder_only,P9ee5e480a3b1,-0.3713489727427562
blunder_only,Pad6c38c7358d,0.3593729434659914
blunder_only,Pbc62e20e8caf,0.6568306254467442
blunder_only,P9e77f028d24b,1.728362638841976
blunder_only,P5cebaae5f47b,0.0005122175351495
blunder_only,P32da2fbca100,-0.6280751242882475
blunder_only,P6ba321d339d2,-0.4038448446358855
blunder_only,P48c1433f8c77,0.7215640740262137
blunder_only,P5edc34ee6b7c,0.2588335807774287
blunder_only,Pdff49afdfa8b,0.1849315917491912
blunder_only,Pdc39c3c8987e,-0.2041344957387217
blunder_only,P2f2300830c29,0.6149632268546459
blunder_only,P0ad63bffb474,0.3502140214845967
blunder_only,P62a0d095bbf1,0.6747079536398607
blunder_only,P34339060bd0b,-0.1467272126533875
blunder_only,Pa3284e221301,0.4803676119710678
blunder_only,Pa320fef87ddd,1.252569196080523
blunder_only,Pb60259898a67,-0.5929589707214843
blunder_only,P075e4aabc34e,0.2136010173206868
blunder_only,P1d911d243cfc,-1.0585912257432937
blunder_only,P65ee53adcabe,0.317685116123822
blunder_only,Pa409c3f22ff1,0.2992780953645706
blunder_only,P48917d5bbb0b,0.2365024998636505
blunder_only,Pae02ffad6ce3,-0.3361787462742207
blunder_only,P2d7f8cdc071f,-0.0243411098917325
blunder_only,P371d1d2c7967,0.2161047457116636
blunder_only,Pbb533f99dd66,1.5157741389167796
blunder_only,Pbe55aae59424,-0.7414920415480932
blunder_only,P55fae69040e3,1.2056859254837036
blunder_only,Pbdf2ddc29f6c,0.0509860003367066
blunder_only,P9b5e55ea4060,0.5956508512035388
blunder_only,P03178c8297b4,-0.2007298361171375
blunder_only,Pa1e633a1c05b,0.3336613935000501
blunder_only,P20d81128e867,0.2414567869336926
blunder_only,P83c1d1f8b42a,0.2833030437222785
blunder_only,P01bee04a9b3e,0.6045302391052246
blunder_only,P57bd98e7c9cf,-1.3485259227454662
blunder_only,P221c43604f50,0.1780678596345483
blunder_only,P0703e4c8d556,0.2924062969059837
blunder_only,P3f90558a0c95,-0.0867682902134342
blunder_only,P3f0e7142d44e,0.2588400888650011
blunder_only,P52a5a77f2c10,-0.4292802587151527
blunder_only,P825e7ab15d61,0.6308319052060445
blunder_only,P1260a21db0c0,-0.1270865693879432
blunder_only,Pf84b584a058f,-0.941541526052687
blunder_only,P7344e4d77aee,-0.0325311262219671
blunder_only,P7421de863f8a,0.3537002091316088
blunder_only,Pd987d6de8765,0.5766084185945514
blunder_only,Pebc77b4856e5,-0.0530426359976934
blunder_only,Pdbc12ccbeb13,-0.1513874675750646
blunder_only,Pb677647e5986,-0.6576728194434175
blunder_only,P7d00f4fa0063,0.0539738060037294
blunder_only,Pd2810fac32e9,0.6568347309387865
blunder_only,P0120464aad54,0.1985888483913635
blunder_only,Pb832aaad8e06,0.1218071430921554
blunder_only,P152f89a99e18,0.7983881334463756
blunder_only,Pca96754a60c1,0.0180129510688257
blunder_only,P8a5913cc2e87,0.5870442396721092
blunder_only,Pe357960237fa,0.5419303920297396
blunder_only,P9951bc1a4c0f,0.2437478858671147
blunder_only,P3a1dcc8c90f0,-0.1811585128307342
blunder_only,Pd1e4c6285e9e,1.5554036845763524
blunder_only,P84e2710c5113,0.0344176883717591
blunder_only,P91b07f11ecac,0.880507000467994
blunder_only,P3a3ef9b3d0e8,-0.2116143773408129
blunder_only,P5edead730fa7,-0.2194522924943209
blunder_only,Pa5ed5c58ebb4,0.5441073425723277
blunder_only,Pba901b9ea7ab,-0.4447893665748692
blunder_only,P3ca8121ec336,0.6682419601867001
blunder_only,Pa092156f87ff,0.7061974777529637
blunder_only,Pcac0c44c16dd,0.4055283115671149
blunder_only,Pdadd2f3d443c,-0.0959947222755068
blunder_only,P4126c799b4a7,0.2353613118330637
blunder_only,P9fde131654ce,2.002661892771721
blunder_only,P5db2c2fd2d8a,0.9887728676613836
blunder_only,Pecc899e8f6bb,-0.1642754463354746
blunder_only,P4fdeadd3ae5e,0.4971996028907597
blunder_only,Pe9cc0911bd75,-0.1915623612544516
blunder_only,Pc5010fc96261,-0.1499568161510286
blunder_only,P1093f768653f,0.9446708473953462
blunder_only,Pd7469eb5b838,0.4268197227097009
blunder_only,P6652b82a80cd,0.6007197278086096
blunder_only,P108003b1ab18,0.5458187814441668
blunder_only,P38a047edb5e1,0.179273645508857
blunder_only,P7303367b599d,0.9398804120719432
blunder_only,P9cf995a1c0af,-0.5036105277637641
blunder_only,Pb29e69a5ccd3,0.7589510415609066
blunder_only,Pd2919ca64c21,0.655803029211583
blunder_only,P910bd2c05c19,0.1762832873102882
blunder_only,Pabe3a7a215f0,-0.1735271950226898
blunder_only,P04d350c7081b,-0.591455942630354
blunder_only,Pb3323e502fd6,0.0887746206943004
blunder_only,P2d270ef3698a,-0.2912987228567813
blunder_only,P1c167ea9d6c9,0.1213929653167724
blunder_only,Pa53be076304a,-0.1988666355609893
blunder_only,P2dad39c41197,-0.1137588713017076
blunder_only,P91ccf336aedd,0.2980663015448072
blunder_only,Pf0735de7b733,0.1349364958565544
blunder_only,P52e257901034,0.2394698401173677
blunder_only,P81345a970df8,-0.4516260336946558
blunder_only,Pa05f3f716683,0.1532202211995435
blunder_only,P61588d2d506b,0.3327145459803027
blunder_only,P26d80069b31e,0.3966884920493312
blunder_only,Pe9a606363347,1.8689788853128757
blunder_only,Pb5d89ec878e7,-0.923075295984745
blunder_only,Pabdcdea636db,0.4546586099184221
blunder_only,Pb7129dbfc3cb,0.2873621207751742
blunder_only,Pb2b7f26b20ea,0.7793505114728007
blunder_only,P3b22a736337f,-0.4075288139303815
blunder_only,P5a52138446ce,0.4392694396018568
blunder_only,Pb4ea9bc0f76f,-0.1627755215391516
blunder_only,P6618f67363b6,0.1422685180104052
blunder_only,P277a3bc9a9b0,0.555392951940925
blunder_only,Pb44bdee25ea4,0.4997790462014274
blunder_only,P0975a1dd12ba,0.0318069690577115
blunder_only,P5d1d7591dfdc,0.6977338492870331
blunder_only,P3ae673de8066,0.0090899924650841
blunder_only,P584154eb074a,0.3285465388330594
blunder_only,Pad2e39bf5734,0.6434533460151731
blunder_only,P664c68b04083,-0.6072009376250207
blunder_only,P365702120eaf,0.2449240727970997
blunder_only,Pf6641d989cb9,0.650642013253252
blunder_only,P0fe7d4c76fde,0.4337909131839693
blunder_only,P0b2077628821,-0.2340139718726277
blunder_only,Pa4bdf42193ce,0.8988629763413754
blunder_only,Pc6f7316353d2,0.1411218497281273
blunder_only,P9a483b101fc7,0.1394075540204843
blunder_only,P674c02d2cdc7,0.3374970030157811
blunder_only,P1a6ff7ce6f7a,-0.4923434983938932
blunder_only,Pdc5a49a8f1ae,2.054035529804726
blunder_only,P36c64a574757,0.2780528720468282
blunder_only,P6febd7b6489b,-0.1378583415256192
blunder_only,P8b646a21690b,0.5074311583956774
blunder_only,Pb8e527d69da8,0.5742096465371259
blunder_only,P98ae232fecab,0.6436404892139965
blunder_only,P0158a774b13f,-1.74064655204614
blunder_only,P8ea460b05c8e,-0.0208588819092781
blunder_only,P83c765a813a2,0.3683461405357671
blunder_only,Pdf5a22898f77,-0.0247131869770013
blunder_only,P3e4d411df052,-0.0652723185097177
blunder_only,P539cd365eb73,-0.1536492541933339
blunder_only,P1b7e27adf771,0.2682724842689838
blunder_only,Pf15ca370f428,-0.4523041695356369
blunder_only,Pf3890f54d9bd,-0.2308284637005876
blunder_only,Peb2110accecc,0.5232784152030945
blunder_only,P5a9f1764f6bf,0.1503930919700199
blunder_only,P99aa5673fe47,0.7749503824330547
blunder_only,Pf276b59fdf6a,0.9527511917054652
blunder_only,Pe2da4cb0f4f4,-0.3425210904743936
blunder_only,P929c9da2ca4d,-0.5328903963377593
blunder_only,P93c015d967d6,0.291675028760209
blunder_only,P0fc74cbbb61f,0.0145233709010339
blunder_only,Pee7e9699300c,0.368844997943469
blunder_only,P4e9ba86174d0,0.2301152033938302
blunder_only,P5dc5269a79d5,-0.2328803965313868
blunder_only,P6b82d28aea53,0.1727848673860231
blunder_only,P2933ac17491f,0.1820919230828144
blunder_only,P023500e97547,-0.1617099255256097
blunder_only,Pda2324cec618,-0.7339242667624993
blunder_only,P9479c6a171ab,0.2782716813872075
blunder_only,P8eeda2956e32,0.4612831315025687
blunder_only,P214aba7668f9,0.0667337221270907
blunder_only,Pa8b4d9f66e64,-0.0403987383107971
blunder_only,P021789816668,0.3879881878161714
blunder_only,P302352d0ba84,-1.3923421343788505
blunder_only,P5d8ce07c099b,-1.5051676481962204
blunder_only,P75b97f00eb03,-0.3807398974895477
blunder_only,P83b0a6c72d2f,0.2639846761989232
blunder_only,P09dd21243864,-0.0171176779932446
blunder_only,P7f7a902f3020,0.6514978692645118
blunder_only,P2ca6aa9e5fb2,1.2691152095794678
blunder_only,P08a35be1a9f5,0.0985873245049475
blunder_only,P18015b63df22,-0.2749029323458671
blunder_only,P57605ec83451,0.3043684828654988
blunder_only,Pbe71c6fc6dec,-0.1682972749227694
blunder_only,P7f3df1ac2054,0.3544147812128097
blunder_only,P53c8731576f1,0.1530775463476346
blunder_only,Peada94290aca,0.3074887732309955
blunder_only,P5adf6a486ad3,0.0067271040687394
blunder_only,P3ef88dd57320,0.127210957929492
blunder_only,P80391149879f,0.9217497983915096
blunder_only,P107cd3cce5ff,0.448499668526595
blunder_only,P80572e2e038d,0.2222283610275813
blunder_only,P712a15bf0e6f,0.3674287288807906
blunder_only,Pf01ec3446e5a,1.315339557826519
blunder_only,Pad35224f69cb,0.2380753519089773
blunder_only,P08138e69aa8d,0.7713781723522004
blunder_only,Pb8e3301b2a74,0.6339348257918443
blunder_only,P3fd0e39eaf0a,1.284184356530507
blunder_only,Pd3caffd9ca92,0.92587361269527
blunder_only,P7bf9f64eb498,0.0704128741098906
blunder_only,P80156e5e9278,-0.2471044705145889
blunder_only,Pedb32850fe8f,0.3896799763166569
blunder_only,Pf8cb4a31e638,-0.3478932899160263
blunder_only,Pf50c3667813f,0.3258153994878133
blunder_only,P205001f79889,-0.4340897493728325
blunder_only,P712597ce3113,0.4665520496573007
blunder_only,P1075eca1226f,0.5244395893311395
blunder_only,Pd1c103d52bc5,-0.2946115985098813
blunder_only,P54dee37df895,-0.1014555766513305
blunder_only,P2c8d128456e7,0.1030304016092003
blunder_only,Pc994f2f664d0,0.3132605733236701
blunder_only,P225f9fdd0e6a,0.2989542343237094
blunder_only,P26a25e7e0acd,0.1141761323988989
blunder_only,Pee3bd2759128,0.6157688652509921
blunder_only,P8355228c7fcb,-0.687020837639769
blunder_only,P35c3c82a1f69,-2.453584396176868
blunder_only,P8b84543fbeee,-0.8641407489776611
blunder_only,P6f46ca46d531,0.4848353191558747
blunder_only,P28e3e6213211,0.135098718077731
blunder_only,P889b32057ba6,0.3625427150706712
blunder_only,Pa806b3be4c73,0.0545443777408864
blunder_only,Pdd414ec3dd8f,0.165193796703133
blunder_only,P307331710618,-0.0208859244694134
blunder_only,Pe2016442eada,-0.4040937246733801
blunder_only,Pc995fb025ba5,-0.2006997913098169
blunder_only,P58f22023bcff,1.1077098621661758
blunder_only,P9537bacac8c5,0.371359560335124
blunder_only,P6fc37d87e562,0.1458065270313194
blunder_only,Pe264503d6266,0.0521162624160448
blunder_only,Pb840bf140f47,0.4528481662273407
blunder_only,P216e7b1288e1,0.0318384320765294
blunder_only,Pb99157f4b8bf,0.4441917616279185
blunder_only,P1445b99bcfad,-0.1572441626940819
blunder_only,Pdb3b32bc391e,0.2787329405546188
blunder_only,P111b99534596,-0.005825873100548
blunder_only,P95f74d92ac2a,-0.1227818347202552
blunder_only,Pae9a78de2ffa,0.6188996524095238
blunder_only,P55db4aa6eaf8,0.2795426562697311
blunder_only,Pfa746ce64c80,0.0020499373305163
blunder_only,Pb692cd85f602,-0.3335519507989357
blunder_only,Pbfbad201cec1,-1.7490782588720322
blunder_only,Pf66130e25553,0.427886567652772
blunder_only,P8b2612509c33,0.5478217562454015
blunder_only,P1d825f43a3a3,0.1051875171242725
blunder_only,Pc5d73fbde6ea,-0.2511786247835669
blunder_only,P0c238f31683a,-0.0247227100241515
blunder_only,P1b80bf19bdca,0.1750254875200036
blunder_only,P8212a164e2e3,-0.3635605204942959
blunder_only,Pb7d4a3879687,-0.193694174017351
blunder_only,P867c90da9263,0.9481410060876182
blunder_only,P0ac289dedd59,0.2569204546043411
blunder_only,P4d1f7169908b,0.937163337237305
blunder_only,Pcbcc5593e6df,0.7713628709316254
blunder_only,Pc6f9586f5734,0.0712575834892094
blunder_only,P332bebac8e18,0.56254724226892
blunder_only,P0e6f3112e611,-0.4934690821288006
blunder_only,Pe2afcbb05298,0.7494733919906947
blunder_only,P079ff0325fc1,-0.5611621896193053
blunder_only,P7fd0228d850f,-0.197114033473383
blunder_only,P398456776078,0.4994811278241484
blunder_only,P021a9419c937,0.5045117360163922
blunder_only,P7a69b294a1d8,-0.9246147320502334
blunder_only,Pb94d29b5ba48,0.7916182476061362
blunder_only,Pa1fd2be64f09,-0.0726588194568951
blunder_only,P1b1e4e1a700a,-0.0119706019759178
blunder_only,P1dba555d1f66,-0.5452361537350549
blunder_only,P99c9bb32ef9a,-0.1747790230438113
blunder_only,P904aff244930,0.090062767588969
blunder_only,Pf9ca791a8090,0.9592117763779782
blunder_only,P6b296173349c,0.5878685648885316
blunder_only,P9fcd9df604be,-0.2393623596796441
blunder_only,Pfcdf10e20bee,-0.2691148519515991
blunder_only,Pf3fa16b37eac,0.2825508974254501
blunder_only,P928904033f60,0.4261096600142025
blunder_only,P9e2c0f730ebb,-0.5489492074896892
blunder_only,P6229c5e42d78,0.1334643454640559
blunder_only,P8fb13fab2c1c,-0.1126827316816573
blunder_only,Pd06d8fe40777,-0.853844553232193
blunder_only,P5fa35b0bb308,0.8243226198764724
blunder_only,Padb9b3aa8797,1.3371421529187095
blunder_only,P67e45d150cd9,-0.2131546911004052
blunder_only,P1e0c3d99108e,0.3620369032889414
blunder_only,P034c75d45b29,0.9850649718700494
blunder_only,Ped0f26abd29e,-0.2625757389639814
blunder_only,P06ecbdef1ee3,0.3410193609791541
blunder_only,P2d2ef1c2f7f1,-0.0115945602672698
blunder_only,P6a5be5c326c9,0.3906872869831406
blunder_only,P58534d0c2187,-0.1834451401606202
blunder_only,Pbc209a18dadf,-0.0672313367518094
blunder_only,P9daeb05caeeb,1.2016585557056323
blunder_only,P38fcf457355b,0.4866421403561258
blunder_only,P178f5e004880,0.788675107061863
blunder_only,P1e9bdb7247f2,0.8738753127937133
blunder_only,P59eed7cc4af1,0.1227535637862542
blunder_only,P28e7b8c210d1,-0.7990485976139704
blunder_only,P3508311b6e78,0.6622072376984146
blunder_only,Pfef91071d4ed,0.1303630128718474
blunder_only,P37754fea835c,0.4654769688759177
blunder_only,Pb7d4e6c26d58,0.7308795695326158
blunder_only,P1bbb8ff95e0b,0.0127382232083214
blunder_only,P6affd0692743,1.6162957217311489
blunder_only,P3d1bd549d981,0.0444661956415893
blunder_only,P2837f9753ad7,-0.080061399425779
blunder_only,P1456c6ab01ad,0.3760235135965123
blunder_only,P31193c0c27cf,0.0294546667600852
blunder_only,P16f208196125,0.8523689073820909
blunder_only,Pa6b19ff68657,-0.0349053846471101
blunder_only,P71c9f1af475e,-0.6174335231383642
blunder_only,P514c078a0db5,2.4419692754745483
blunder_only,P2cc7050fd549,0.9541217987425624
blunder_only,Pb8343d2014d7,0.249880911109762
blunder_only,P68b193dac78c,0.2457550031485531
blunder_only,Pc87a1885fb98,0.2032873567371305
blunder_only,P3d2b66d461ab,-0.823511004447937
blunder_only,Pff5c2a684002,-0.0072195749498278
blunder_only,P97b4b4e04723,-0.3006984584720798
blunder_only,P172c50f5e613,0.0
blunder_only,P94a2cd8d175a,-0.0443367793919548
blunder_only,P7da750099cf4,-0.3395485828320185
blunder_only,Pcd38fbec8ea9,2.0576569529043307
blunder_only,Pcc0d6967df6c,-0.036653852791507
blunder_only,Pc11a995393bb,0.0657012964521035
blunder_only,P1d24468ea7f9,0.3515356110083403
blunder_only,Pde6e17bda86f,0.6871935727861844
blunder_only,Pf9790dde78f7,0.0010472627878189
blunder_only,Pf92c03044fe3,0.8257338134524149
blunder_only,Pee00b5890ac2,-0.2688074148385105
blunder_only,Pfb9f665bed33,-0.0739682389018328
blunder_only,P96c91ad1fed1,0.1963982010857484
blunder_only,Peb3fe94eaad4,-0.0517889932948613
blunder_only,Pb022d07fbd99,0.0790041305479549
blunder_only,P15afa37f2ebc,0.7783341021247218
blunder_only,Pbd0becb4cac5,-1.836903095245361
blunder_only,P310c70e605f9,0.949865137040615
blunder_only,P6df1cc96d65e,0.6529384097724389
blunder_only,P32a8eaa50dd0,0.5505919551862526
blunder_only,P6491ae94b7c6,0.7465762847517717
blunder_only,P09bc68935da9,0.9920048442523496
blunder_only,P565c9295d7eb,0.7422620814107912
blunder_only,Pd3960bac6e71,0.3909701480003381
blunder_only,P51984721bc08,0.0580564837034004
blunder_only,Pcd40859e8e27,-0.143761060638901
blunder_only,Pf5f25b4ae44d,0.6668606404111617
blunder_only,Pd2b47485ad4b,-0.5548770825068156
blunder_only,Pbb4948432088,-0.5337219590490515
blunder_only,Pfed06b88d869,0.1919546839263703
blunder_only,Pc0fcac002e8d,0.0453216409754185
blunder_only,P822999f20fc6,0.2636773628182709
blunder_only,P7295311a472d,-0.1858212396010627
blunder_only,P751d4478859c,0.2107281956595905
blunder_only,P7142eb88b2bb,0.0882583055221234
blunder_only,Pceec039d9eb1,-0.0699786767363548
blunder_only,P60cdb9820d67,0.4691428702484552
blunder_only,P2f099fbedebb,0.1057028904291112
blunder_only,P9d220b964b54,0.0059236634656179
blunder_only,Pa17277850ae2,0.6606043289105097
blunder_only,P3dd00ca43081,0.5679656943121177
blunder_only,P137b1697c45f,-1.08663096692827
blunder_only,Pf13bbf74c86c,0.4633190412020337
blunder_only,P46ba1a2444e2,-0.1606692519393705
blunder_only,P6c5e1272152a,1.316681630909443
blunder_only,Pac5fcb8c8867,0.0609608888626098
blunder_only,Pa9397d5b0b39,-0.0145424730720974
blunder_only,P225461ce25e5,-1.0850249444444977
blunder_only,P51e6aa5b0c17,0.408648582547903
blunder_only,P32678b377d96,1.1474102982243553
blunder_only,P0ef23a9e37f1,1.761358678340912
blunder_only,P37602170b203,2.928020194172859
blunder_only,Pd601613fb262,-0.1538158928354581
blunder_only,P6f4a3f955d09,-0.1750424174551025
blunder_only,P0bb6bc90fb97,-0.0056274451597474
blunder_only,Pf7f2069e4c22,-0.4829929140588593
blunder_only,P6b0d0cba2ec4,0.2758776903676022
blunder_only,Paa254377aa99,0.6230636173859239
blunder_only,P3b0bcdbca228,1.46988478799661
blunder_only,P2b41ed732864,-0.1716880351822409
blunder_only,Pd0ebe77f4db6,1.160053841551778
blunder_only,P3bab8dbd43f0,0.6467932718710113
blunder_only,P15c1a4eeabd9,0.7860109503898355
blunder_only,P355572ec14cf,0.425984638972117
blunder_only,P23d41273a11a,0.0989768741031487
blunder_only,Pabf47f4acd60,-2.247293984889984
blunder_only,Pe25820fbeda1,0.3478988076330392
blunder_only,P4b93cc25abb8,0.6143046170473099
blunder_only,Pfc6239134547,0.5032436502404136
blunder_only,Pb9d40cc553aa,0.5999511944130063
blunder_only,Pfbdbe1ff9d68,0.7158560748631528
blunder_only,P061413032cce,0.709632509394678
blunder_only,Pf0c5c089aa79,0.2150512818975152
blunder_only,P007e0c038fe3,0.1236550434041815
blunder_only,Pae6636c0d3cf,0.4744889465621625
blunder_only,P05ba7d840501,1.1799150109291077
blunder_only,Paf94cd57e176,-0.151081135821869
blunder_only,Pba346917b2f7,-0.1871475737393377
blunder_only,P2bda47941594,0.6795004311696263
blunder_only,P114a94e07153,0.1720652018918188
blunder_only,P6ac37905ea05,-0.0773585851335001
blunder_only,P70f38d23779e,0.0993068366779478
blunder_only,P926a4d5b298e,0.427731545262929
blunder_only,Pd92f1dd9340b,0.5296694752760231
blunder_only,P0defbf896d35,0.3626710034893526
blunder_only,Pc034d9b73d47,0.2134127934870681
blunder_only,P1ddcca7639de,-0.0978673668953831
blunder_only,P1eb9a63eac96,0.3285354885382065
blunder_only,Pde1f9bbc7b60,0.4818540098056907
blunder_only,Pfb3de794b3d9,-0.5812809032920215
blunder_only,P0d89f51610ac,0.101555783382463
blunder_only,P92cee50211b5,0.1664370119958729
blunder_only,Pf67de0ed71ff,0.3914588092847051
blunder_only,P2134338b6e09,-0.1056689237877744
blunder_only,P3c6b7d7192a6,-0.0978404382864634
blunder_only,P92f266e67912,0.367361278020512
blunder_only,P12df0cfcbffe,0.1562573251624902
blunder_only,P5b18a098b633,-0.2875185012817383
blunder_only,Pa264ba87365b,-0.0774518261279406
blunder_only,P2b858150cae2,0.4695447969141284
blunder_only,P44bc84ac9dfc,0.1465176492929458
blunder_only,P08ba15d92662,0.3570704929767147
blunder_only,P4b9aa1a0b320,0.0448311019109797
blunder_only,P58e5114cb93e,1.365117370635271
blunder_only,Pdf4bd8732620,0.0681027397513389
blunder_only,Pab47e6ee309e,-0.1562990806996822
blunder_only,Pd04d72594d48,-0.0572650912012403
blunder_only,P40eb456da51f,0.53251294290164
blunder_only,P410bde0b37bb,0.4521946310997009
blunder_only,Pcf97a8ea9ae3,0.4223883991420514
blunder_only,Pda1cefdc519c,0.2040718498414162
blunder_only,P6612368d8cb4,0.2374690449131386
blunder_only,Pca6bccbb2953,0.0425375208717871
blunder_only,P372931ab7478,-0.5964396854519451
blunder_only,P06317a212f69,-0.3154386449126909
blunder_only,P51a2c4e348d7,0.6683775693178177
blunder_only,P7a4ca44c3991,-0.637589500596126
blunder_only,P21983a01453c,0.4098131495593493
blunder_only,P0d8fdfb6e33a,-0.0389015754560629
blunder_only,Pd089670a8fe3,-0.0958119348551218
blunder_only,P9e0e542a71a7,1.117349373538875
blunder_only,Pdfc97f185c59,0.161196836971566
blunder_only,P4b0c49504ccb,-0.6809772567463737
blunder_only,P7157035289bc,0.6817113142460585
blunder_only,P0d5d7a35ddec,0.540382519994218
blunder_only,P2a3ca0e7451f,0.3105270871914746
blunder_only,P7cc5e8d7d469,-0.8739648088812828
blunder_only,P11547704d998,0.9517547248084564
blunder_only,Pd16b42f1c20d,0.277908650368214
blunder_only,P00ef1261dc75,0.401185141859988
blunder_only,P028c4c176cb2,0.6522824559360743
blunder_only,Pbe24a22a5f55,0.3409408945885916
blunder_only,P612f692f6c1e,0.1086976675652788
blunder_only,P3e4d43616bd3,1.7884673457592726
blunder_only,Pf82a1b69031c,0.2594852345872235
blunder_only,Pf17e670ae1d4,0.7501266183486829
blunder_only,P586096487c38,-0.3834444085756938
blunder_only,Pf7fd84dccf3c,0.4038528129458427
blunder_only,P4d929679f55b,0.0553244767828917
blunder_only,P4f46d3a49f2f,0.1972654759994752
blunder_only,P82018f965400,0.4408297751055573
blunder_only,Pe865e29c3563,0.394943958436335
blunder_only,P7cf60c916c52,0.4965712937650504
blunder_only,P5308dc1516c8,0.0750029188434296
blunder_only,P62534e253752,-0.1962802445462986
blunder_only,P035ca277d49b,-0.7244886399971114
blunder_only,P0122f962af5d,-0.1136940173578984
blunder_only,P81055926e709,0.953365871310234
blunder_only,P83507d0fa81b,2.318336872176992
blunder_only,P757b53bc35f0,-0.3184581525887401
blunder_only,P7b6715497122,0.1583816483616829
blunder_only,P1c6b5d1263fc,0.0270117594468178
blunder_only,Pb013659de46a,1.103361148076753
blunder_only,P2765d1892ef0,-0.7813224313625444
blunder_only,P962245f61986,0.0526128355413675
blunder_only,P6ed32f145175,-0.0159738297817219
blunder_only,P800519a9f50e,-0.1714237064123153
blunder_only,P20c3ad7116d8,1.006117794969975
blunder_only,P6eec1334448e,0.2919575164218743
blunder_only,Pd1155189628a,0.0116219706522921
blunder_only,P92a05cefb59f,0.5717921857675321
blunder_only,P9950cd12edf9,-0.3416711585869392
blunder_only,P9e2399ce2889,-0.5332883429527283
blunder_only,Pe18234d8fddc,-0.479326759720696
blunder_only,P493da9378627,0.1233723003173119
blunder_only,P7bc176a0c8fe,-0.0368561887078814
blunder_only,P7b18a67b3ba5,-0.229154663781325
blunder_only,Pf40ae32c679d,-2.165935581798355
blunder_only,Pac41b389cb44,0.6447408792981528
blunder_only,P6bed0217f5eb,0.2318719412969166
blunder_only,P61d665637f05,-0.1176728050708528
blunder_only,P8978ed05627e,0.4279270122448603
blunder_only,P90b03966c755,0.0418330828267031
blunder_only,P6e6132a3f1d5,-0.3588111405619962
blunder_only,Pa93687338d68,1.557012620297345
blunder_only,Pbd422365720f,-0.0182837061583995
blunder_only,P60d11c9f183f,0.7249961531524356
blunder_only,Pe17ddefb56e7,0.289868414402008
blunder_only,P256546948bb2,0.928108853406258
blunder_only,P09d43eb56b6d,0.1899464582989099
blunder_only,P1e8333533fdd,0.286218782265981
blunder_only,Pfe5d57a0ab89,0.0318232037945135
blunder_only,P8c79eba1f84a,0.5300840817924055
blunder_only,P808a16e650fc,-0.1219516068866307
blunder_only,P0b70134d9d61,-0.2786082304441011
blunder_only,Pbbe05e1e24fd,1.060947616250817
blunder_only,Pe0c36dcc3246,0.1538314993897503
blunder_only,P62128d413b5e,1.282373796403408
blunder_only,P05dc9839e572,-0.4032979419791528
blunder_only,P4d6de310c65c,-1.1691784513769323
blunder_only,P3a79401f7f24,0.1332534334725804
blunder_only,P1719c2ab0802,0.3404972516000271
blunder_only,P63163a712cca,0.5481372508179769
blunder_only,P7a9d03af4ec1,0.416223817887638
blunder_only,Pa466e6e44a64,0.5217360723763704
blunder_only,P4c63f0c2f422,0.5303066787620856
blunder_only,P14a4abae5cb0,-0.0305936068739919
blunder_only,P31d98c5e3910,0.4009354412555694
blunder_only,P47d6bfdf496a,-0.1226409897208213
blunder_only,P9862a42525a0,0.3864861698410801
blunder_only,P5ace6bdc2ea4,1.4850510639205043
blunder_only,P0f4113e53784,0.2634668373188188
blunder_only,Pdebf08946c57,0.4622419744443435
blunder_only,Pdb8a8a491bab,1.2469847667154252
blunder_only,P421e8188eb83,0.1461585698383194
blunder_only,Pca8a628ee105,-0.8289670571684837
blunder_only,P8b51234c6656,0.3406380497893752
blunder_only,Pc1103b7bf96c,1.1330235889883389
blunder_only,P44e821225147,0.1470274552702903
blunder_only,Pddaca661720c,0.251764702796936
blunder_only,P3cbae5415044,-0.1119491967092796
blunder_only,P88b013b05135,-0.0432355344961916
blunder_only,Pe3035a89a79a,0.2058263827903445
blunder_only,P732cdbec8d3b,0.7592782975484927
blunder_only,P07ff8b06bad9,-0.8748737772305806
blunder_only,P3df9bfb5ad2b,-0.0194213521577109
blunder_only,Pad0113c2c993,2.469996929168701
blunder_only,P946903fbc306,0.4012104444872073
blunder_only,P428aae29f11f,1.2212149523810862
blunder_only,P21599efad85c,-0.189194853383709
blunder_only,Pbf2cf5b53121,-0.5878387746911774
blunder_only,P569b8927bf23,2.511955024053653
blunder_only,Padb4cdaf627b,-0.4126665959522085
blunder_only,Pcfff6c21299b,-0.2805377393960953
blunder_only,P12957c28476d,-0.2234777388761761
blunder_only,P8bf6d4c975a4,0.1926738307811319
blunder_only,P69e694c4c246,0.0096962294093815
blunder_only,P32ec7de06532,0.7087987866666582
blunder_only,Pb38d7511be61,0.9238441862726122
blunder_only,Peb6de96814c2,1.6187302284789356
blunder_only,Pe5dbbbe57b10,0.9868017435721728
blunder_only,P5859476a8348,-0.1050044539872002
blunder_only,P322fa64145ea,-0.1758720144629478
blunder_only,Pcc6565ee3777,0.6654347014291921
blunder_only,Pe5a799fc99ff,0.1519041991926348
blunder_only,Pc2cdaf385803,0.6468202173709869
blunder_only,P4ec211f48ed4,0.7704795918253011
blunder_only,Pa109a6f380b8,0.4214333291601028
blunder_only,Pbe4a495489a8,0.8148429233294268
blunder_only,P31eb79783b72,0.2680618732187176
blunder_only,P56d25ecafe1c,-0.6564777884662344
blunder_only,P62eee726d317,-0.4820612501353025
blunder_only,Pa20db916995a,0.5666410319793683
blunder_only,Pef8522147c86,-0.7413448225706816
blunder_only,P4b8abebd7a40,0.1678050150678409
blunder_only,P1b4c8ca28702,-0.7173036238434268
blunder_only,Pa109d116d8cc,0.4248027073930428
blunder_only,Pbd8cdc359584,-0.2483730231017154
blunder_only,P104f8ddd0d22,-0.0283677550653616
blunder_only,P787b50975b57,-0.7429801114400229
blunder_only,Pfc6b03a25c62,0.4755672742150448
blunder_only,P5334c7218405,0.3782550365353624
blunder_only,P884366b00326,-0.356742766033858
blunder_only,Pade6501642d6,-0.2826751997694373
blunder_only,P28f46f0e9ba6,0.3098743359467423
blunder_only,Pc294693a0025,0.8676636077114658
blunder_only,P659810c1c504,0.252196515228166
blunder_only,Paa1c67e9db6a,0.2513775675282592
blunder_only,P383c619217fc,0.5230724349529261
blunder_only,P053c8f38a526,0.5206973391156348
blunder_only,P932f2db10b70,0.3118946137542764
blunder_only,P22cbe5179f09,0.6365191346748018
blunder_only,Pd2720784a4bc,0.4955030803683909
blunder_only,P0734745ae0ca,1.5351738496883107
blunder_only,P8079f784ccd7,-0.5648311030119658
blunder_only,P303d514e5017,-0.5572881016584615
blunder_only,P62fefc219be3,0.102834898730119
blunder_only,P237ed8af5bd5,0.3023200194040934
blunder_only,P39851771a5a6,-0.0543122842907905
blunder_only,P8044eab3cb4d,-1.4790748059749603
blunder_only,P1acbab79afd7,0.2019187493870655
blunder_only,P35cf495b6662,-0.2321512357263343
blunder_only,Pebe6cd41b864,0.827719331547922
blunder_only,P5839ce0262b2,-0.5134187117218971
blunder_only,Pba1156828f64,0.0875774418281098
blunder_only,Pbce4d81f68e3,0.1222555594070101
blunder_only,P9a0c4541e9cf,1.527486965060234
blunder_only,Pdef10801f497,0.3404774929643894
blunder_only,P14cf666979d2,0.7720218598842621
blunder_only,P2269b6643d89,0.0034954948256714
blunder_only,Pf9b5901f595d,0.3317320032045245
blunder_only,P5683cd7aa4ba,-0.5890887329041223
blunder_only,Ped1c970fe0ea,-0.3082957606988423
blunder_only,Pa20a54aa7576,-0.4884034393145924
blunder_only,P27a6b77940c9,-0.6128222055733205
blunder_only,Pb6cbf5b1a86d,0.0688980888869674
blunder_only,Pd145f3d98503,0.030985027551651
blunder_only,Pd3502209025f,0.1608277778134081
blunder_only,P82a55fab934d,-0.440703373020599
blunder_only,Pfd69390d9628,1.7291901310284934
blunder_only,Pa772033f022e,0.081775337564236
blunder_only,P11eca599de0e,0.0333993538852521
blunder_only,P623c7527c4a5,0.2275380492210388
blunder_only,Pbf5fc72d213b,-1.4193196594715118
blunder_only,P08fd93d960ac,-1.0208367183804512
blunder_only,P3acf458c9ccb,-0.0743525223363013
blunder_only,P7001527d5300,0.0643967689345122
blunder_only,P9bd620cdba8b,0.4667194951946536
blunder_only,Pad33de833c60,0.3700826168060303
blunder_only,Pd114ff292c6e,-0.6655798839198219
blunder_only,P58f3002d319f,0.5774320214718488
blunder_only,P767e166cf83c,0.2591636511529247
blunder_only,P6c1f81e1f592,1.6200411546975375
blunder_only,Pd91a5c850905,-0.095280766553488
blunder_only,Pe929070cc77b,0.3741203546524048
blunder_only,P758e77f165a8,0.667878981265757
blunder_only,Pec92e8881912,0.4473549723625183
blunder_only,P2becb29d2146,-0.0326820254325866
blunder_only,Pc19fcc82a533,0.0292308919131755
blunder_only,P5a830a24c2e1,1.682443442089217
blunder_only,P6a1b97a2f0e3,-0.716920018196106
blunder_only,P196a40153f3d,0.7955851965687342
blunder_only,Pad5ba985253f,-0.035831092682841
blunder_only,P2f18619546fd,-1.0678469240665436
blunder_only,P8e873c73371b,0.6125200219629776
blunder_only,P39db58697db9,-0.5465504445135593
blunder_only,Pdcc8a3ec96bc,0.1692363825061031
blunder_only,P96eb27d0f8a1,-0.2993447580716262
blunder_only,P61536d3e16a6,0.7605880316423879
blunder_only,P9948638847e8,0.4486697977562871
blunder_only,P369cdf565411,0.4019824994692815
blunder_only,Pe1fa28623165,-0.0869904935438217
blunder_only,Pba38cf0bf268,1.98033159332616
blunder_only,Pce5332e14a6e,-0.3155799623070843
blunder_only,Pbde0da27c4c6,0.6363371108599488
blunder_only,Pf21f2671ba98,-0.2572423533539821
blunder_only,Pb9d92f259ddb,0.0600317236769831
blunder_only,P3c5694994301,0.5102697054545084
blunder_only,Pb0af87cc8f39,-0.0038369424077045
blunder_only,Pd1c5a718b5da,-0.4706762495423697
blunder_only,Pb295f3145ddd,0.7868774182868948
blunder_only,P8235c5880bbb,0.3322409761620858
blunder_only,Pe6a569f177f2,0.7902719435282052
blunder_only,P10f34a1cfa75,0.3852276777227719
blunder_only,Pcb9795f12ed1,0.1601163294166326
blunder_only,Pe6108a136786,-1.8661309778690336
blunder_only,Pd0330d118154,0.0093449300362004
blunder_only,P5fae53ecbd32,-0.7026949081626354
blunder_only,P5d5492f73380,0.0653877092732323
blunder_only,P81703bae20a8,0.4644350347328274
blunder_only,P672aee4caedd,0.5049151897417394
blunder_only,P17c7f78bfc2c,-0.1135945815983887
blunder_only,P43e97fa95c2e,0.4549930924446219
blunder_only,Pc2126053600d,0.650176672276059
blunder_only,Pdce1fa959c03,-0.3227721701841801
blunder_only,P09200a49c5aa,0.5376055310832129
blunder_only,P373bfbed255f,0.2257281582118297
blunder_only,P9e950f7be297,0.4930336142287534
blunder_only,P0fc874d33b24,0.1876219336893044
blunder_only,P4661e620bb34,0.4166708153862145
blunder_only,P89d8723d0422,0.5211522102355957
blunder_only,P18687074444e,1.0743107910513894
blunder_only,P5522497e15d1,-0.2416680057843526
blunder_only,Pf5167eb40df0,0.4662785190351618
blunder_only,P7437416f10f0,-0.8272734979788462
blunder_only,Pd462c37c3b47,0.3704862394856062
blunder_only,Pcb905b0c0734,0.3508793191584853
blunder_only,P58b8667f8bbf,0.5798698416848977
blunder_only,P8deeecd4167e,-0.0342232736034525
blunder_only,P56e2601558ee,1.379064328968525
blunder_only,Pb470895c299b,-0.0055926764193785
blunder_only,P1678e474c679,-0.3724275242226819
blunder_only,P3727bb2f4888,-0.3387972380674322
blunder_only,P9873932cb27e,0.1117824465036392
blunder_only,P1f9cc4ec4fb7,0.5376708398161388
blunder_only,P091b6d9d07e0,-0.4379642568528652
blunder_only,Pcd031f0598c2,0.3699277880161208
blunder_only,Pf6460b9fd11d,-0.0706578771598518
blunder_only,P58ffc1e85912,0.4228087483240025
blunder_only,P62601c33d4fb,-0.5431031628201406
blunder_only,P2c5fd7b0d0a7,-0.2320829288827048
blunder_only,P7bb8522586a4,1.240218248218298
blunder_only,Pbdc233a955e8,0.4769657099641923
blunder_only,Pac39537848f7,0.385292148251329
blunder_only,Pc9ea41beee01,-0.4468610900078427
blunder_only,P6e3cadb61a68,0.2905004093452589
blunder_only,P76cbe1f70d4c,-0.3563639556841244
blunder_only,P1c412d08f4e8,0.1989523693564392
blunder_only,Pc68c0b03bcd8,-0.8342878259718418
blunder_only,P0afac44f7082,0.9153083249305684
blunder_only,P8f23b90dc66c,0.0981715567049827
blunder_only,P3ae81b4a6d87,0.6958522720062477
blunder_only,Pcc5e9d449569,-0.3069982815533876
blunder_only,P60677623eb62,0.3210228641944698
blunder_only,P0004aafb0d45,-0.598371963120169
blunder_only,Pa7bf2589d074,-1.2473316676914692
blunder_loss,Pbe72a47cd805,-0.1171757556084129
blunder_loss,P6e7ec3e44543,0.0610575613710615
blunder_loss,P3f74e10fa8df,-0.3824003294999011
blunder_loss,Pdf4a563e570c,-0.9616600433715444
blunder_loss,Pf0164f6590e5,-0.5498712505294441
blunder_loss,P640ac7c3a263,-1.030173361301422
blunder_loss,P7ceeb5109314,0.6218589729122949
blunder_loss,Pd4f04179d96b,-0.6917729433853883
blunder_loss,P357c8620b4da,-0.6786027401685715
blunder_loss,P80c3cb3dfe92,-2.037531390786171
blunder_loss,Pc5dfad8d8d78,1.4457810819149015
blunder_loss,P79740cb7aca2,-0.8064059427096729
blunder_loss,Pb57f8c2f7295,-0.4586489689782748
blunder_loss,Pe751d68b38ae,0.292447195481509
blunder_loss,P9ef0a76219b7,-0.806241797279717
blunder_loss,P808ff2f7e424,-0.252499844503633
blunder_loss,P6aeca73cbacc,-0.6480167809920029
blunder_loss,P21f0ed65de62,0.1574851117352173
blunder_loss,P32fdefbc317f,-0.5120380278854142
blunder_loss,P5170311f1eaa,1.1772684901952744
blunder_loss,Pdf1fa8e4fdd3,-0.9507366385044796
blunder_loss,Pf8d50054bcbb,-0.6710278263181333
blunder_loss,P3c96937dcfe5,-0.8953060287183948
blunder_loss,P3856f21e5a03,-1.0106486337052452
blunder_loss,Peb4d1f3b1244,-1.4096426283940673
blunder_loss,P24f1a9e15ff0,-0.6572638865440685
blunder_loss,Pd16d33a96281,-0.620611344409045
blunder_loss,P46ae7bcf25f9,-0.2327720343839638
blunder_loss,P56d1181fd9b7,-0.5395807993479951
blunder_loss,P637875ff252e,0.1018123943162591
blunder_loss,P35d7e5143089,-0.2045960323678122
blunder_loss,P761345d40b36,-0.1979909837245941
blunder_loss,P9ad29508a988,0.205342826805103
blunder_loss,Pb07ecb2e2f47,-0.1123204920270614
blunder_loss,Pad075e52eb50,-0.3198410846970298
blunder_loss,P8709f38fde8e,-0.3886288197906243
blunder_loss,P1ad93b7d1ea4,-0.2620732040506684
blunder_loss,Pe24c8f373aef,-1.719364075735211
blunder_loss,P69cc4d74b892,-0.3220969458421071
blunder_loss,P3ba250b7becd,-0.3577423912768635
blunder_loss,P3ad770aa9562,-0.6314490467309952
blunder_loss,P18c76a73c472,0.2694407234394051
blunder_loss,P7a40a70d1a92,-0.7093266241212365
blunder_loss,P4b85bb25d3c5,-1.332021266222
blunder_loss,P5bfd437d734d,-0.3398130294283917
blunder_loss,P4dbfb8db5fdd,-1.391687547788024
blunder_loss,P032e96e7efcf,-0.4769524736134913
blunder_loss,Pa89e6f90f04b,-0.7945960362752279
blunder_loss,P5e97ca2ef6ac,1.346780814230442
blunder_loss,P2c57705287a6,0.7939125150442123
blunder_loss,P29b43dc8dcb2,-0.0467155590653419
blunder_loss,Pcb0f2d125c80,0.8095004884526134
blunder_loss,Pf6f9d91ea1c6,0.7718058470636606
blunder_loss,Pb166b514227b,-0.0887320904384921
blunder_loss,Pf64c374f9908,-0.512635950187765
blunder_loss,P020d045b2d29,-0.7704274309053893
blunder_loss,P6e5409dbc16b,-0.17192929937984
blunder_loss,Pf85f2d86ac4b,-1.0378491268803676
blunder_loss,P6f67e6825351,0.2355820844022979
blunder_loss,P226824d750da,-0.477960552438615
blunder_loss,P60398848123f,-0.7156761777069834
blunder_loss,P189a9ecb4255,0.6148134758601103
blunder_loss,P53dcac5d90a5,0.2600780451321043
blunder_loss,P93a2ef3ea512,-0.6872312450712478
blunder_loss,P479bfcf62817,-0.8693487904329076
blunder_loss,P5c6d12dd5ad4,-0.7887482212649451
blunder_loss,Pbc1e2d7e0520,-0.5174492817143114
blunder_loss,P731183f39ebc,-0.6042789549877245
blunder_loss,P7f8b8631a89e,-0.8346185375943656
blunder_loss,P8767694d6aaf,-0.8290823721430367
blunder_loss,P69d3efd9978e,-0.8453639721290932
blunder_loss,Pc1977d1e29de,-0.0339329219781435
blunder_loss,P8dd940e60881,0.0631827063858509
blunder_loss,Pa6e95a21ff4b,-1.844156547139088
blunder_loss,Pdb04de3ce84c,-0.3680524826049804
blunder_loss,Pf0c8171c88da,0.7500928550958633
blunder_loss,P03c7d0f9eda4,-0.3958302901878894
blunder_loss,P7dc25f342b94,-0.8288180554051275
blunder_loss,P68c2ae730f3d,-0.2184530169624048
blunder_loss,P20648019b88c,-0.2193176865850885
blunder_loss,P299d80b66c8e,-0.4880120083300955
blunder_loss,P97a282075968,-0.3546433576515743
blunder_loss,Pf82654bbe8fb,-0.8481997716865965
blunder_loss,P65d3b238a997,0.809014767408371
blunder_loss,Pb75dedaf4b70,0.7668407267580429
blunder_loss,P486d615ff110,0.3742933422778592
blunder_loss,P1ed20e11d356,0.9501870699027032
blunder_loss,P88315a70917e,-0.565946098949228
blunder_loss,P80ebb59bcbd5,-0.5861220717102616
blunder_loss,P5a79920da9e5,-0.9392251256868124
blunder_loss,P8b56994792f6,-0.646952465375518
blunder_loss,Pa6e509aff4d3,-0.9478241184105476
blunder_loss,P8ef9a5322e76,-0.3854697594162644
blunder_loss,P7e0237d267e6,-1.0452928808866355
blunder_loss,P2fe95bb1f4a8,0.4597789322890873
blunder_loss,Pabbd39e4fe8b,-1.3788318882385888
blunder_loss,P8d2273ec0b6f,-0.1467470347976786
blunder_loss,Pa05f276f3cd4,-1.2469624138126771
blunder_loss,P1ec8abecaec1,-1.5807892965552
blunder_loss,Pd59ab1de8638,0.8297259639258737
blunder_loss,P0706e66997b7,-0.5295119390506602
blunder_loss,Peec55f876b8f,-0.145408703127141
blunder_loss,P146605f0ea26,-0.7817145414939577
blunder_loss,Pa7c821601892,-0.3383497981404614
blunder_loss,Pe82b9423af5e,-0.0991636611113878
blunder_loss,P5dca97ec37b7,-1.175844253255771
blunder_loss,P4d07709f31f2,-0.057638332578871
blunder_loss,P15dbec66d04e,-0.3260247026762319
blunder_loss,P949ab403cb5d,-0.3576291636358106
blunder_loss,P71077d522208,-0.2139380440348759
blunder_loss,Pfe7258c9a451,-2.6901612877845764
blunder_loss,Pe93a9845ac63,-1.22902813990124
blunder_loss,P2b5fc9244074,-0.3479905189289237
blunder_loss,P7b6ca35a6cb2,-1.3757861438133414
blunder_loss,P5517c43a5911,-0.0836414613019175
blunder_loss,P0aaff4134994,-0.623560629482381
blunder_loss,P51362a561304,-0.4569996371399611
blunder_loss,Pa738485ebf71,-0.5428154321256932
blunder_loss,P5955adac7bf4,-1.1602515212393232
blunder_loss,Peceef7adcd08,-1.6269628504912057
blunder_loss,P79485c69beb3,0.762999816587375
blunder_loss,P5a4048c65adc,0.133807373575575
blunder_loss,P5118f584a380,-0.1185860199232896
blunder_loss,Pf03906647f03,-0.9085918965215152
blunder_loss,P84e1b47d0a63,-0.7031705411286027
blunder_loss,Pf2c1be17b629,-0.4110409788823772
blunder_loss,Pa45d5e8649eb,-0.0831938710415103
blunder_loss,P705497492e21,-1.2528991293871687
blunder_loss,P6dd361828576,-0.3934974799464856
blunder_loss,Pcc90011a29b7,-0.4464074205108589
blunder_loss,P84c61359e92a,-0.8951605234342891
blunder_loss,Pc67d14c06dee,-0.4657802682530619
blunder_loss,P08afb3226d56,-0.8602737821638584
blunder_loss,P0920a7bb6933,-0.4416960050813521
blunder_loss,P33ea367c012d,-0.0871084027073237
blunder_loss,P4d0ac649e8f0,-1.3881226679659449
blunder_loss,P3366f0b49d89,-0.2108909379656391
blunder_loss,P6c9bf6eff1a6,-0.5573884583284677
blunder_loss,Pddd8f6353e78,-0.5751245121161143
blunder_loss,P17e8f927c54f,-1.1487379543483258
blunder_loss,P2b6788ddb591,0.880423481049745
blunder_loss,P2800ff0c6814,-0.654065096534609
blunder_loss,P4c2ace031544,-0.4769657533615827
blunder_loss,P6b0fc3b073ed,-0.6692183368557028
blunder_loss,P31196137f666,-0.1286241363938001
blunder_loss,P4824e2caf580,-2.1489700958132745
blunder_loss,P85388dd96aed,-0.562659645273443
blunder_loss,Pff6d282fb213,-0.7752120494842529
blunder_loss,Pbf16156479df,1.0530459528107108
blunder_loss,P4a512fde5567,0.3230642539375659
blunder_loss,P38066a33f2a8,-0.2963097709641769
blunder_loss,Pf777765657ed,-0.5613402328232214
blunder_loss,P2df25f26b907,-0.3080071670670947
blunder_loss,Pc4d34dbe5f97,-0.5910092821299846
blunder_loss,P41a88a367bd4,-0.5939966811257388
blunder_loss,P1f24c4baba2e,-0.3857085756957531
blunder_loss,P75e4b5a07266,-0.5346430738964343
blunder_loss,P32812146d5f1,-1.165756136136944
blunder_loss,P6e4a1ead79e1,-0.6083156921093662
blunder_loss,P0ca13d70505a,-0.9158955858173696
blunder_loss,P0c89efc4841f,-0.3279659406592449
blunder_loss,P87790f42f4cd,0.1799786952279863
blunder_loss,P8833d33005d4,-0.4920859955889466
blunder_loss,P390a9ec617b3,-0.1158415850665834
blunder_loss,P179e6d4d934f,-0.1879013031961058
blunder_loss,Pe7ad5f4bc0d5,-1.0545784905552864
blunder_loss,P94837a493e32,-0.5256908396616745
blunder_loss,Pf250a036584a,-0.1294421558196728
blunder_loss,P7a2571df9c8e,-0.1458649958748505
blunder_loss,P29994f43b636,0.2863411523897275
blunder_loss,Pacc5dffa2bfc,-1.0417122908171594
blunder_loss,P6d5ea20cf22e,-0.9926788909837364
blunder_loss,P25c61826849a,-0.4399979107002628
blunder_loss,P5c37b0b77acc,-0.8325700881053703
blunder_loss,Pa5bf357d2ad1,-0.4810816021514862
blunder_loss,P4a77cbacaa7e,-1.7147099524736404
blunder_loss,P675b5e5ad822,-0.7397892475128174
blunder_loss,P04596f92c107,-0.3419949501094137
blunder_loss,P16ab00005e3d,1.094881903345299
blunder_loss,Pc7477371d432,-0.3800832802189909
blunder_loss,P963547952446,0.4272330746758315
blunder_loss,P4cf7750f49df,-0.6923741469185593
blunder_loss,Pfcac2304ba91,-0.246005314699788
blunder_loss,P5ae46afb53da,0.7040909944179778
blunder_loss,P6ed748b19f22,-0.2808730387391851
blunder_loss,P8faff0b9d0e3,-0.2050614375083329
blunder_loss,Pb8c0fe19a527,0.0486527857636766
blunder_loss,P7af5262d120b,-0.8233364417295282
blunder_loss,P9e61558ab22f,-1.0304466347774948
blunder_loss,Pef5d8288dac1,-0.2717410233480478
blunder_loss,Pa7caf0d81f73,0.1618768270792705
blunder_loss,Pe6ce9838e2d1,-0.4571300741954347
blunder_loss,P9ed05f881105,-0.283649279152903
blunder_loss,Pc129451ec554,-0.5804372993902899
blunder_loss,Pd68d1b5639b6,-0.8650203291801045
blunder_loss,Pd977886e6944,-0.3217669686978153
blunder_loss,P7df74892aee7,-1.3281615898013115
blunder_loss,P0cb68b8ac8f7,-0.009217879269272
blunder_loss,P8c0abbe34bb7,-0.2226907235203366
blunder_loss,Peeee7d5cb4cc,-0.6472010482325926
blunder_loss,P67df7cd61e50,-1.8369022933766248
blunder_loss,Pa62c8dd48ec8,-0.0893240528119642
blunder_loss,Pcf16b8ed956f,-0.4160295005832231
blunder_loss,P680447799386,-0.0891446303576231
blunder_loss,P2e6b646a1111,-1.025556199843921
blunder_loss,P6b273fe3b952,0.0021720056732495
blunder_loss,P5a7a96d913bc,-0.4215488064859717
blunder_loss,Pd140429d1f25,-0.2345911972311129
blunder_loss,P697107c617a0,-0.0522131466501009
blunder_loss,Pc8a6345204ed,0.1107555600765504
blunder_loss,P2d61f4501c29,0.9929246803124746
blunder_loss,Pe546d0a6b949,-0.2373204105935422
blunder_loss,P5e97545b46aa,-1.2596286237239838
blunder_loss,Pe1d4a2d4e9ee,-0.0321481625239054
blunder_loss,P6cfd7ad9cf26,-0.6354340244084596
blunder_loss,P4b7c8b26c12a,-0.2684515750101038
blunder_loss,P4d06bcbba206,-0.1100568148617935
blunder_loss,Pa95280772800,-0.3486034526274754
blunder_loss,P9f6deb280794,-0.9385961676637332
blunder_loss,P2e8d14f1d046,-1.3311276867985724
blunder_loss,P10ddb73a7957,-1.4021820574998856
blunder_loss,Pefde9497b988,-0.6404556669418998
blunder_loss,P89bab269c22e,-0.17646389673804
blunder_loss,P68252a167e1d,-0.5380824834108352
blunder_loss,P8ee0e6409bc6,-0.7876074540394323
blunder_loss,Pc17102d70bee,-0.5001536123454571
blunder_loss,P79a11fa08842,-0.5758837896088759
blunder_loss,P913db41b64fd,-0.1945719315359989
blunder_loss,Pe33b47077ce9,-0.3201424977789449
blunder_loss,P866b0e558f0a,-0.3163549455947668
blunder_loss,P53810ea192f9,-0.3723194003105163
blunder_loss,P646d9939b571,-0.3865866263914558
blunder_loss,P65e866d0f350,-0.4334908728448984
blunder_loss,P913de9c8bf96,-0.8396120171461786
blunder_loss,P276544655dac,-0.6977598546072841
blunder_loss,P1948d2db0bf8,-0.9952051762827776
blunder_loss,P44f4e1e90c32,-0.4189335601031059
blunder_loss,Ped167844fa08,-0.1558813918921826
blunder_loss,Pb6e936f24f64,-0.6708216819371488
blunder_loss,P970818f47edc,-0.5675661337606254
blunder_loss,Pd4622ca7df7e,-0.0772280059754848
blunder_loss,P07bf6597b045,0.3489971756935119
blunder_loss,Pea9b940eb005,-1.4228228274732828
blunder_loss,P595fdb8013d7,-0.070274574699856
blunder_loss,Pa3d40a2257e4,-1.5332247950136662
blunder_loss,P5926cb13772f,-0.808155872888521
blunder_loss,Pced916db13e7,0.1260512916066429
blunder_loss,P957ab32c130e,0.5356205651368429
blunder_loss,Paeaa7e4d578f,0.0894186030772298
blunder_loss,Pa486a3de262a,-0.3023774847388267
blunder_loss,P4e8ffc42d56c,-0.864250540743878
blunder_loss,P5700df5a48da,-0.540421019320082
blunder_loss,Pb20684bb51c6,0.1768311874639234
blunder_loss,P99c792acfa03,-0.6143201876914611
blunder_loss,P60c8aa949bf4,-0.997676829273502
blunder_loss,Pcb80720688df,0.1716985767362294
blunder_loss,Pf5d2f1941afe,-0.4305421650365969
blunder_loss,P0b42ab8da1f8,-0.5686644820097886
blunder_loss,P1991319c9eef,0.5390202924609184
blunder_loss,Pb3882cdff342,-1.0308006934337162
blunder_loss,P7996dac81c49,0.7915948373930796
blunder_loss,P7905f35518b1,-0.2772506531327963
blunder_loss,P69439e47fcc5,-0.0213636300164468
blunder_loss,Pa382e0ac5b93,1.34900963306427
blunder_loss,Pee45f126337e,-0.7007796741101109
blunder_loss,Pbfd8094246a0,-1.0773867750540376
blunder_loss,P384b70de40da,-1.80476421614488
blunder_loss,Pcd18e5f98073,-0.096633140919234
blunder_loss,P964459c18aaa,0.5707068701790954
blunder_loss,P2325dc766b16,-1.5839612364401052
blunder_loss,P6ec1ad7ae3b9,-0.4919210154977109
blunder_loss,Pe2eae2032600,-0.6327375677805628
blunder_loss,P0b4bb742298b,-0.8910419465382657
blunder_loss,P889277403087,-0.6380113176231141
blunder_loss,P13cb22f228b6,-0.893653332858923
blunder_loss,Pef6060692ad1,-0.6707694680940657
blunder_loss,Pea7f787b9e8c,-1.6041086216767628
blunder_loss,Pdcd2f5778d32,-0.2244442382128909
blunder_loss,P6b2001e1e010,-2.078453429043293
blunder_loss,Pbe588895a303,0.1801750348307765
blunder_loss,Pe1de99502951,-1.1465624883770942
blunder_loss,P7cecebfbdfe3,-0.5539965075426394
blunder_loss,P35f19d5aedc2,-0.6757285558059811
blunder_loss,P6c8566b31052,1.1497886388873062
blunder_loss,P5289c201b56e,0.0206014726488363
blunder_loss,P63be227d2e31,-0.1765797951663588
blunder_loss,Pb69960767e8a,-0.0787268684659567
blunder_loss,P2b3377e256fc,0.539492109031589
blunder_loss,P3dec839cf94c,-0.5552491901515684
blunder_loss,P7eb058196e55,-0.872777222440793
blunder_loss,P7622f9e5734b,-0.9947812408208848
blunder_loss,P79640761b2bb,-0.8745071209645502
blunder_loss,P62900b0c2135,-0.3690736433555215
blunder_loss,P1d01516359fd,-0.1178714744746685
blunder_loss,P579919b80f3a,0.8858175235800445
blunder_loss,Pe3847cd42b14,0.5103504627089327
blunder_loss,P397de6b35297,-0.3139332231134176
blunder_loss,P57e09986ea29,-0.2989961800371711
blunder_loss,Pea8c6238f3ee,-0.8331301186196387
blunder_loss,P5dc43ff2450f,-0.5545003432780504
blunder_loss,Paa888da580c1,-0.9370447674559222
blunder_loss,P5601a22513db,-0.5649957358837128
blunder_loss,Pd8d403d4d0eb,-0.008210634595404
blunder_loss,Pe8605a5b09a3,-0.271174836432099
blunder_loss,Pfe818d853594,-0.3256912347824168
blunder_loss,P9198b769cb85,1.2251553170120013
blunder_loss,P9e4707f0e8c9,-1.5196809048453963
blunder_loss,P35d904bfbfc4,0.8052838742733002
blunder_loss,P3f9c6591652b,-0.7017046928104729
blunder_loss,Pd9f1857ee3dc,-0.1659934846552634
blunder_loss,P2efa7bf19c4c,-0.3060996988627433
blunder_loss,P2a1bda42dd77,0.4407390058040619
blunder_loss,Pc42bb1f7a49d,1.0440740291443136
blunder_loss,Pa37ed643ad43,-0.3959845248609781
blunder_loss,Pd32a8ff695ce,-1.26014538726532
blunder_loss,Pef13168fd0a3,-0.3352710678038583
blunder_loss,P1864f4635c75,-0.7478124755516736
blunder_loss,Pe64319ebe70a,-1.455697315334178
blunder_loss,P6c3e88934f8d,0.1516303310969046
blunder_loss,P44940e9c789a,-0.7226690768367714
blunder_loss,P025eccee970c,1.9291699528694155
blunder_loss,Pf578f4869b96,-0.2016410966478716
blunder_loss,Pa177fdfac7e3,-0.6064805189718495
blunder_loss,Pfefb95c39ced,-0.9509257357567548
blunder_loss,Ped13af22a163,-0.8803535220878465
blunder_loss,Pb3703e7a1c65,-0.4481708408053128
blunder_loss,P5ce4ee31412a,-0.4471071569455994
blunder_loss,P4d928615351b,-0.7775452401902941
blunder_loss,P3b50aeb0b4ca,-0.1649364688330226
blunder_loss,Pb885085cf84c,-0.9459946644951814
blunder_loss,P60bb50066808,0.1077670925729116
blunder_loss,Pdca3955a0072,-1.5046358378852407
blunder_loss,P251f22e36231,-0.9104137751632012
blunder_loss,P6e40b44d1789,-0.1011207892166358
blunder_loss,P96cb5e112e0b,-0.4591177813195057
blunder_loss,Pb03855bf283d,-0.6761592638988072
blunder_loss,P6f1473622c07,-0.514199573726179
blunder_loss,P8d076a8d72b1,0.2586288237944245
blunder_loss,P7a74278c6664,-1.9423752129077911
blunder_loss,P8f47ef4e5172,-3.2591402530670166
blunder_loss,P52f4a37f0261,-0.7761133962621292
blunder_loss,Pfa835a658a44,0.9306692595904072
blunder_loss,P0fa7022d140c,-0.3343841905395189
blunder_loss,P78a5e3a42f70,-2.298222742974758
blunder_loss,Pe82d6329da71,-0.1644532958429957
blunder_loss,Pc3bafd638992,-0.0033825340680778
blunder_loss,Pca135a0baeb3,-0.0853322817051106
blunder_loss,P2f8ff0abe71a,-0.1240035087786732
blunder_loss,P77176d3120e0,-0.6151905434279288
blunder_loss,Pe269cfe1cffa,-0.6538389453932029
blunder_loss,P1109c3e0bb38,-1.2668815553188324
blunder_loss,P1ebb8a2847bb,-0.1193838841224811
blunder_loss,P4a45ed7d876e,-0.064688030926008
blunder_loss,P50894c60dfa6,-0.7273298544170474
blunder_loss,P1a9f08b93205,0.221146157839232
blunder_loss,P689b9b11cfc5,-1.2291360294925315
blunder_loss,P35c7595d1120,-0.3835401153122937
blunder_loss,P7eb1d07029f6,0.2790435433916614
blunder_loss,Pe19a713f8563,0.1746299117803573
blunder_loss,P96c8b6ca0244,-0.9463315043184491
blunder_loss,P7c822b4856ba,-0.3814394257619674
blunder_loss,P83b83df8cb45,-0.1331414192588999
blunder_loss,Pc1ea2532444c,0.1771008249788606
blunder_loss,Pdb53dda2099e,-0.556381907473095
blunder_loss,Pf1ea68735def,-1.8395590633153915
blunder_loss,Pcd68d066ef3d,-1.011300563812256
blunder_loss,Pa832bd71390a,-0.2588384857654062
blunder_loss,P8cdf692dc6ba,-1.9449281468987465
blunder_loss,P2641864564f8,0.4322707056999206
blunder_loss,P8630511a49e3,0.2499953436693459
blunder_loss,P839ead64b3e9,0.8203467842605378
blunder_loss,P3a0d8b676817,-1.6828643083572388
blunder_loss,Pba14d6bd7ec2,-0.7656471174032915
blunder_loss,P5354e7500238,-1.0373291752766818
blunder_loss,Pe3b47fe67aab,-0.0212832631910603
blunder_loss,P61aaa45df345,0.5632277168559305
blunder_loss,Pb8ab8b0dd803,0.4032893648976488
blunder_loss,P942fadd32c1b,-0.9871633819451456
blunder_loss,Pf90bd0f82de9,-0.9812402947909304
blunder_loss,P1d9ac7888460,1.843559443950653
blunder_loss,P5b4fd675fe36,-0.2197643419106801
blunder_loss,P5efe71a957dc,-0.2634573260051794
blunder_loss,P32e761b84890,-0.3127822700140164
blunder_loss,Pd5e9c8e9135d,0.4509136851909228
blunder_loss,P2cb8187bf432,-0.1879089768571182
blunder_loss,P41e6d43a9bbd,-1.6251180529594422
blunder_loss,Pac0ce376e42c,-0.1057002395391464
blunder_loss,Pa830645198fa,-0.0461705987441254
blunder_loss,P006613cc1c5d,-0.2845659181869616
blunder_loss,P06d1faf623ae,-0.790660304311431
blunder_loss,P1a64cf175ab2,-0.442033202622744
blunder_loss,P95f860778e94,-0.4143734684207097
blunder_loss,P672893cd84c6,-0.2184396142146683
blunder_loss,P77f1bdcb067f,-1.055598795413971
blunder_loss,Pea0c277ea9c5,-0.9174572601914406
blunder_loss,P94c7cbad5490,0.0346273354649329
blunder_loss,Pc69e2e623526,-0.1055833410631601
blunder_loss,Pfa038e8e8df6,0.0117774163509773
blunder_loss,P3f27cc7f69ae,-0.8649174337585768
blunder_loss,P15ccbe4a90f7,0.0053335232799608
blunder_loss,P0e71a980a95d,-0.8952250789850951
blunder_loss,Pd5a1258f2ab9,-1.157283887369611
blunder_loss,P0eb19f9e091f,-0.1721408635922759
blunder_loss,P6550996e15e8,-0.144595204530501
blunder_loss,Pe4e656b299a1,0.128907642634334
blunder_loss,Pb97d2c45a71b,0.3372265826459075
blunder_loss,Pa4a1d7c07b82,-0.4998177289210424
blunder_loss,P5ddd4b25d01f,-0.820005953931904
blunder_loss,Pdb224ff8c48c,-0.954477696120739
blunder_loss,P0ee66488bab5,1.083361876981885
blunder_loss,Pd69d37a29e0d,-0.0315483465480307
blunder_loss,Pa88b3ca70580,-0.1829432563649283
blunder_loss,P694d06d912d1,-0.7308262810111046
blunder_loss,P6cbd482ae5ff,-0.2515088990330696
blunder_loss,Pd4d9a2c162d6,0.6362542424883161
blunder_loss,Pf341d5089ace,-0.2376471973142583
blunder_loss,P4d925953bb41,-1.7767216563224792
blunder_loss,Pd90d727f85d1,0.9372416138648988
blunder_loss,Pb9a32e34c839,-0.2899633586328373
blunder_loss,Pef1f4fe04fe0,-0.2024906159811695
blunder_loss,Pd9ceefc38abb,-1.2488364785909651
blunder_loss,P8b8272896994,-0.9545953523290316
blunder_loss,P747db736eee1,-0.3752398816635832
blunder_loss,Pa7632a5f9bf7,-0.6525234873096148
blunder_loss,P9862d62dd62c,-0.3680162350956248
blunder_loss,P71f2ac2740ee,0.2560840231452397
blunder_loss,Pe50aef5f0820,-0.1349593861380456
blunder_loss,P0d2ecf6af208,-0.5602461796510669
blunder_loss,P79bf9a9403af,-0.6141240691589155
blunder_loss,P2d42113d7cb3,-0.2973833444217841
blunder_loss,Paf440d3e23bd,-0.4023168790356256
blunder_loss,P0bb65e4f4af2,-0.4543398353014294
blunder_loss,Pd8362d4e7d8d,-0.5379871337832028
blunder_loss,Pd1a9475780ba,-0.6458369759576661
blunder_loss,P5aa41dd7d0e2,-0.4238051339443929
blunder_loss,Pdba5a8ce254a,-0.070576302361686
blunder_loss,P68b4e16c286f,-0.7053186210493247
blunder_loss,Pc9f399bd07da,-0.7928701445790212
blunder_loss,Pedcfec59c58d,-0.8943776749074459
blunder_loss,Pf141ee433e09,-1.6410930752754211
blunder_loss,P0ae65767dae9,-0.3057750345416961
blunder_loss,P445a250ef11a,0.7406936722497145
blunder_loss,P4597e1a44e62,-0.0353210106408202
blunder_loss,Pa2175078daaa,-0.389818231556087
blunder_loss,P7f5c5d635e83,-0.1971892940811813
blunder_loss,P7881a7ad15af,0.4025487313047051
blunder_loss,P3bcc92c79e07,-1.086487419075436
blunder_loss,Pf8725e6290c2,-0.2109380361247292
blunder_loss,P676923fb990d,-0.6192199319601059
blunder_loss,P80eb980ade35,-0.1067930560594017
blunder_loss,Pd8fd63034d52,0.0681177162754465
blunder_loss,P9d37fd595831,-0.8206087350845337
blunder_loss,Pe3d6e31a0287,-0.8453102115141771
blunder_loss,P7f0ade4d9056,0.236952889497791
blunder_loss,Pc9eb3db6f781,-0.3624102554983761
blunder_loss,P57c10be739e4,-0.8553314208984375
blunder_loss,P89e0201d3c7f,-0.7617635511684361
blunder_loss,P8fba9eb1a05f,-1.098779139854014
blunder_loss,P391fd7373707,-0.2487208108816828
blunder_loss,Pe81cc403f552,-0.213266580831139
blunder_loss,P4cdda8e2d8ce,-1.399288077065324
blunder_loss,P749e6d6d6f62,-0.8047744285954971
blunder_loss,P0f077f787fbb,0.1682396006666951
blunder_loss,P0b6b0a7033dc,0.6360535081475973
blunder_loss,Pe94df10a1cc9,-0.3443813058400771
blunder_loss,P9520a7f890e7,-0.2545087915267634
blunder_loss,P0bd9a1cf3b83,0.7096388988913251
blunder_loss,Pf00b1fa1a24d,-0.1987455041618391
blunder_loss,P4e1cb5a7b525,-0.7153618521913133
blunder_loss,P90687339cb32,-0.6094025806182842
blunder_loss,P151c21e08acb,-0.5149299548324324
blunder_loss,Pc410155d550e,-0.9748276200145484
blunder_loss,P9b8b3584cdf0,-0.0604878646459092
blunder_loss,P3d88149855e2,-0.9605630725749176
blunder_loss,Pe06673761d91,0.1595786846495786
blunder_loss,P9fed090cdad6,0.2627267185598612
blunder_loss,P2eb7b761b727,-0.890115904311339
blunder_loss,Pa255c5e73774,-0.6470118714787928
blunder_loss,P85371637b966,-0.4834811307393111
blunder_loss,P49bd8e96441c,-0.6782303360335173
blunder_loss,P69a6e77d9e6b,-0.7892931516858793
blunder_loss,P16e21c8b828f,0.0163993895647787
blunder_loss,P0bc267001ac8,0.8530452254115642
blunder_loss,P67cead42e0f6,-0.066839896970325
blunder_loss,P7af62af3fc2a,-0.2289772725070995
blunder_loss,P6e51c9211e79,-0.7199605932913502
blunder_loss,P9ecd828bfa22,-1.177405669741669
blunder_loss,Pa26e33765725,-1.3015481521272
blunder_loss,P8f98106e984b,-1.3811655047660072
blunder_loss,P8c8777a71ce2,1.1427448019385338
blunder_loss,P6d21545a82a4,-0.4870299559447174
blunder_loss,Pe5d1556385fa,-2.164356827735901
blunder_loss,P6969389e75f2,-0.0062963135094357
blunder_loss,P5abc32817105,-0.1899063919753385
blunder_loss,P04c60e3a9370,-0.0609687440445517
blunder_loss,P77a9b00b12e8,-0.9164967101655508
blunder_loss,P555125c62407,0.3648218518173171
blunder_loss,Pce90bef09fea,-0.2936521243605911
blunder_loss,Pe442f251368b,-1.1910438356852089
blunder_loss,Pd4c72b597d93,-0.0439403791808419
blunder_loss,Pbc434d988b27,-0.4905092587960618
blunder_loss,P750100219982,-1.186935612000525
blunder_loss,Pf341138fbda1,-0.7487755932012308
blunder_loss,Pf9c5c3399d53,-0.1922975013324181
blunder_loss,P937099897be9,-0.4406917907709972
blunder_loss,P630fba092798,-0.194537503272295
blunder_loss,P37dd992e97da,0.2321414406100908
blunder_loss,Pc33052d98e22,-1.191225866630437
blunder_loss,P26ef37abf8e0,-0.6553698259416375
blunder_loss,Pf478e1745e7b,1.226417370054319
blunder_loss,P926bc474828f,-0.1878706301854115
blunder_loss,P527269f06c14,0.2966180158300059
blunder_loss,P6c7b67b4f90a,-1.0724777559794132
blunder_loss,Pecdd14a6a45b,-0.1955230570690031
blunder_loss,P3af30305a642,-0.3949975863099098
blunder_loss,Pedb5159d05e1,-0.6144839087854633
blunder_loss,Pc2d6d3ed3d34,-0.7531371717120449
blunder_loss,Pbd19c8fdde12,0.1016509860754013
blunder_loss,Pd88ae03d1751,-0.3787592084457477
blunder_loss,P62166bb6f55c,0.5700274308522543
blunder_loss,P46fb84fe171d,0.4883374710877736
blunder_loss,P3fcbd7cbdbcb,0.0076471533428004
blunder_loss,Pefea79e1ae13,-0.4014781152801877
blunder_loss,P16b66ba98aec,-1.2990708694313513
blunder_loss,Paf4718c05bb8,-0.1579411658975813
blunder_loss,Pce86ed7c24a9,-1.1025565330130167
blunder_loss,P68f3c1918211,-1.002825583967493
blunder_loss,Pa7a2adba1879,-0.5276856958625226
blunder_loss,Pc43284eac0b7,-0.0790964625775814
blunder_loss,P2195abc8fda6,-0.4002094032242894
blunder_loss,P8a1bcf95556d,-0.7302012073450986
blunder_loss,P8dff23db61fd,-0.4918947915236155
blunder_loss,Pf4105d184e50,-0.5462007414955984
blunder_loss,Ped3a2487270b,-0.911273781662738
blunder_loss,P2717d7ba49a9,-1.5285207720473408
blunder_loss,Pe452dcc59325,0.1665706837743384
blunder_loss,Pd3241ccd3270,-1.2106161748305857
blunder_loss,P5c3dab36d9bb,-0.4084669061964552
blunder_loss,Pbb7c245fe683,-1.291436337629684
blunder_loss,P0bb0865a0959,-0.9837376300047562
blunder_loss,P1ab4fb966fce,-0.3810179847189122
blunder_loss,P3eee550f7eea,-0.9841198120012256
blunder_loss,Pc484cab72398,-0.3046333211740212
blunder_loss,P5db5000b2333,-1.6715289875864985
blunder_loss,P74db283abfe9,-0.1119002049374373
blunder_loss,P1fc16fd22e8d,-0.4667723038130336
blunder_loss,Pe2227ec6a242,-0.8438873557325103
blunder_loss,P97d5ca980e4f,-0.5853247413713307
blunder_loss,Pbfdc5e16e551,-0.3659349041344764
blunder_loss,Pce0b4632573e,0.06111849947936
blunder_loss,P776240b71efb,-1.3142998471856118
blunder_loss,Pa48e1202b933,-0.6116175490268297
blunder_loss,P3370f92190fa,0.093094416183454
blunder_loss,Pe797a857ba26,-0.4629528829376453
blunder_loss,P757e153654c2,-0.9771347219745318
blunder_loss,P24cd1b5affb5,-1.0086544290184976
blunder_loss,Pad0bcf500878,1.50516686240832
blunder_loss,P615ca4da6d29,-0.4173894077539444
blunder_loss,P38c1a000517b,-0.035648265817704
blunder_loss,P70f709da6f2a,-0.4507511009772619
blunder_loss,Pe1338a9b47ba,-0.7349591484914223
blunder_loss,Pd4dcf33d3ca7,-1.071477202787286
blunder_loss,Pd194db16fd30,-0.6925466060638428
blunder_loss,P90653949f03c,-0.9789476501322344
blunder_loss,P0a9f06fb5bdf,-0.6936111089086072
blunder_loss,P1a9f17c46f8a,0.7792143527711882
blunder_loss,Pef316327253c,-0.3364911322068009
blunder_loss,P5f3b39257889,-0.0478259162034606
blunder_loss,P400c42b6adbf,-1.3246073126792908
blunder_loss,P363d04c9c712,-0.382027726366894
blunder_loss,P51865cb9a6d5,-0.8336340996393791
blunder_loss,P89aeff4c8a88,-0.0259103511045889
blunder_loss,P4fa83826e77f,0.6804744146195136
blunder_loss,P74c7fd1d49d7,-1.7978302612360837
blunder_loss,P50c8b20cd00f,-0.3580171695555604
blunder_loss,P85f6b52a562c,-0.6627600526055082
blunder_loss,P5d704bd33445,-1.3780235877881448
blunder_loss,Paad7fdab6fa8,-0.2999529998383617
blunder_loss,P56234dbecb1c,0.54425271797307
blunder_loss,P46fc5f4faced,-0.165146892058391
blunder_loss,Pd4d3ccc61faa,-1.1914097887279471
blunder_loss,Pe2003eb52340,-0.7261030826968835
blunder_loss,Pe153edcf9709,-0.6877164994002449
blunder_loss,Pe096d2fdb758,-0.2221328710434419
blunder_loss,P0d15b9e97197,-0.3922431872391492
blunder_loss,Pe98545072c69,-1.7604933679103851
blunder_loss,Pb1f147d06916,-0.3847074596852806
blunder_loss,P92a9cdc78f23,-0.2517403542094707
blunder_loss,Pa82c9f22395b,-0.2349198863462165
blunder_loss,Pcfe0279227b7,0.0578880310058593
blunder_loss,Pc62f43f46158,-0.2162437187332953
blunder_loss,P9b3e2c91552e,-0.3304966442927678
blunder_loss,P68f4325aa74f,-0.6926566936386128
blunder_loss,Pe7d116d4800a,-1.0479936636984348
blunder_loss,Pf16d01c49d18,-0.7330385150257297
blunder_loss,P18ebeed0ab8c,0.0646282564848661
blunder_loss,P557d231a4836,0.6232367071331057
blunder_loss,P2f1ae32f008b,0.5696287144946944
blunder_loss,P0682b3bf2428,-0.7679519231319494
blunder_loss,P1606386770b2,-1.0499341189861298
blunder_loss,Pa736a30e48bb,1.7188341648628314
blunder_loss,Pa1d99671e51f,-1.5723509887854257
blunder_loss,Pb28638a5ee36,-1.0007905513048172
blunder_loss,P9856ed5ebece,-0.9571449855963388
blunder_loss,P7609d3461169,-0.5380868002669255
blunder_loss,Pc6ad91a72eb5,0.0114505775272846
blunder_loss,P93e53f6c4e3e,-0.7071945767533951
blunder_loss,P0944a0d8bc0b,-0.4884691627847182
blunder_loss,P48588c0a15a5,-0.4550522125329588
blunder_loss,P686f30a615a8,-0.2400403725182903
blunder_loss,P2b3ada1f6120,-1.2993596264949212
blunder_loss,P66932ec253d9,-0.4689613112481311
blunder_loss,P4a4f4620805e,-1.7347198128700256
blunder_loss,Pe5af64cf5d01,-0.3537495275088276
blunder_loss,P9920508c747e,0.3511170150750751
blunder_loss,P0a05af3775b0,0.7873702690456853
blunder_loss,P80295f7be2a9,-0.7598036010283977
blunder_loss,Pf1dbf5a4e2d0,0.0056871213614597
blunder_loss,P47f754d9b81c,-0.7904727086812879
blunder_loss,Pae5761b83d10,-0.1353880079576012
blunder_loss,Pff07e983f71c,-0.8090413880204413
blunder_loss,P7941cd6fd073,-0.4317944282947762
blunder_loss,Pc132cb9ceb32,-0.9970206384924668
blunder_loss,P12979e1c84f7,0.9223404022283916
blunder_loss,Peadfccc2232b,0.4268835172406398
blunder_loss,Peff0980f3819,-0.5826509455164004
blunder_loss,P048a8c404d4a,-0.3080541864037514
blunder_loss,P3d742bbc2441,0.0
blunder_loss,P90cd4c97f0e7,-0.7523322228937306
blunder_loss,Pc8e96baf5bc1,-0.0837794379970142
blunder_loss,P3a4d8b9f5a74,-0.1120916281710221
blunder_loss,Pb9b064639631,0.6849633374561866
blunder_loss,P3e4f03fd8968,-0.4985067906511891
blunder_loss,P413a4b548c73,-1.068894242108972
blunder_loss,Pe9f75db10eeb,-0.4342525027047556
blunder_loss,P6f3c3a804804,-0.0123164325557423
blunder_loss,Pa682316b1b19,-0.7503865592250669
blunder_loss,P261b242dd66b,-1.1106472387515678
blunder_loss,Pb6b0fe102309,-0.34446393305847
blunder_loss,P38f3a53eb2f8,-0.5989777449932363
blunder_loss,P9daeb8232315,-0.921721491420774
blunder_loss,P1cc04eb444af,-0.0263671894649979
blunder_loss,P455b62800b6f,1.1248199862117567
blunder_loss,P6cb22110d071,-0.4164607362924613
blunder_loss,P019c155860e3,0.5112884014956933
blunder_loss,Pc84bb70b107d,-0.2422538238267103
blunder_loss,P210627a34558,0.368165755733138
blunder_loss,Pa71c58b8f344,-1.5736599452793598
blunder_loss,P1025efb7e732,-0.3168048976673262
blunder_loss,P630d09ab0817,-0.292266696691513
blunder_loss,Pf1ad6cd25de3,0.4752549479405085
blunder_loss,P5e30bc674c1c,-0.8270150078667535
blunder_loss,P28496c0c3ee7,0.4391174415747325
blunder_loss,P3bd3c3d49d85,-0.587749544513083
blunder_loss,P7500bc33db82,-0.0184084674519311
blunder_loss,P0da75d95870b,-0.0784607708039204
blunder_loss,P8ca15c405efa,-0.3746823811903595
blunder_loss,Pb0baa70166b3,-1.0798602304110925
blunder_loss,Pde2836a360b4,-0.7295836132301504
blunder_loss,P6ee7c3002348,-1.278672277927399
blunder_loss,Pc1114acee9f1,0.2408584348892309
blunder_loss,P82738800d34f,-1.0264477249463375
blunder_loss,P288042c9235a,-0.8211666221183826
blunder_loss,P7f7e364406fb,-0.8657190921405951
blunder_loss,P4a80baaad1c3,-0.3695013252113547
blunder_loss,Pda935120a431,-0.2739278301778515
blunder_loss,P7752cc852c92,-0.0732644801992073
blunder_loss,P7beb9c4cc0f5,-0.1507451846781704
blunder_loss,Pe66de9012673,-0.9639233397037694
blunder_loss,P7ac9ea7fda65,0.2266307196333112
blunder_loss,P233dab88091b,-0.8729231258233389
blunder_loss,Pfae71c610e9c,-0.6619426801002452
blunder_loss,P59eb522d603d,-0.352452381203572
blunder_loss,P2ece9a64e4c1,-0.2540566143621456
blunder_loss,P6a3bd2e0dc36,-0.6738398998975754
blunder_loss,P9d3f23fcf561,-0.3153837911458529
blunder_loss,P1ec8e0cadb46,-0.4348345774808325
blunder_loss,P83d94b511d4a,0.75407974161799
blunder_loss,Pf12ec3ae8295,-0.8463506790047343
blunder_loss,Pd85df180fc4c,-0.8167481124711533
blunder_loss,P3e28259bd77c,-1.1466666161010564
blunder_loss,P806a01af15eb,-0.98554831451814
blunder_loss,P9ee81fdbd96d,0.3771536755892964
blunder_loss,Pa54748ed2536,-0.8018689521898825
blunder_loss,P31099edc0f57,0.1636353113378087
blunder_loss,Pf200df3596cb,-0.2625171095132828
blunder_loss,P54e9e9770957,-0.9596414831422624
blunder_loss,Pc82f1f6af6df,0.2306600414165647
blunder_loss,P4529c040ce26,0.5073827761890632
blunder_loss,P21ce6231d450,-1.1661254931241274
blunder_loss,P18ae5fb50429,0.1465280011296272
blunder_loss,Pb44c04433355,-0.3074551080068987
blunder_loss,P260548a957d8,0.032971655683858
blunder_loss,Pe640e0020152,-0.222831564031542
blunder_loss,Pfe1edfd5fc52,-0.1615550412408386
blunder_loss,Pc5a16c01522b,2.3589234352111816
blunder_loss,Pa9a763147d14,-0.2089613393429134
blunder_loss,P72f95cbb25fc,-0.5480543994784164
blunder_loss,Pdb0212482022,0.3021791819540445
blunder_loss,Pebbabdbd5fa9,-0.6547347192704935
blunder_loss,P456521e5b0dc,0.0356257649335791
blunder_loss,Pbcff2253b9ce,-0.0722090781976779
blunder_loss,Pf22718786446,-1.7531993019394576
blunder_loss,P3fa8fede317e,0.7166129218207464
blunder_loss,P59739f27118f,-0.8093131675074497
blunder_loss,Pfcba7b88954e,-0.4903042874434311
blunder_loss,P43f783646060,0.1940068413002961
blunder_loss,Pb341e962151b,-0.2854024590480895
blunder_loss,P765467198a60,-0.29655995978138
blunder_loss,Pfa0fbce891c8,-0.4576664891879575
blunder_loss,P4df2e67b948a,-0.4751721984824059
blunder_loss,P40ab9eb0acfe,0.4126650630866015
blunder_loss,P9a9eeb7769f1,-0.2895215942213933
blunder_loss,Pb413d456ae9a,-0.8503408655524254
blunder_loss,Pa78efd781347,1.789843524495761
blunder_loss,P83cb1d128e35,0.5118429997403706
blunder_loss,Pedfe87de42f9,1.2093341927975416
blunder_loss,P7f85c52801ba,-0.5325980858143532
blunder_loss,Pc6827ddbf335,-0.1784104307943419
blunder_loss,Pdf1df3552e7e,-0.6204790171448673
blunder_loss,Pbcec9abe6d1a,-0.0555588148223857
blunder_loss,P4841fcafc86e,-0.3470794602624379
blunder_loss,Pf563c728ac8b,1.028307673332858
blunder_loss,Pcb6e58f36c78,-1.704882697847027
blunder_loss,Pcc8acd5bbca0,-0.891991016412309
blunder_loss,P05436984050e,-0.2365335411081711
blunder_loss,P8b3055cd0b4c,-0.1212856558428974
blunder_loss,Pf93c47c22412,-0.5384977554854674
blunder_loss,P492ef82b5199,-0.5260227190253015
blunder_loss,Paa3a5e58214e,-0.4172394082008182
blunder_loss,Pc280f40b6113,-1.0669714957475662
blunder_loss,P814ba57d68c6,1.932734802365303
blunder_loss,P1bde6ea2f603,-0.2467118012684362
blunder_loss,P693407dff640,-0.7515758761146571
blunder_loss,Pe3633aaaee78,-1.0974486023036396
blunder_loss,P17dd5ef61b85,-0.7462036730255931
blunder_loss,P8c46e95b137c,-0.6450842089951039
blunder_loss,P12fd6571c323,-0.5134963277727366
blunder_loss,P1cad34589d34,0.5401412969351642
blunder_loss,Pbcb4e239940f,0.1050550002782118
blunder_loss,Pe1e45ef4fa3d,-1.1805021862188976
blunder_loss,Pb791d443a086,0.2031320150291162
blunder_loss,P74e96ae93747,-0.71402707186838
blunder_loss,Pf082a322ce6d,-1.182632168731652
blunder_loss,Pbbc1c3e5e5f5,0.0
blunder_loss,P3ef995f80a3a,-0.3666673546279758
blunder_loss,P7aa543f917e3,0.4390119616873562
blunder_loss,P8b89a6fdb270,1.6004264334216711
blunder_loss,P698995d10112,-1.150249312084281
blunder_loss,P8a1da7c05367,0.1511938160212309
blunder_loss,P1ec3b5297f0b,-0.3928286373615264
blunder_loss,P1ef048c00f08,-0.5371883098302143
blunder_loss,Pff492887c88d,-0.7526053746363947
blunder_loss,P50b16ee45f65,0.6772449811299642
blunder_loss,Pa1e9387aca36,-0.535988390273932
blunder_loss,P43eaec2dc844,-0.0813694401954611
blunder_loss,P6084598caebc,3.352073311805725
blunder_loss,P32768ba8aedd,-1.374506175518036
blunder_loss,P14a312421eef,0.3109630061060319
blunder_loss,Pffd061586c57,-1.027951457052626
blunder_loss,Pa6fe790935aa,-0.5880435190437022
blunder_loss,Pf2527af93f45,-0.5577148827820279
blunder_loss,P2d88d15a3184,0.6098059428234895
blunder_loss,P40ec54d08597,-0.3830324243754148
blunder_loss,Pc839225a5549,0.6842927977994636
blunder_loss,Pc343a49c974e,-1.935630649328232
blunder_loss,Paa5b1eb7663e,-0.654691486681501
blunder_loss,P7bf7446b6235,-0.9596039663417404
blunder_loss,P7c3477e7afc2,0.3617801098152995
blunder_loss,P9a47d6c307fb,0.8417842574417591
blunder_loss,P8be27e787546,-0.9698063929875692
blunder_loss,P473b69f3d1f9,-0.2572024572236069
blunder_loss,P9f8007f1648f,0.3051551472147306
blunder_loss,P360d70fc9b78,1.0143373801360882
blunder_loss,P9664924a826f,-0.7042397766791326
blunder_loss,P2ca0b1a054e7,-0.4003996453377153
blunder_loss,Pd78b39bcb78c,1.8162267357110975
blunder_loss,P6f8442efa7f1,-0.2397965487066721
blunder_loss,P8b4c3746499f,-0.3241722732782364
blunder_loss,P6a952464c5a9,-0.3829208915428053
blunder_loss,P07f6cfb128c7,-0.3127721506179898
blunder_loss,Ped1b636ecab5,-1.0062909846504529
blunder_loss,Pdcb2f29c24fe,-1.5381746703965795
blunder_loss,P7f6e31736710,-0.167048529469973
blunder_loss,P9d44c1022685,0.0971321577510389
blunder_loss,Pd6a189e09e91,0.5182642713739124
blunder_loss,P7f472c73fd7b,0.196842545210713
blunder_loss,Pa6f6d75a436c,-0.1225152843144746
blunder_loss,P6fe355e64d50,-0.7606031492145524
blunder_loss,P0991053d7017,-0.9586206539527544
blunder_loss,P27adc4b06f99,-0.0074756145477294
blunder_loss,P01d3a1ede0bf,-0.0203840993344783
blunder_loss,P5bc36325d72e,-0.8825530500284262
blunder_loss,Pc5773e75fa7c,-0.9866178288552518
blunder_loss,Pb044955043d4,-0.3562524616718292
blunder_loss,Pd0786a108d53,-0.4426545183820003
blunder_loss,P789aaf2dc470,-0.2709234855655167
blunder_loss,Pae526b043c84,-1.1595644765223063
blunder_loss,P812612c3989e,-1.0778006613254547
blunder_loss,P2531ee913624,-0.6472172552279921
blunder_loss,Pe07414501291,-0.8801834383175359
blunder_loss,P8231ae65d986,-1.6228477358818054
blunder_loss,Pe7581a5e8e38,-0.7440632364650567
blunder_loss,P4ec03662cd02,-1.2387819647789002
blunder_loss,P3ba351105c91,-0.4599233674346309
blunder_loss,P37097fb67c93,-1.0959232404828072
blunder_loss,Pcb1da528c7c7,-1.5030054199406226
blunder_loss,P8bac5966e670,-0.7344774855300784
blunder_loss,P4126c071982a,-1.1607610253617169
blunder_loss,P4798fd584386,-0.6290928261685587
blunder_loss,P1939a45b7b46,0.1335184043848993
blunder_loss,Pf5bd7b8ec6fb,-0.5770780043266535
blunder_loss,Pafac00388da6,-1.1433475290735562
blunder_loss,P9f8a02581098,-0.3454751241952181
blunder_loss,P15948d1ecd6f,-1.258186664959096
blunder_loss,Pba6e3c79c648,-0.6122443348291317
blunder_loss,P71bc74729d6a,-0.0186178899788331
blunder_loss,Pfedb799a97c2,-1.0390849432774951
blunder_loss,Pcc47961d92ae,-1.4386526656647525
blunder_loss,Pe3914f45ac65,-0.5045791433371912
blunder_loss,P5515b7682e14,-0.5067253070577465
blunder_loss,Padc59676907d,-0.1989088476579072
blunder_loss,Pc328ca08ca5e,-0.4893309005273311
blunder_loss,P94f060f03541,-0.3719997328378293
blunder_loss,P6a1a935dc908,-0.3960105180740356
blunder_loss,P6d6b87e95cec,-0.6231319755315781
blunder_loss,P7c6ae98470be,-0.3557809739542094
blunder_loss,Pb29f8e378409,0.0210391990733998
blunder_loss,Pfe339467c7f1,0.0050119902566075
blunder_loss,P6971b6977ada,-0.3749179687555402
blunder_loss,Pb0022e2404a2,-0.1122589382568216
blunder_loss,P2768fdaae14b,-0.6323840329028441
blunder_loss,Pf8f2fcc168a2,0.2176418304443359
blunder_loss,P168f3c0aba8f,-0.2846301895153413
blunder_loss,P2ad9d64ab341,-0.6641786912440862
blunder_loss,P922abdb30b48,-0.7185269542247981
blunder_loss,P7f11d9620218,0.0802576790018103
blunder_loss,Pbde8126fdcaf,-0.2824230617624433
blunder_loss,P043c70469589,-0.7617557048797607
blunder_loss,P92cd03b44cd5,-0.1402125057329734
blunder_loss,P51fe70bf736a,0.5706785366955128
blunder_loss,Pc91cb52dae01,-1.4273900985717771
blunder_loss,Pa13a5df1396b,-0.33193023433497
blunder_loss,Pe0513c77af75,-0.4098498678357158
blunder_loss,P41c94d9afb49,-0.2283715055869037
blunder_loss,Pb6d81c2aeace,0.5124223232269287
blunder_loss,P1c2f1969afd1,-0.3334931928132261
blunder_loss,Pbfa9fa935d1a,-0.2750428859144449
blunder_loss,Peed57c2af570,-0.4339386780019307
blunder_loss,Pfff1c35a8107,-0.5526266656816006
blunder_loss,P37a4732a19f8,0.2198864062958293
blunder_loss,P66533be38215,-0.4724288919191667
blunder_loss,P879c5a61ca0d,-0.745793525630584
blunder_loss,Pabd7cd0b56d4,-0.6194465536948132
blunder_loss,Pe4ce910fcd68,-0.3050393682285675
blunder_loss,Pdb7c70e20a81,-0.3448658736157603
blunder_loss,P95578e0f7cb3,0.4854305319488048
blunder_loss,P96a304a95748,-0.3458411706280914
blunder_loss,P23cdbc28d54c,-1.619795446594556
blunder_loss,Pbb613bbea67f,-0.0925929498755269
blunder_loss,P023d18ba968d,-0.4143033684231341
blunder_loss,P32a5f3c2927b,-1.6937186121940613
blunder_loss,Pe03535150ed8,-0.6942523410543799
blunder_loss,P93d709b1b5ba,-0.7008092868728218
blunder_loss,Pd4762b1da9c1,-0.2011937965803286
blunder_loss,P9404d87c819b,-0.1867622390389442
blunder_loss,P402ef67e3b4a,-0.632591430983239
blunder_loss,Pad6c38c7358d,-1.187474727903175
blunder_loss,Pbc62e20e8caf,-0.4582602801239666
blunder_loss,P9e77f028d24b,-1.2602241415059614
blunder_loss,P5cebaae5f47b,-0.937024681862621
blunder_loss,P32da2fbca100,-0.1995154664748245
blunder_loss,P6ba321d339d2,0.0059080247965671
blunder_loss,P48c1433f8c77,-0.7868057837088902
blunder_loss,P5edc34ee6b7c,-0.3685331787930192
blunder_loss,Pdff49afdfa8b,-0.4561357569126856
blunder_loss,Pdc39c3c8987e,-0.6189879477024078
blunder_loss,P2f2300830c29,-0.9831899354874624
blunder_loss,P0ad63bffb474,-0.1451605034289575
blunder_loss,P62a0d095bbf1,0.098857561747233
blunder_loss,P34339060bd0b,-0.0668784314525273
blunder_loss,Pa3284e221301,1.5702535156160593
blunder_loss,Pa320fef87ddd,-0.5538475697017496
blunder_loss,Pb60259898a67,-0.5854923508233495
blunder_loss,P075e4aabc34e,-0.309601187094952
blunder_loss,P1d911d243cfc,1.35421598288748
blunder_loss,P65ee53adcabe,0.4349747013969299
blunder_loss,P48917d5bbb0b,0.3882218618162418
blunder_loss,P23639f40a1ae,-1.3195449839467588
blunder_loss,Pae02ffad6ce3,-0.7606698319848413
blunder_loss,P2d7f8cdc071f,-0.8646364049134749
blunder_loss,P371d1d2c7967,-1.458735235656301
blunder_loss,P334e89ce15d3,-0.4029031209647655
blunder_loss,Pbb533f99dd66,-0.6148821717149452
blunder_loss,Pbe55aae59424,0.3727671739955742
blunder_loss,P55fae69040e3,-0.3761729627847671
blunder_loss,Pbdf2ddc29f6c,-0.295479240697912
blunder_loss,P9b5e55ea4060,-0.821942323911982
blunder_loss,P03178c8297b4,-1.2348321962599007
blunder_loss,Pa1e633a1c05b,-0.3431937054927751
blunder_loss,P20d81128e867,-1.162115801486098
blunder_loss,P83c1d1f8b42a,-0.0135766500607132
blunder_loss,P1cf4dba14581,0.1334778517484665
blunder_loss,P01bee04a9b3e,1.0091081261634829
blunder_loss,P57bd98e7c9cf,-1.0164898646374545
blunder_loss,P221c43604f50,-1.2660610500723124
blunder_loss,P0703e4c8d556,-0.0247989131945491
blunder_loss,P3f90558a0c95,-0.3003091157683695
blunder_loss,P3f0e7142d44e,-0.4965273486190092
blunder_loss,P1260a21db0c0,-0.9928759472738756
blunder_loss,Pf84b584a058f,-1.4478096440434456
blunder_loss,P7344e4d77aee,-0.9190399515132108
blunder_loss,P7421de863f8a,-0.7644784245883193
blunder_loss,Pd987d6de8765,-0.4267060073613855
blunder_loss,Pebc77b4856e5,0.1718933024348319
blunder_loss,Pdbc12ccbeb13,-0.41289463997991
blunder_loss,Pb677647e5986,-0.5714901594333732
blunder_loss,P7d00f4fa0063,1.0728520449073542
blunder_loss,Pd2810fac32e9,-0.5552840816522417
blunder_loss,P0120464aad54,0.3212916980963201
blunder_loss,P152f89a99e18,-0.7841846495866776
blunder_loss,Pca96754a60c1,-0.0928492070403364
blunder_loss,P8a5913cc2e87,-0.8667255274437442
blunder_loss,Pe357960237fa,-1.015963200479746
blunder_loss,P9951bc1a4c0f,-0.8539728689938784
blunder_loss,P3a1dcc8c90f0,1.4301089495420456
blunder_loss,P84e2710c5113,-1.0201265030916324
blunder_loss,P91b07f11ecac,-1.3558859825134275
blunder_loss,P3a3ef9b3d0e8,-0.7298751864209113
blunder_loss,P5edead730fa7,-0.0337285342492132
blunder_loss,Pa5ed5c58ebb4,-0.3640599570237099
blunder_loss,Pba901b9ea7ab,-0.0037559481244699
blunder_loss,P3ca8121ec336,-1.0751254136102242
blunder_loss,Pa092156f87ff,0.786248372724423
blunder_loss,Pcac0c44c16dd,-0.6250422078741734
blunder_loss,Pdadd2f3d443c,-1.036496688094404
blunder_loss,P4126c799b4a7,-0.9722168365785596
blunder_loss,P9fde131654ce,-1.1124715499128357
blunder_loss,P5db2c2fd2d8a,-0.4541022283956408
blunder_loss,Pecc899e8f6bb,-2.2781531226671774
blunder_loss,P4fdeadd3ae5e,1.9821844529360533
blunder_loss,Pe9cc0911bd75,-0.5955790564211495
blunder_loss,Pc5010fc96261,-0.2283290071619881
blunder_loss,P1093f768653f,-0.550259538083559
blunder_loss,Pd7469eb5b838,0.036362511245524
blunder_loss,P0dfd18059d97,-0.4567016959190368
blunder_loss,P065379bad11c,-1.320482107810676
blunder_loss,Peb05651f907e,-1.49446928439041
blunder_loss,P108003b1ab18,-0.3547609905791137
blunder_loss,P38a047edb5e1,-0.6980660064967863
blunder_loss,P9cf995a1c0af,-0.1250707954168319
blunder_loss,Pb29e69a5ccd3,-0.0131287232041358
blunder_loss,Pd2919ca64c21,-0.4678344366428006
blunder_loss,P910bd2c05c19,0.0234634362547466
blunder_loss,Pabe3a7a215f0,-0.3404502095609021
blunder_loss,P04d350c7081b,-0.1309107721303448
blunder_loss,Pb3323e502fd6,-1.319247134375785
blunder_loss,P2d270ef3698a,-0.3281422850675881
blunder_loss,P6cb6e7940be5,-1.5763746269724586
blunder_loss,Pa53be076304a,-0.1173620241513061
blunder_loss,P2dad39c41197,-1.4077874456616963
blunder_loss,P91ccf336aedd,-0.4603035651457753
blunder_loss,Pf0735de7b733,-0.5966386646032333
blunder_loss,P52e257901034,0.0029509137658953
blunder_loss,P81345a970df8,-1.246121273189783
blunder_loss,Pa05f3f716683,-0.8441475847229314
blunder_loss,P61588d2d506b,-0.139289032930618
blunder_loss,P26d80069b31e,-0.2523779933003144
blunder_loss,Pe9a606363347,-0.0463247464856866
blunder_loss,Pb5d89ec878e7,-1.1186514869332314
blunder_loss,Pabdcdea636db,0.6491776307423909
blunder_loss,Pb7129dbfc3cb,-0.3497762998574094
blunder_loss,Pb2b7f26b20ea,-0.2858445072840703
blunder_loss,P4fd83dc61cd6,-0.0765120070427656
blunder_loss,P3b22a736337f,-0.7153286563498633
blunder_loss,P5a52138446ce,0.2441889730592569
blunder_loss,Pb4ea9bc0f76f,-1.260783027857542
blunder_loss,P6618f67363b6,-0.5813150113584088
blunder_loss,P277a3bc9a9b0,-0.1242970732996393
blunder_loss,Pb44bdee25ea4,-0.3866919852974336
blunder_loss,P0975a1dd12ba,-0.559573594198689
blunder_loss,P3ae673de8066,-0.8635052085284971
blunder_loss,P584154eb074a,0.2436147074625485
blunder_loss,Pad2e39bf5734,-0.3779771434376197
blunder_loss,P664c68b04083,0.0685204043984413
blunder_loss,P365702120eaf,-1.0867516110713282
blunder_loss,Pf6641d989cb9,-0.8368174433708191
blunder_loss,P0fe7d4c76fde,-0.2704326010810235
blunder_loss,P0b2077628821,0.8706630032509566
blunder_loss,Pa4bdf42193ce,0.3743063143430612
blunder_loss,Pc6f7316353d2,-0.5638249439497789
blunder_loss,P9a483b101fc7,1.0788575045176243
blunder_loss,P674c02d2cdc7,-1.1478103010190857
blunder_loss,P1a6ff7ce6f7a,-0.8344500024139768
blunder_loss,Pdc5a49a8f1ae,-0.1491303589815894
blunder_loss,P36c64a574757,-0.4883561184008916
blunder_loss,P6febd7b6489b,-0.0880777948474346
blunder_loss,P8b646a21690b,0.190484127707102
blunder_loss,Pb8e527d69da8,-0.0732275116242586
blunder_loss,P98ae232fecab,0.2302242918035053
blunder_loss,P0158a774b13f,-0.3875700512325286
blunder_loss,P812179d96f44,-1.6622066020965576
blunder_loss,P8ea460b05c8e,-0.54284106129175
blunder_loss,P83c765a813a2,-0.1085667046401261
blunder_loss,Pdf5a22898f77,-0.7065637337091641
blunder_loss,P3e4d411df052,-1.7439771791299183
blunder_loss,P539cd365eb73,-0.7011680829172969
blunder_loss,P1b7e27adf771,-0.1571290008311293
blunder_loss,Pf15ca370f428,0.2035800327117053
blunder_loss,Pf3890f54d9bd,-0.6905649216451029
blunder_loss,P5a9f1764f6bf,-1.2966561391949654
blunder_loss,P99aa5673fe47,-0.3746596548211615
blunder_loss,Pf276b59fdf6a,-0.5228823649714578
blunder_loss,Pe2da4cb0f4f4,-0.4788944286933977
blunder_loss,P929c9da2ca4d,0.1923367718679209
blunder_loss,P93c015d967d6,-0.5845620520412922
blunder_loss,P0fc74cbbb61f,0.9316907523510356
blunder_loss,Pee7e9699300c,-0.0068871841870448
blunder_loss,P5dc5269a79d5,-0.6870945335055391
blunder_loss,P2933ac17491f,0.3614273469059894
blunder_loss,P023500e97547,-0.6649571859856334
blunder_loss,Pda2324cec618,0.5026063160462814
blunder_loss,P9479c6a171ab,-0.8879802954953282
blunder_loss,P8eeda2956e32,-1.4105757143115625
blunder_loss,P214aba7668f9,-0.0119490449495405
blunder_loss,Pa8b4d9f66e64,-1.0673361290890098
blunder_loss,P021789816668,-0.1264427971715727
blunder_loss,P302352d0ba84,-1.018528838455677
blunder_loss,P75b97f00eb03,-1.2803563113723482
blunder_loss,P83b0a6c72d2f,-0.884155982746373
blunder_loss,P09dd21243864,0.3164438155612775
blunder_loss,P7f7a902f3020,-0.1491761457871156
blunder_loss,P2ca6aa9e5fb2,-0.6404923796653748
blunder_loss,P08a35be1a9f5,-0.204038157401716
blunder_loss,P57605ec83451,-0.6013669169982493
blunder_loss,Pbe71c6fc6dec,-1.1779822119112526
blunder_loss,P7f3df1ac2054,-0.2954197398719327
blunder_loss,P53c8731576f1,1.237397721125966
blunder_loss,Peada94290aca,-0.4998193576931953
blunder_loss,P5adf6a486ad3,-0.2588510568965398
blunder_loss,P3ef88dd57320,-1.064470313489437
blunder_loss,P80391149879f,-0.4195949318527657
blunder_loss,P107cd3cce5ff,-0.7760696367702932
blunder_loss,P80572e2e038d,0.0162564322352409
blunder_loss,P712a15bf0e6f,-0.6612787457212569
blunder_loss,Pf01ec3446e5a,-1.942126035690308
blunder_loss,Pad35224f69cb,-0.202327605837749
blunder_loss,P08138e69aa8d,0.2344378896554311
blunder_loss,Pb8e3301b2a74,-0.2590723218539586
blunder_loss,P3fd0e39eaf0a,-0.684026437997818
blunder_loss,Pd3caffd9ca92,-0.5038138926029205
blunder_loss,P7bf9f64eb498,-0.5289111177170182
blunder_loss,P80156e5e9278,0.2985493712623914
blunder_loss,Pedb32850fe8f,-0.2396052377446303
blunder_loss,Pf8cb4a31e638,-0.126914278914531
blunder_loss,Pf50c3667813f,-1.5078118039915958
blunder_loss,P205001f79889,0.0367688853200247
blunder_loss,P712597ce3113,-0.3707934944863207
blunder_loss,P1075eca1226f,-0.9015856177510966
blunder_loss,Pd1c103d52bc5,-1.2616215465324263
blunder_loss,P54dee37df895,-0.8709252357482911
blunder_loss,P2c8d128456e7,-0.820398247026619
blunder_loss,P2dd225772fc5,-0.5792350636588203
blunder_loss,Pc994f2f664d0,-0.3214088503949774
blunder_loss,P225f9fdd0e6a,-0.6796020321215611
blunder_loss,P45e2654c41ae,-1.863199253877004
blunder_loss,P26a25e7e0acd,-0.2462056529030304
blunder_loss,Pee3bd2759128,-0.7097068325512939
blunder_loss,P8355228c7fcb,-0.6989465029910207
blunder_loss,P35c3c82a1f69,0.4983993172645569
blunder_loss,P8b84543fbeee,0.2479508254263136
blunder_loss,P6f46ca46d531,-0.5737608311856747
blunder_loss,P28e3e6213211,-0.7378109832650509
blunder_loss,P889b32057ba6,-0.7091709501364014
blunder_loss,P237c90ffbc3d,-0.6548657119274139
blunder_loss,Pa806b3be4c73,-0.6496568693403773
blunder_loss,Pdd414ec3dd8f,-0.5237287604863504
blunder_loss,P307331710618,0.1731187453700436
blunder_loss,Pe2016442eada,-0.8320361698865516
blunder_loss,Pc995fb025ba5,-0.669672440725638
blunder_loss,P58f22023bcff,-0.8782684710172434
blunder_loss,P9537bacac8c5,-0.5985671890278658
blunder_loss,P6fc37d87e562,-1.873675897717476
blunder_loss,Pe264503d6266,-0.4393322169780731
blunder_loss,Pbb3beb1cac9c,0.6920876920223236
blunder_loss,Pb840bf140f47,0.3943881965242326
blunder_loss,P216e7b1288e1,-0.6906509516404373
blunder_loss,Pb99157f4b8bf,-0.5469958426992572
blunder_loss,P1445b99bcfad,-0.6237262314651114
blunder_loss,Pdb3b32bc391e,-0.9836023598909378
blunder_loss,P111b99534596,-0.3079453255718195
blunder_loss,P95f74d92ac2a,-0.5695940144078149
blunder_loss,Pae9a78de2ffa,0.4114919688442831
blunder_loss,P55db4aa6eaf8,-0.6682460726825409
blunder_loss,Pfa746ce64c80,-0.1582386471444007
blunder_loss,Pb692cd85f602,-0.0005670629171897
blunder_loss,Pf66130e25553,0.1157956494301158
blunder_loss,P8b2612509c33,-0.2922501469435366
blunder_loss,P1d825f43a3a3,-0.3845315515663888
blunder_loss,Pc5d73fbde6ea,-0.2645066574395655
blunder_loss,P0c238f31683a,-1.3664184287190435
blunder_loss,P1b80bf19bdca,-0.7522439951549761
blunder_loss,P8212a164e2e3,-2.418751761317253
blunder_loss,Pb7d4a3879687,-0.6349593908144938
blunder_loss,P867c90da9263,-0.5457526493817567
blunder_loss,P0ac289dedd59,-0.590792118443259
blunder_loss,P4d1f7169908b,-0.2163060456514358
blunder_loss,Pc6f9586f5734,-1.5686076627125594
blunder_loss,P332bebac8e18,0.4929755658434149
blunder_loss,P0e6f3112e611,-0.8558349827385171
blunder_loss,Pe2afcbb05298,-0.3555633127689361
blunder_loss,P079ff0325fc1,-1.0659750793129206
blunder_loss,P7fd0228d850f,0.3105242304503918
blunder_loss,P398456776078,-0.7442075638542387
blunder_loss,P021a9419c937,0.0235996998600865
blunder_loss,P7a69b294a1d8,-0.5768437273800373
blunder_loss,Pb94d29b5ba48,-0.9000149529896865
blunder_loss,P4e5e2b5a7db9,-0.8862616419792175
blunder_loss,Pa1fd2be64f09,-0.2270275056362152
blunder_loss,P1dba555d1f66,-0.4642760206410637
blunder_loss,P4ffb4ada5f77,-1.161101134760039
blunder_loss,P99c9bb32ef9a,-0.2095275920182871
blunder_loss,P904aff244930,-0.1589007663734876
blunder_loss,Pf9ca791a8090,-1.1269487012177706
blunder_loss,P6b296173349c,-0.656083985042235
blunder_loss,P9fcd9df604be,-0.9558058858124748
blunder_loss,Pfcdf10e20bee,0.1885517771045367
blunder_loss,Pf3fa16b37eac,-1.5371671080589295
blunder_loss,P928904033f60,0.7176172588928408
blunder_loss,P9e2c0f730ebb,-1.2411736585199833
blunder_loss,P6229c5e42d78,-0.8055321615488611
blunder_loss,P8fb13fab2c1c,-0.9913541349433488
blunder_loss,Pd06d8fe40777,0.2644571023327963
blunder_loss,P5fa35b0bb308,0.7186770795109241
blunder_loss,Padb9b3aa8797,-0.1562079372537685
blunder_loss,P67e45d150cd9,-0.6986343772128742
blunder_loss,P1e0c3d99108e,-0.9346356969603716
blunder_loss,P034c75d45b29,-0.3314661613360267
blunder_loss,Ped0f26abd29e,-0.3052709566092946
blunder_loss,P06ecbdef1ee3,-0.4742502389612891
blunder_loss,P2d2ef1c2f7f1,-0.4816855852799556
blunder_loss,P6a5be5c326c9,-0.2307633935617139
blunder_loss,Pbc209a18dadf,0.0607222389484011
blunder_loss,P9daeb05caeeb,-0.6061979739450747
blunder_loss,P38fcf457355b,-0.1235021475401333
blunder_loss,P178f5e004880,-0.1090829127840697
blunder_loss,P1e9bdb7247f2,-0.3152186615126473
blunder_loss,P59eed7cc4af1,0.6268996422489485
blunder_loss,P28e7b8c210d1,2.2166755199432373
blunder_loss,P3508311b6e78,-0.4233160192933974
blunder_loss,Pfef91071d4ed,-0.2665365200990135
blunder_loss,P37754fea835c,0.0440035530206169
blunder_loss,Pb7d4e6c26d58,1.921789814873288
blunder_loss,P1bbb8ff95e0b,0.1362493228581217
blunder_loss,P5bdec73a3f01,1.7140627195211977
blunder_loss,P6affd0692743,-0.442814607933096
blunder_loss,P3d1bd549d981,-0.6003506903988326
blunder_loss,P2837f9753ad7,0.3704116306379223
blunder_loss,P1456c6ab01ad,-0.5863249451420568
blunder_loss,P31193c0c27cf,0.2001489491334983
blunder_loss,P16f208196125,0.5395144046843052
blunder_loss,Pa6b19ff68657,-0.4544939453263931
blunder_loss,P71c9f1af475e,-0.1889320015907287
blunder_loss,Pb1b0e5e86822,-0.595620513446629
blunder_loss,P4fa149ef8174,-0.8660448677837849
blunder_loss,P514c078a0db5,-0.0010969462538404
blunder_loss,P2cc7050fd549,0.3090482893691521
blunder_loss,Pb8343d2014d7,-0.7061780468405535
blunder_loss,P68b193dac78c,-0.3251447305733564
blunder_loss,Pc87a1885fb98,-0.5538552363912582
blunder_loss,Pff5c2a684002,-0.0398960515676122
blunder_loss,P97b4b4e04723,-0.5253886383985982
blunder_loss,P172c50f5e613,-0.612867173117896
blunder_loss,P94a2cd8d175a,0.0
blunder_loss,Pcd38fbec8ea9,-0.3833948274453481
blunder_loss,Pcc0d6967df6c,-0.2637700604971856
blunder_loss,Pc11a995393bb,-0.5474986657276106
blunder_loss,P1d24468ea7f9,-1.5564157143235209
blunder_loss,Pde6e17bda86f,-0.3971375827832381
blunder_loss,Pf9790dde78f7,0.414704176397728
blunder_loss,Pf92c03044fe3,-1.232556926933202
blunder_loss,Pee00b5890ac2,-0.5189224250373954
blunder_loss,Pfb9f665bed33,-2.283705163002014
blunder_loss,P96c91ad1fed1,-0.8252880705121352
blunder_loss,Peb3fe94eaad4,-0.4766182955829302
blunder_loss,Pb022d07fbd99,1.6841631531715393
blunder_loss,P15afa37f2ebc,-0.835447246613177
blunder_loss,Pbd0becb4cac5,0.3332139888689631
blunder_loss,P6df1cc96d65e,-0.2559358415115342
blunder_loss,P32a8eaa50dd0,-0.8633232293942003
blunder_loss,P6491ae94b7c6,0.1751434448005914
blunder_loss,P09bc68935da9,-0.4247109442046194
blunder_loss,P565c9295d7eb,-1.129890688151742
blunder_loss,Pd3960bac6e71,-0.5081690051829155
blunder_loss,P51984721bc08,-0.4979604662931755
blunder_loss,Pcd40859e8e27,-0.5094302841885523
blunder_loss,Pdb0c2a0605b1,-0.8579806983470917
blunder_loss,Pf5f25b4ae44d,0.509113222360611
blunder_loss,Pd2b47485ad4b,-0.2784324884414673
blunder_loss,Pbb4948432088,-0.6036824781087138
blunder_loss,P5c696c067d7f,0.1581530276376551
blunder_loss,Pfed06b88d869,-0.406745415341316
blunder_loss,Pc0fcac002e8d,-0.3616514979646756
blunder_loss,P822999f20fc6,-0.2566571682691574
blunder_loss,P7295311a472d,-0.2175780349643901
blunder_loss,P751d4478859c,-0.9321132776327432
blunder_loss,P7142eb88b2bb,-0.4733302472202719
blunder_loss,Pceec039d9eb1,1.185202679907282
blunder_loss,P60cdb9820d67,1.4579426173407295
blunder_loss,P2f099fbedebb,-0.5222779810298807
blunder_loss,P3dd00ca43081,-0.3213039671886221
blunder_loss,P137b1697c45f,-2.565688252449036
blunder_loss,Pf13bbf74c86c,-0.3526922518411027
blunder_loss,P46ba1a2444e2,-0.4725806829987695
blunder_loss,P6c5e1272152a,0.1480982005596161
blunder_loss,Pa9397d5b0b39,0.7730813299202969
blunder_loss,P225461ce25e5,-0.1959741355644332
blunder_loss,P51e6aa5b0c17,-1.6990818810201698
blunder_loss,P32678b377d96,-0.9958328440608012
blunder_loss,P0ef23a9e37f1,-0.673927412678798
blunder_loss,P37602170b203,-0.650760071973006
blunder_loss,P469b666b9bde,0.0493587367236614
blunder_loss,P6f4a3f955d09,-1.132997442483902
blunder_loss,P0bb6bc90fb97,-0.3979195070081475
blunder_loss,Pf7f2069e4c22,-1.2167328627407552
blunder_loss,P6b0d0cba2ec4,-0.0853412839573358
blunder_loss,Paa254377aa99,1.3738362320831845
blunder_loss,P2b41ed732864,-0.8238146792240367
blunder_loss,Pd0ebe77f4db6,-1.018850418056051
blunder_loss,P3bab8dbd43f0,-0.5415227034502486
blunder_loss,P15c1a4eeabd9,-0.9912152886729348
blunder_loss,P355572ec14cf,-0.5442018540724509
blunder_loss,P23d41273a11a,-0.7434141710400581
blunder_loss,Pe25820fbeda1,-0.3874761169155439
blunder_loss,P4b93cc25abb8,-0.7989527616649866
blunder_loss,Pfc6239134547,-0.2090992651116078
blunder_loss,Pb9d40cc553aa,-0.9421517117215056
blunder_loss,Pfbdbe1ff9d68,-0.354332597873234
blunder_loss,P061413032cce,-0.2973124614319976
blunder_loss,Pf0c5c089aa79,-0.4919221848763332
blunder_loss,P007e0c038fe3,-0.9485311714970336
blunder_loss,Pae6636c0d3cf,0.3641341924667358
blunder_loss,P05ba7d840501,0.8670749664306641
blunder_loss,Paf94cd57e176,-0.068033890524886
blunder_loss,Pba346917b2f7,-0.3227301212153468
blunder_loss,P2bda47941594,-0.7898183606855127
blunder_loss,P114a94e07153,-0.0012836142945346
blunder_loss,P6ac37905ea05,0.2177173059688008
blunder_loss,P70f38d23779e,-0.2961797956550431
blunder_loss,P926a4d5b298e,0.7129827375922885
blunder_loss,Pd92f1dd9340b,-1.1068321019411087
blunder_loss,P0defbf896d35,-0.1892107853401133
blunder_loss,Pc034d9b73d47,-0.6716961708691215
blunder_loss,P1eb9a63eac96,-0.6092223564258658
blunder_loss,Pde1f9bbc7b60,-0.0756568480967258
blunder_loss,Pfb3de794b3d9,-0.2411742731928825
blunder_loss,P0d89f51610ac,-1.1460460082079444
blunder_loss,P92cee50211b5,-0.5927505054407649
blunder_loss,Pf67de0ed71ff,-1.4058759897237734
blunder_loss,P2134338b6e09,-0.4140989854586897
blunder_loss,P3c6b7d7192a6,0.1426371757739356
blunder_loss,P92f266e67912,0.0301945632098961
blunder_loss,P12df0cfcbffe,0.6135631293679278
blunder_loss,Pa264ba87365b,-1.016777537462715
blunder_loss,P2b858150cae2,-0.3474108567645879
blunder_loss,P98b389669c53,-0.1303609609603881
blunder_loss,P353289ad06de,0.6262363207319545
blunder_loss,P44bc84ac9dfc,2.498081922531128
blunder_loss,P08ba15d92662,-0.2712619522901291
blunder_loss,P4b9aa1a0b320,-0.1068430319428443
blunder_loss,P58e5114cb93e,-0.5208929226630264
blunder_loss,Pdf4bd8732620,-0.3149040582804726
blunder_loss,Pab47e6ee309e,0.5489392280578613
blunder_loss,Pebf532f5fd01,1.1424708319827914
blunder_loss,Pd04d72594d48,-0.1693146710997637
blunder_loss,P40eb456da51f,-0.4705655273582254
blunder_loss,P410bde0b37bb,-0.3065547893444697
blunder_loss,Pcf97a8ea9ae3,-0.2459892357363527
blunder_loss,Pda1cefdc519c,-0.5610845591355432
blunder_loss,P6612368d8cb4,0.1353885839382807
blunder_loss,Pca6bccbb2953,-0.5228218987877192
blunder_loss,P1b2036259b8f,-0.4393198457546532
blunder_loss,P372931ab7478,0.250423898535042
blunder_loss,P06317a212f69,-0.5250798774517232
blunder_loss,P51a2c4e348d7,-0.2230568863451481
blunder_loss,P2a47ac5cc5d2,0.6931998133659363
blunder_loss,P7a4ca44c3991,-0.0973991279800733
blunder_loss,P21983a01453c,-0.437024688157725
blunder_loss,P0d8fdfb6e33a,0.2276995788306996
blunder_loss,Pd089670a8fe3,-0.3831350199708884
blunder_loss,P9e0e542a71a7,-1.5380143531494672
blunder_loss,Pdfc97f185c59,-0.5196458327008587
blunder_loss,P4b0c49504ccb,-0.7926786834551465
blunder_loss,P7157035289bc,-0.2398460131552484
blunder_loss,P0d5d7a35ddec,-0.8176956220440247
blunder_loss,P2a3ca0e7451f,0.9916653603315352
blunder_loss,P7cc5e8d7d469,-1.102683737874031
blunder_loss,P11547704d998,-1.6730323574609225
blunder_loss,Pd16b42f1c20d,-0.4264165794153592
blunder_loss,Pbadfffe777b2,3.0978388667106627
blunder_loss,P00ef1261dc75,-0.3653837772644351
blunder_loss,P028c4c176cb2,-0.1782943817476431
blunder_loss,Pbe24a22a5f55,-0.29478561754028
blunder_loss,P612f692f6c1e,-0.4350820104841266
blunder_loss,P3e4d43616bd3,-0.6358073862890402
blunder_loss,Pf82a1b69031c,-0.405450800320061
blunder_loss,Pf17e670ae1d4,0.2947007326642714
blunder_loss,P586096487c38,0.931915783824829
blunder_loss,Pc6a1aa7de3b5,-1.262472704052925
blunder_loss,Pf7fd84dccf3c,-0.1544592312226693
blunder_loss,P4d929679f55b,-0.1813056456029233
blunder_loss,P4f46d3a49f2f,-0.9776229033042908
blunder_loss,P82018f965400,-0.319355129886234
blunder_loss,Pe865e29c3563,-1.0347112477419549
blunder_loss,P7cf60c916c52,0.0477514192289872
blunder_loss,P5308dc1516c8,-0.7153678282319298
blunder_loss,P62534e253752,-0.5381939273363358
blunder_loss,P035ca277d49b,-0.6035855819781621
blunder_loss,P0122f962af5d,-1.0956858278562625
blunder_loss,P64ef31dca8fd,1.1728841006755828
blunder_loss,P81055926e709,-0.3878047995269298
blunder_loss,P83507d0fa81b,-1.5897846100585802
blunder_loss,P757b53bc35f0,-0.3576964985214027
blunder_loss,Pfc09a606b500,-1.8227595686912537
blunder_loss,P7b6715497122,-0.305607926133754
blunder_loss,P1c6b5d1263fc,1.3980547350186567
blunder_loss,P9bdb1cea2e92,-1.2724296249294034
blunder_loss,P666b0625173c,-1.5501022910078368
blunder_loss,Pb013659de46a,-2.481987826526165
blunder_loss,Pcc55ba6d2224,0.4057845879292142
blunder_loss,P962245f61986,-0.6386747010052204
blunder_loss,P6ed32f145175,0.1708842729840108
blunder_loss,P800519a9f50e,1.0192312642854329
blunder_loss,P946b788b7604,-0.9691880252522728
blunder_loss,P20c3ad7116d8,0.8099105380106336
blunder_loss,P6eec1334448e,-0.3517797320012492
blunder_loss,Pd1155189628a,-1.885755067501616
blunder_loss,P92a05cefb59f,-0.1335732918021289
blunder_loss,P9950cd12edf9,-0.2895100767879436
blunder_loss,P9e2399ce2889,-0.2033177450299263
blunder_loss,Pe18234d8fddc,-0.6152445000285903
blunder_loss,P493da9378627,-0.3980562568732262
blunder_loss,P7bc176a0c8fe,-0.4309310472892213
blunder_loss,P7b18a67b3ba5,-0.9027272574603558
blunder_loss,Pf40ae32c679d,-1.2057377716319428
blunder_loss,Pac41b389cb44,-1.24581698929801
blunder_loss,P6bed0217f5eb,-0.5051537702703776
blunder_loss,P61d665637f05,-0.3234533694480334
blunder_loss,Pe2a7a99414a5,0.4731135666370392
blunder_loss,P8978ed05627e,-0.7712065763771534
blunder_loss,P90b03966c755,-0.961699639977173
blunder_loss,P6e6132a3f1d5,-0.5098889695953358
blunder_loss,Pa93687338d68,-0.1881592940716516
blunder_loss,Pbd422365720f,-0.2844653752516023
blunder_loss,P60d11c9f183f,-1.5686863091153402
blunder_loss,P256546948bb2,-0.4695608626740674
blunder_loss,P09d43eb56b6d,-0.3290783640350713
blunder_loss,P1e8333533fdd,-0.063889833788077
blunder_loss,Pfe5d57a0ab89,-1.0327008187149962
blunder_loss,P8c79eba1f84a,0.0767816329089106
blunder_loss,P0b70134d9d61,0.0480118536700804
blunder_loss,Pbbe05e1e24fd,0.0510409311374356
blunder_loss,Pe0c36dcc3246,0.0695950381438991
blunder_loss,P62128d413b5e,-0.1051757589559115
blunder_loss,P05dc9839e572,-0.935513991461079
blunder_loss,P4d6de310c65c,-0.1612602680921554
blunder_loss,P3a79401f7f24,0.7605635356158018
blunder_loss,P1719c2ab0802,-1.042194123317798
blunder_loss,P63163a712cca,-0.4200956074974707
blunder_loss,P7a9d03af4ec1,-0.2721999790637633
blunder_loss,Pa466e6e44a64,0.2509323780735333
blunder_loss,P4c63f0c2f422,-0.98144112570429
blunder_loss,P14a4abae5cb0,-0.3950803394118944
blunder_loss,P31d98c5e3910,-0.1032837867736816
blunder_loss,P9862a42525a0,-0.5464265407196028
blunder_loss,P5ace6bdc2ea4,-0.1109084486961364
blunder_loss,P0f4113e53784,-0.4949620338318514
blunder_loss,Pdebf08946c57,-0.6160574889895452
blunder_loss,Pe418b3ad2e6a,0.0003029664512723
blunder_loss,Pdb8a8a491bab,-0.4453891670311156
blunder_loss,P421e8188eb83,-0.868301513968752
blunder_loss,Pca8a628ee105,-0.4578179538249969
blunder_loss,P8b51234c6656,0.1208634566781776
blunder_loss,Pc1103b7bf96c,-0.2054619602559818
blunder_loss,P44e821225147,-0.5871702691140984
blunder_loss,P3cbae5415044,-0.5431888076011091
blunder_loss,P88b013b05135,-0.0809138771657012
blunder_loss,Pe3035a89a79a,-0.4480110785054434
blunder_loss,P732cdbec8d3b,-0.6150450395937596
blunder_loss,P3df9bfb5ad2b,0.3017638389160182
blunder_loss,P366279295424,1.181614188211305
blunder_loss,Pad0113c2c993,-1.2662343236928184
blunder_loss,P946903fbc306,2.0365686246326997
blunder_loss,P1973fc32ee1f,-0.1576355670889218
blunder_loss,P428aae29f11f,-0.3002319086802462
blunder_loss,P18c3adba9645,0.6872026551514864
blunder_loss,P21599efad85c,-0.6629231180852422
blunder_loss,Pbf2cf5b53121,-0.4516971300666531
blunder_loss,P486711802deb,-0.5394633663197359
blunder_loss,P569b8927bf23,-1.7009961768984794
blunder_loss,Padb4cdaf627b,-1.0130080484154025
blunder_loss,Pcfff6c21299b,0.0
blunder_loss,P12957c28476d,-0.2544924583108652
blunder_loss,P8bf6d4c975a4,-0.1509939276036762
blunder_loss,P69e694c4c246,-0.5232590459418496
blunder_loss,P32ec7de06532,-0.2615108669707269
blunder_loss,Pb38d7511be61,-0.7962084813566149
blunder_loss,Peb6de96814c2,3.150390386581421
blunder_loss,Pe5dbbbe57b10,-1.5542030764743686
blunder_loss,P5859476a8348,-0.4152076209016956
blunder_loss,P322fa64145ea,-0.5085054189869852
blunder_loss,Pcc6565ee3777,-0.4864554962272936
blunder_loss,Pe5a799fc99ff,-0.2118164956523424
blunder_loss,Pc2cdaf385803,1.4056920990347863
blunder_loss,P4cd4b2277d93,0.0140088647603988
blunder_loss,P4ec211f48ed4,-0.1631068678365813
blunder_loss,Pa109a6f380b8,-0.5082128142719634
blunder_loss,Pbe4a495489a8,0.7976823036248486
blunder_loss,P567a30ec7731,-0.6426637688326458
blunder_loss,P31eb79783b72,-0.2863523512002699
blunder_loss,P56d25ecafe1c,0.8203731432557106
blunder_loss,Pa20db916995a,-0.7134529569146095
blunder_loss,P4b8abebd7a40,-0.9646380935343248
blunder_loss,P1b4c8ca28702,-0.2730211130630823
blunder_loss,Pa109d116d8cc,-0.3225917371932198
blunder_loss,Pbd8cdc359584,-0.8980599802433499
blunder_loss,P6f694427e4c9,0.4115392095926735
blunder_loss,P104f8ddd0d22,1.4288685280415745
blunder_loss,P787b50975b57,-0.784945567448934
blunder_loss,Pfc6b03a25c62,-0.3551876077191566
blunder_loss,P5334c7218405,-0.4086812328973159
blunder_loss,P884366b00326,-0.935347151507934
blunder_loss,Pade6501642d6,-0.4101730556537708
blunder_loss,P28f46f0e9ba6,-0.0325049748102441
blunder_loss,Pc294693a0025,-0.1846873649180402
blunder_loss,P659810c1c504,0.0965137657123981
blunder_loss,Paa1c67e9db6a,0.1250389986246143
blunder_loss,Pee300b0fe828,-3.537302136421204
blunder_loss,P467ae24442c6,-1.2698596715927124
blunder_loss,P383c619217fc,-0.3816197699641967
blunder_loss,P053c8f38a526,-0.7591122711122994
blunder_loss,Pf70aebe3fcfc,0.568656846165958
blunder_loss,P932f2db10b70,-0.277436410558334
blunder_loss,Pf3ef80595489,-0.4661081698349612
blunder_loss,P22cbe5179f09,0.2975692786779758
blunder_loss,Pd2720784a4bc,-0.4570324223156611
blunder_loss,P0734745ae0ca,0.5046533644199371
blunder_loss,P8079f784ccd7,-1.0418402552604675
blunder_loss,P303d514e5017,-0.2858479694631281
blunder_loss,P62fefc219be3,-0.6415658457600881
blunder_loss,P237ed8af5bd5,-0.3499941095813281
blunder_loss,P39851771a5a6,-0.9479737741251788
blunder_loss,P1acbab79afd7,-0.0289128622679177
blunder_loss,P35cf495b6662,-1.3243833064517403
blunder_loss,Pebe6cd41b864,-0.1743990900710352
blunder_loss,P5839ce0262b2,0.4197897337377071
blunder_loss,Pba1156828f64,-0.4233251564987507
blunder_loss,P4263ee6cc3dd,-0.4917175769805908
blunder_loss,Pbce4d81f68e3,-0.165547716693711
blunder_loss,P9a0c4541e9cf,-0.9874285637504524
blunder_loss,Pdef10801f497,-0.3661161007777435
blunder_loss,P14cf666979d2,0.0967269738515218
blunder_loss,P2269b6643d89,-0.7512545074174377
blunder_loss,P236abf0097c0,-0.7701953539556902
blunder_loss,P82481d6f9b66,1.0086462575082595
blunder_loss,Pf9b5901f595d,1.3892385363578796
blunder_loss,P16d1bc31badc,-0.1870967943809534
blunder_loss,P5683cd7aa4ba,-3.4926910400390625
blunder_loss,P90c1cd82c2bd,-1.8725529313087463
blunder_loss,Ped1c970fe0ea,-0.1794477709406425
blunder_loss,Pe2aab5c5483a,-0.0197851284174248
blunder_loss,Pa20a54aa7576,-0.7440699527658036
blunder_loss,Pb6cbf5b1a86d,-0.659731506624005
blunder_loss,Pd3502209025f,-0.3056396481658642
blunder_loss,P82a55fab934d,-0.3876449889906948
blunder_loss,Pa772033f022e,-0.3347397257958438
blunder_loss,P11eca599de0e,-0.4503842711448669
blunder_loss,P623c7527c4a5,-0.5460008308291435
blunder_loss,P08fd93d960ac,0.1612024001176759
blunder_loss,P3acf458c9ccb,-0.420753358891516
blunder_loss,P7001527d5300,-0.8220998804518209
blunder_loss,P9bd620cdba8b,-0.079943116940558
blunder_loss,P58f3002d319f,0.070137710590441
blunder_loss,P767e166cf83c,-0.7940505936590206
blunder_loss,Pd91a5c850905,0.0648371730560295
blunder_loss,Pec92e8881912,0.5795568943023681
blunder_loss,P2becb29d2146,-1.3829919750040227
blunder_loss,Pc19fcc82a533,-2.127012971788645
blunder_loss,P5a830a24c2e1,-0.369854986667633
blunder_loss,P6a1b97a2f0e3,0.3117810943813035
blunder_loss,P196a40153f3d,-0.6576901798446974
blunder_loss,Pad5ba985253f,-0.695856218971312
blunder_loss,P2f18619546fd,1.9561315987791332
blunder_loss,P8e873c73371b,-0.1294789360983977
blunder_loss,P7574b44437cc,-0.3553093075752258
blunder_loss,P39db58697db9,0.1987978423957262
blunder_loss,Pdcc8a3ec96bc,-0.1220592971091835
blunder_loss,P96eb27d0f8a1,-0.4970337425669034
blunder_loss,P61536d3e16a6,-0.3941942693383405
blunder_loss,P9948638847e8,-0.3834356972800398
blunder_loss,P369cdf565411,-0.7764630829478085
blunder_loss,Pe1fa28623165,-0.1766043714009871
blunder_loss,Pba38cf0bf268,-0.8296184651553632
blunder_loss,Pce5332e14a6e,-1.0964804811044018
blunder_loss,Pbde0da27c4c6,-0.2803483532191742
blunder_loss,Pf21f2671ba98,-0.4933718229502493
blunder_loss,Pb9d92f259ddb,-0.6999308499399197
blunder_loss,P3c5694994301,-1.119278870522976
blunder_loss,Pb0af87cc8f39,-0.3182923957974543
blunder_loss,Pd1c5a718b5da,-0.750679719415534
blunder_loss,Pb295f3145ddd,0.2840191198225677
blunder_loss,P8235c5880bbb,-0.5354992271727556
blunder_loss,Pe6a569f177f2,-0.9624505415558816
blunder_loss,P10f34a1cfa75,-1.6398331224918363
blunder_loss,Pcb9795f12ed1,-0.5540000107139349
blunder_loss,P5fae53ecbd32,0.3815176299403584
blunder_loss,P81703bae20a8,-0.1765078971220252
blunder_loss,P672aee4caedd,-0.9915802138164596
blunder_loss,P17c7f78bfc2c,-0.6830562610206584
blunder_loss,P43e97fa95c2e,-0.5745355927427722
blunder_loss,Pc2126053600d,0.5270903378725051
blunder_loss,Pdce1fa959c03,-0.55714408927282
blunder_loss,P09200a49c5aa,-0.9167529377672408
blunder_loss,P9e950f7be297,0.6141802072525024
blunder_loss,P0fc874d33b24,-0.8397699843903843
blunder_loss,P4661e620bb34,-0.4235473411386114
blunder_loss,P18687074444e,0.1847234251371154
blunder_loss,P5522497e15d1,-1.3273504078388214
blunder_loss,Pf5167eb40df0,-0.922064996954231
blunder_loss,P7437416f10f0,-1.4119728033741317
blunder_loss,Pd462c37c3b47,-0.6147413774066983
blunder_loss,Pcb905b0c0734,0.0016594775828928
blunder_loss,P58b8667f8bbf,-0.0300088729868587
blunder_loss,P8deeecd4167e,0.0639087673233451
blunder_loss,P56e2601558ee,-2.315469443798065
blunder_loss,Pb470895c299b,-0.5221778018204352
blunder_loss,P3727bb2f4888,0.2012417403608946
blunder_loss,P9873932cb27e,0.8638793528079987
blunder_loss,Pfc696280e4ed,0.0702706665186738
blunder_loss,P1f9cc4ec4fb7,-0.6715414287170042
blunder_loss,P091b6d9d07e0,-0.0878456324338913
blunder_loss,Pcd031f0598c2,-0.2865118147173945
blunder_loss,Pf6460b9fd11d,-0.296084452455952
blunder_loss,P2c5fd7b0d0a7,-0.6529530090435098
blunder_loss,P7bb8522586a4,-0.3365503972768783
blunder_loss,Pbdc233a955e8,-0.5162079578032289
blunder_loss,Pac39537848f7,-0.669624227090884
blunder_loss,Pc9ea41beee01,-1.7129554022103548
blunder_loss,P6e3cadb61a68,-0.3895887295618806
blunder_loss,P76cbe1f70d4c,-1.020523551851511
blunder_loss,P1c412d08f4e8,-0.276734842640626
blunder_loss,Pc68c0b03bcd8,-3.551861584186554
blunder_loss,P0afac44f7082,-0.4603722216561436
blunder_loss,P8f23b90dc66c,-0.8754049284117563
blunder_loss,P3ae81b4a6d87,-0.3233834692820943
blunder_loss,P5868e97b76f4,-0.5485057353973388
blunder_loss,Pcc5e9d449569,-0.8003796325375636
blunder_loss,P60677623eb62,-1.4585651297650537
blunder_loss,P0004aafb0d45,0.6189910552153985
blunder_loss,Pa7bf2589d074,-0.6220225215350327
loss_only,P6e7ec3e44543,-1.0015271259471774
loss_only,Pdf4a563e570c,-0.70351184316216
loss_only,Pf0164f6590e5,-0.5425403564997962
loss_only,P640ac7c3a263,-1.5324717362721765
loss_only,P7ceeb5109314,-0.7218713068220223
loss_only,Pd4f04179d96b,-0.3356147654777753
loss_only,P357c8620b4da,-0.8563013672828674
loss_only,P28e5cef804b4,-0.1688548386096954
loss_only,P80c3cb3dfe92,-0.1015341811709934
loss_only,Pc5dfad8d8d78,0.0225830352865159
loss_only,P79740cb7aca2,-0.181607641928801
loss_only,Pb57f8c2f7295,-0.6156837367905037
loss_only,Pe751d68b38ae,-1.1580364225199449
loss_only,P9ef0a76219b7,-0.7219060221543678
loss_only,P808ff2f7e424,-0.404616904014876
loss_only,P6aeca73cbacc,-0.6591525566991654
loss_only,P21f0ed65de62,-0.7122413657165496
loss_only,P5170311f1eaa,0.3583141267299652
loss_only,Pdf1fa8e4fdd3,-0.6025509475549342
loss_only,Pf8d50054bcbb,0.0969391004831501
loss_only,P3c96937dcfe5,-0.8360483677721261
loss_only,P3856f21e5a03,-1.1845348123461008
loss_only,Peb4d1f3b1244,-1.3395310029387475
loss_only,P24f1a9e15ff0,-1.613207881556203
loss_only,Pd16d33a96281,-0.6583630374082142
loss_only,P46ae7bcf25f9,0.0884986878204894
loss_only,P56d1181fd9b7,-0.5380316055587226
loss_only,P637875ff252e,-1.2288978238686583
loss_only,P35d7e5143089,-0.6798546262758061
loss_only,P4d0fb6c8701a,-0.2418215802761835
loss_only,P761345d40b36,-0.6881233971164807
loss_only,P9ad29508a988,-0.7027016769278618
loss_only,Pb07ecb2e2f47,-0.0254897160304537
loss_only,Pad075e52eb50,-1.491193595238858
loss_only,P8709f38fde8e,-1.2983866862124869
loss_only,P1ad93b7d1ea4,-1.3847568890519648
loss_only,Pe24c8f373aef,-0.2996362664969443
loss_only,P69cc4d74b892,-1.1215699428603765
loss_only,P3ba250b7becd,-0.6044290038225646
loss_only,P5247a29f2952,-2.4605530500411987
loss_only,P3ad770aa9562,-1.1586366891860962
loss_only,P957ae5c25a73,0.86264910868236
loss_only,P0b82f375d196,-0.5094745287175574
loss_only,P18c76a73c472,-0.1489430060565546
loss_only,P7a40a70d1a92,-1.028534694503487
loss_only,P4b85bb25d3c5,0.1992263853625983
loss_only,P5bfd437d734d,-0.6192910420653316
loss_only,P4dbfb8db5fdd,-0.7688812779979632
loss_only,Pbffc4bb8f13a,-0.0962557233870029
loss_only,P032e96e7efcf,-0.7167622853678567
loss_only,Pa89e6f90f04b,-1.4466698511503635
loss_only,P5e97ca2ef6ac,-0.4317701420142795
loss_only,P2c57705287a6,2.173837721347809
loss_only,P387ec55b6f86,-2.082753818482161
loss_only,P020ada8727c2,-0.7779170947045916
loss_only,P29b43dc8dcb2,-0.0424385840073227
loss_only,Pcb0f2d125c80,-0.3894392747638953
loss_only,Pf6f9d91ea1c6,-1.1050944762038335
loss_only,Pb166b514227b,-0.2622105121669971
loss_only,Pf64c374f9908,-0.2317748461602794
loss_only,P020d045b2d29,-0.6480667236688418
loss_only,P6e5409dbc16b,-0.9354103126281348
loss_only,Pf85f2d86ac4b,-1.3082840570766063
loss_only,P6f67e6825351,-0.5622652053036188
loss_only,P226824d750da,-0.5014987620804807
loss_only,P4ecbaadc218f,0.1311373710632324
loss_only,P189a9ecb4255,-0.4557093110409159
loss_only,P53dcac5d90a5,-0.4113760320469737
loss_only,P93a2ef3ea512,-0.4283927482552826
loss_only,P479bfcf62817,2.073651596903801
loss_only,P5c6d12dd5ad4,-0.1387361716479063
loss_only,P73ee9688b3da,-0.8988276325166226
loss_only,Pbc1e2d7e0520,-0.2248107390230725
loss_only,P731183f39ebc,-0.9196799999841224
loss_only,P7f8b8631a89e,-0.0174717391452183
loss_only,P8767694d6aaf,-0.2485970779121802
loss_only,P69d3efd9978e,1.3363730311393738
loss_only,Pc1977d1e29de,-0.7507453918457031
loss_only,P8dd940e60881,-1.1527542819297223
loss_only,Pdb04de3ce84c,0.4756734073162079
loss_only,Pf0c8171c88da,-0.3107453833023707
loss_only,P03c7d0f9eda4,-0.546344487562703
loss_only,P7dc25f342b94,-0.887622431050986
loss_only,P68c2ae730f3d,-0.2373330671190157
loss_only,P20648019b88c,-1.0757664996598448
loss_only,P299d80b66c8e,-0.4041481940191179
loss_only,Pf82654bbe8fb,-0.7553603148449173
loss_only,P65d3b238a997,-1.362234321733316
loss_only,Pb75dedaf4b70,0.0159570321440696
loss_only,P486d615ff110,-0.3209313333294605
loss_only,P1ed20e11d356,-0.6159239915303059
loss_only,P80ebb59bcbd5,-0.6511470375789536
loss_only,P5a79920da9e5,-0.8321323955813662
loss_only,P8b56994792f6,-0.4643975305947518
loss_only,Pa6e509aff4d3,-0.9232250731727644
loss_only,P8ef9a5322e76,-1.0661681746995006
loss_only,P7e0237d267e6,-0.4646039805799853
loss_only,P2fe95bb1f4a8,-0.4445629925073406
loss_only,Pabbd39e4fe8b,-1.70740607380867
loss_only,P8d2273ec0b6f,-0.7583505840055526
loss_only,Pa05f276f3cd4,0.0708407845395879
loss_only,P1ec8abecaec1,-0.6284388124942779
loss_only,Pd59ab1de8638,-0.6049368308499606
loss_only,P862081eb621c,1.0160091519355774
loss_only,P0706e66997b7,-0.3178476551923699
loss_only,P0ad416c5df89,-0.7120548114180565
loss_only,Peec55f876b8f,-0.4165935164764314
loss_only,P146605f0ea26,-0.8163381516933441
loss_only,Pa7c821601892,-0.4126268561176427
loss_only,Pe82b9423af5e,-0.4014420133631204
loss_only,P4d07709f31f2,-0.6183952617148559
loss_only,P15dbec66d04e,-0.6106642555622828
loss_only,P8746ef23cfd6,-0.668170913166943
loss_only,P949ab403cb5d,0.0961332204432075
loss_only,P71077d522208,-0.1596299211184183
loss_only,P5df8d194c9d2,-0.9202602803707124
loss_only,Pe93a9845ac63,-0.5260898418232659
loss_only,P2b5fc9244074,-0.8509386395414671
loss_only,P7b6ca35a6cb2,-0.5990780909062791
loss_only,P5517c43a5911,-0.7203251263484208
loss_only,P0aaff4134994,-0.2849103288104136
loss_only,P51362a561304,-0.6375366508743012
loss_only,Pa738485ebf71,-0.7668426005229677
loss_only,P5955adac7bf4,0.1231714893558912
loss_only,Peceef7adcd08,-0.5595746785402298
loss_only,P79485c69beb3,-0.2807277235795151
loss_only,P5a4048c65adc,-0.2289947556192553
loss_only,P5118f584a380,-0.9916205426195154
loss_only,Pf03906647f03,-0.3796469950908615
loss_only,P84e1b47d0a63,-0.7532901908832277
loss_only,Pf2c1be17b629,-0.5630888336430041
loss_only,Pd4d390baf928,-1.592625617980957
loss_only,Pa45d5e8649eb,-0.6917034365064292
loss_only,P5332cd904656,-0.1976420391350984
loss_only,P705497492e21,-0.4946322651888955
loss_only,P6dd361828576,-0.724990704494144
loss_only,Pcc90011a29b7,-0.6262678766398931
loss_only,P84c61359e92a,-1.053684638529116
loss_only,Pc67d14c06dee,-0.3416958023355882
loss_only,P08afb3226d56,-0.6158360778575852
loss_only,P0920a7bb6933,-0.9806750760385484
loss_only,P33ea367c012d,-0.2077631056308746
loss_only,P4d0ac649e8f0,-0.9771460729238473
loss_only,P2eb28583d225,-1.0827727409602277
loss_only,P3366f0b49d89,-0.6339261278245781
loss_only,P6c9bf6eff1a6,-0.4892065601088646
loss_only,Pddd8f6353e78,-0.4219574972987175
loss_only,P17e8f927c54f,-0.4349710867340465
loss_only,P2b6788ddb591,-0.5468797903065904
loss_only,P2800ff0c6814,-0.4744203589694086
loss_only,P4c2ace031544,-0.408356668236546
loss_only,P6b0fc3b073ed,-0.7083796180175017
loss_only,P31196137f666,-0.7105211718794981
loss_only,P4824e2caf580,-0.1615028034895658
loss_only,P85388dd96aed,-0.852924628648907
loss_only,Pff6d282fb213,0.7145058512687683
loss_only,Pbf16156479df,-0.5197372567147431
loss_only,P4a512fde5567,-0.9619750855490564
loss_only,P38066a33f2a8,-0.7025682830905384
loss_only,Pf777765657ed,-1.1764951646327972
loss_only,P2df25f26b907,-0.1667033620178699
loss_only,Pc4d34dbe5f97,-0.6064744146269067
loss_only,P41a88a367bd4,-0.5714527180841061
loss_only,P1f24c4baba2e,-0.6015838384628296
loss_only,P75e4b5a07266,-0.7110088368552296
loss_only,P32812146d5f1,-0.4952856521151292
loss_only,P6e4a1ead79e1,-1.5174700319766998
loss_only,P0ca13d70505a,-0.2270921285211781
loss_only,P0c89efc4841f,-0.6611000053927538
loss_only,P87790f42f4cd,-0.6359733080225332
loss_only,P8833d33005d4,-0.8807535565239982
loss_only,P9259796f6685,0.6763809137046337
loss_only,P390a9ec617b3,0.027468753276536
loss_only,P179e6d4d934f,-0.2435913028091291
loss_only,Pe7ad5f4bc0d5,-0.8093090959096496
loss_only,P94837a493e32,-1.1666359153481165
loss_only,Pf250a036584a,-1.0309159678762607
loss_only,P7a2571df9c8e,-0.7408867792303356
loss_only,P29994f43b636,-0.6468815137942632
loss_only,Pacc5dffa2bfc,-0.2940105910026961
loss_only,P6d5ea20cf22e,-1.140201092967452
loss_only,P25c61826849a,-0.7014918355438391
loss_only,P5c37b0b77acc,-0.1020247410568926
loss_only,Pa5bf357d2ad1,-0.8590174144164646
loss_only,P4a77cbacaa7e,-0.7932345228493214
loss_only,P675b5e5ad822,0.7092952616512775
loss_only,P04596f92c107,-0.6604209191548851
loss_only,P16ab00005e3d,-0.2076892454698161
loss_only,Pc7477371d432,-0.7939031437039376
loss_only,P3d711289e239,0.1528026706849535
loss_only,P963547952446,-0.4622907941802479
loss_only,P4cf7750f49df,-0.9681997426918576
loss_only,Pfcac2304ba91,2.023862659931183
loss_only,P5ae46afb53da,-0.6833765983581543
loss_only,P6ed748b19f22,-1.0190096922268077
loss_only,P8faff0b9d0e3,-0.5972983852319229
loss_only,Pb8c0fe19a527,-0.6794046774909971
loss_only,P7af5262d120b,-0.027134186742469
loss_only,P9e61558ab22f,-0.9532207189807816
loss_only,Pef5d8288dac1,-0.0690625433292654
loss_only,Pa7caf0d81f73,-0.1849043848709418
loss_only,Pe6ce9838e2d1,-0.3897611263362922
loss_only,P9ed05f881105,-0.6865245196391426
loss_only,Pc129451ec554,-0.3684531951328761
loss_only,Ped8b96cf0d79,3.0137032624334097
loss_only,Pefd03d0b1d30,-0.0118773977582653
loss_only,Pb1f7b894be64,-0.2443592954077758
loss_only,Pd68d1b5639b6,-1.2316614079808754
loss_only,Pd977886e6944,-0.5638436618359898
loss_only,P7df74892aee7,-0.9352303588141998
loss_only,P0cb68b8ac8f7,-0.9396000569686294
loss_only,P8c0abbe34bb7,-1.447870499273348
loss_only,Peeee7d5cb4cc,-0.5944778673281824
loss_only,Pbbde07fc64fa,-0.172331719711009
loss_only,P67df7cd61e50,0.3159925807267427
loss_only,Pa62c8dd48ec8,-0.7859489697533271
loss_only,Pcf16b8ed956f,-0.5383977787336862
loss_only,P680447799386,-0.181650161743164
loss_only,P2e6b646a1111,-0.6051724310964346
loss_only,P6b273fe3b952,-0.7589351627975702
loss_only,P5a7a96d913bc,-0.4199688908657664
loss_only,Pd140429d1f25,-0.101690800215497
loss_only,P697107c617a0,-0.3154037538179833
loss_only,Pc8a6345204ed,0.0912792682647705
loss_only,Pe546d0a6b949,-0.3649113126315271
loss_only,Pe1d4a2d4e9ee,0.0862111549576124
loss_only,P6cfd7ad9cf26,-0.6638476330786943
loss_only,P4b7c8b26c12a,-0.5320995841935442
loss_only,P4d06bcbba206,-0.4663354555351795
loss_only,Pa95280772800,-0.3730747787441241
loss_only,P9f6deb280794,-0.3188647195498715
loss_only,P2e8d14f1d046,-0.7386111915111542
loss_only,P10ddb73a7957,0.9036952257156372
loss_only,Pefde9497b988,-0.1291190656943757
loss_only,P89bab269c22e,-0.4047946597322121
loss_only,P68252a167e1d,0.369723657766978
loss_only,P8ee0e6409bc6,-0.6613992357936997
loss_only,Pc17102d70bee,0.6588812948903069
loss_only,P79a11fa08842,0.1154909534004046
loss_only,Pa6523a1a2bf7,-1.870304256677628
loss_only,P913db41b64fd,-1.15044857036661
loss_only,Pe33b47077ce9,-0.8702264251532378
loss_only,P866b0e558f0a,-0.3706688973553318
loss_only,P53810ea192f9,-1.3380499024476324
loss_only,P646d9939b571,-0.7888225391433319
loss_only,P65e866d0f350,-1.3838551176445826
loss_only,Pae04347d391a,0.9877949147485195
loss_only,P276544655dac,-0.8045319930339853
loss_only,P1948d2db0bf8,-0.828938439488411
loss_only,P44f4e1e90c32,-0.0712483824822046
loss_only,Ped167844fa08,-0.9284853126025864
loss_only,Pb6e936f24f64,-0.6012218682522283
loss_only,P970818f47edc,-0.7417816788189289
loss_only,Pd4622ca7df7e,-0.7722331583499908
loss_only,P07bf6597b045,-1.0521525144577026
loss_only,Pea9b940eb005,0.8464280945204554
loss_only,P595fdb8013d7,-0.6632485047137985
loss_only,Pa3d40a2257e4,-0.7761744149029255
loss_only,P5926cb13772f,-1.4834561422467232
loss_only,Pced916db13e7,-0.8508072579624476
loss_only,P957ab32c130e,0.0305218029097116
loss_only,Paeaa7e4d578f,-1.0582086754962805
loss_only,Pa486a3de262a,-1.6553851573240188
loss_only,P4e8ffc42d56c,-0.641487747652916
loss_only,Peb05e5281973,-1.4170519784092903
loss_only,Pb20684bb51c6,-1.0913365394808352
loss_only,P99c792acfa03,-0.5373736453087771
loss_only,P60c8aa949bf4,-0.8007562927901745
loss_only,Pcb80720688df,0.142952495565017
loss_only,Pf5d2f1941afe,-0.7691765467170626
loss_only,P0b42ab8da1f8,-0.934280109592031
loss_only,Pb3882cdff342,-0.4306359169439018
loss_only,P972527aeafa6,-1.3152306196279824
loss_only,P7996dac81c49,-1.1767585277557373
loss_only,P69439e47fcc5,-0.5612648137073862
loss_only,Pa382e0ac5b93,0.0288841129901508
loss_only,Pee45f126337e,-0.4240214297858377
loss_only,Pbfd8094246a0,-0.4262414127310757
loss_only,P384b70de40da,-0.6304214298725128
loss_only,Pcd18e5f98073,-0.5287101725866976
loss_only,P964459c18aaa,-0.2321523831176017
loss_only,P87f31bec1939,0.1530834399163723
loss_only,P6ec1ad7ae3b9,0.3061439357697963
loss_only,Pe2eae2032600,-0.2624281455864074
loss_only,P8dfae3c544f3,0.8482771913210552
loss_only,P0b4bb742298b,-0.9214182948934676
loss_only,P18cba76f10a0,-0.1555234789848327
loss_only,P889277403087,-0.3964097852027544
loss_only,P13cb22f228b6,-0.5409882941151526
loss_only,Pef6060692ad1,-0.6037316387048158
loss_only,Pea7f787b9e8c,-0.8784632714615579
loss_only,Pdcd2f5778d32,-0.0684215182607823
loss_only,P6b2001e1e010,-0.6887972829698705
loss_only,Pbe588895a303,0.5275399734576544
loss_only,Pe1de99502951,-0.6239252602681518
loss_only,P7cecebfbdfe3,-1.0889614025928425
loss_only,P35f19d5aedc2,-0.302923668158689
loss_only,P6c8566b31052,-1.4871399385026762
loss_only,P5289c201b56e,-1.0195606677896447
loss_only,P63be227d2e31,-0.2823743001886701
loss_only,Pb69960767e8a,-0.1358970296569168
loss_only,P2b3377e256fc,-0.8762280154589451
loss_only,P3dec839cf94c,-0.4465112555751941
loss_only,P7eb058196e55,-0.051725246082259
loss_only,P7622f9e5734b,-1.3180517330765724
loss_only,P79640761b2bb,-0.4086750656115368
loss_only,P62900b0c2135,-0.4594786899932927
loss_only,P1d01516359fd,-0.0546060160778108
loss_only,P579919b80f3a,-0.6277681035119475
loss_only,Pe3847cd42b14,-0.9159594221218
loss_only,P36cb5237b323,-0.472515195608139
loss_only,P397de6b35297,-0.065524627655503
loss_only,P57e09986ea29,-0.8196591967515917
loss_only,Pea8c6238f3ee,-0.3683179080558375
loss_only,P5dc43ff2450f,-0.6170931268822063
loss_only,P5601a22513db,-0.4013432239492734
loss_only,Pa6301e66bd5c,-0.7679104393436795
loss_only,P939df957db68,-0.0890860172609488
loss_only,Pd8d403d4d0eb,-2.144400025407473
loss_only,Pe8605a5b09a3,-0.7827621480183943
loss_only,Pfe818d853594,-0.6679191445253154
loss_only,P8c7640b8ecf2,-0.2818847298622131
loss_only,P9198b769cb85,-0.3856157234097864
loss_only,P9e4707f0e8c9,-0.6295377403497695
loss_only,P86bd434a27ba,0.5923190712928772
loss_only,P35d904bfbfc4,1.1472015772014856
loss_only,P3f9c6591652b,-1.0281274615724882
loss_only,Pd9f1857ee3dc,-0.9534800523256788
loss_only,P2efa7bf19c4c,0.2369299166111482
loss_only,P2a1bda42dd77,-0.2602721202102575
loss_only,Pc42bb1f7a49d,-0.7073113073805013
loss_only,P02274cc2262a,-0.0106950467452406
loss_only,Pa37ed643ad43,-0.6342542868107557
loss_only,Pd32a8ff695ce,-1.3981240652501583
loss_only,Pef13168fd0a3,-0.763519590991764
loss_only,P1864f4635c75,-0.7499250865733268
loss_only,Pe64319ebe70a,-0.3183342988292376
loss_only,P6c3e88934f8d,-0.9819793083934816
loss_only,P44940e9c789a,0.9117807773749034
loss_only,P0e0b6f9f3b6c,0.0760298799723386
loss_only,P025eccee970c,-1.382917746805719
loss_only,Pf578f4869b96,-0.8364441524740294
loss_only,Pa177fdfac7e3,-0.554246866693055
loss_only,Pfefb95c39ced,-0.469749828800559
loss_only,Ped13af22a163,0.6560258394615217
loss_only,Pb3703e7a1c65,-0.4938608425589241
loss_only,P5ce4ee31412a,-0.2586371315022309
loss_only,P4d928615351b,-1.7145025163888932
loss_only,P3b50aeb0b4ca,-0.6717879883944988
loss_only,Pb885085cf84c,-0.0480454643719564
loss_only,P60bb50066808,-0.5713060850255948
loss_only,Pdca3955a0072,-0.8818498375160353
loss_only,P251f22e36231,-0.3714467161998265
loss_only,P6e40b44d1789,-0.0078535468894101
loss_only,P96cb5e112e0b,-1.3286208993594708
loss_only,Pb03855bf283d,-0.5403272962431103
loss_only,P6f1473622c07,-0.500996352435891
loss_only,P8d076a8d72b1,-0.8966642018584978
loss_only,P7a74278c6664,-2.566867023706436
loss_only,P8f47ef4e5172,-1.2396682612597942
loss_only,P52f4a37f0261,-0.656703878518032
loss_only,Pfa835a658a44,-0.7135646797919355
loss_only,P495f2e8fa224,-1.0678266286849976
loss_only,P0fa7022d140c,-0.5379011332988739
loss_only,P78a5e3a42f70,-1.108387939631939
loss_only,Pe82d6329da71,-0.6058348342776299
loss_only,Pc3bafd638992,0.0857538387625135
loss_only,Pca135a0baeb3,-0.6589556204637996
loss_only,P2f8ff0abe71a,-1.075171796536004
loss_only,P77176d3120e0,-0.3678120139808669
loss_only,Pe269cfe1cffa,-0.3714958163349712
loss_only,P1109c3e0bb38,0.1745980381965637
loss_only,P1ebb8a2847bb,-0.5856544912482302
loss_only,P4a45ed7d876e,-0.1157773768104101
loss_only,P50894c60dfa6,-1.459341702563688
loss_only,P1a9f08b93205,-0.6844516205595946
loss_only,P62e37bac9106,-1.2769685089588163
loss_only,P689b9b11cfc5,-0.4523988139793454
loss_only,P35c7595d1120,-0.783438594546169
loss_only,P126ce54d19ef,-0.6698733965688873
loss_only,P7eb1d07029f6,-0.9137924826257938
loss_only,Pe19a713f8563,-0.4492080489570694
loss_only,P96c8b6ca0244,-0.9724387877263704
loss_only,P7c822b4856ba,-0.3319515803568723
loss_only,P83b83df8cb45,-1.1392543678733682
loss_only,Pc1ea2532444c,-0.5693620166608265
loss_only,Pdb53dda2099e,0.0677478825052579
loss_only,Pf1ea68735def,-0.3518142199439103
loss_only,Pcd68d066ef3d,-1.4862501919269562
loss_only,Pa832bd71390a,0.3864985345304012
loss_only,P8cdf692dc6ba,-0.1315530023227135
loss_only,P8630511a49e3,-0.5171568704148133
loss_only,P839ead64b3e9,-0.2444362938404083
loss_only,P3a0d8b676817,-0.4052659422159195
loss_only,Pba14d6bd7ec2,-0.4085399905840555
loss_only,P5354e7500238,-1.689158283174038
loss_only,Pe3b47fe67aab,0.0622598635498434
loss_only,Pbd93a3098547,-1.9990730583667755
loss_only,P61aaa45df345,-0.5988250606457236
loss_only,Pb8ab8b0dd803,-0.807764797937125
loss_only,P9e42ffaa2ba2,-0.6581158747933075
loss_only,P942fadd32c1b,-0.1331845708070011
loss_only,P1d9ac7888460,-0.6167410512765249
loss_only,P5efe71a957dc,-0.0702292025573414
loss_only,P32e761b84890,-0.4911493591733236
loss_only,Pd5e9c8e9135d,0.4173882909615835
loss_only,P4e317ec4e979,-0.9410338200783978
loss_only,P2cb8187bf432,-0.545063757278639
loss_only,P41e6d43a9bbd,0.0732378810644149
loss_only,Pfca65a592139,-0.7670049452119404
loss_only,Pac0ce376e42c,-0.0458039591709772
loss_only,Pa830645198fa,-1.0241501163659876
loss_only,P006613cc1c5d,-0.2722129025816277
loss_only,Pc15f9c5333c8,-1.5227662957474295
loss_only,P06d1faf623ae,-0.5147577691847124
loss_only,P1a64cf175ab2,-0.817509824203249
loss_only,P95f860778e94,0.6023856506993372
loss_only,P672893cd84c6,0.2305288145366387
loss_only,P77f1bdcb067f,-0.3091401656468709
loss_only,Pea0c277ea9c5,-1.8225865992052213
loss_only,P94c7cbad5490,-0.7591847072045008
loss_only,Pc69e2e623526,-1.4430294608076415
loss_only,P5470ce7f1fd9,0.0192895978689193
loss_only,Pfa038e8e8df6,-0.1420020815688907
loss_only,P15ccbe4a90f7,-0.3428294039364753
loss_only,P3db5f52aa742,-0.9113972922863318
loss_only,P7e0ce440ec7e,0.2059500515460968
loss_only,Pd5a1258f2ab9,-0.5677983021895056
loss_only,P0eb19f9e091f,-0.0786216317346462
loss_only,P6550996e15e8,-0.7824369266519439
loss_only,Pe4e656b299a1,-0.4053208019665135
loss_only,Pb97d2c45a71b,-0.2212056309630045
loss_only,Pa4a1d7c07b82,-0.690157504449182
loss_only,P5ddd4b25d01f,-0.3533008394023365
loss_only,Pdb224ff8c48c,-2.343813717365265
loss_only,P0ee66488bab5,-0.9969029453687326
loss_only,Pd69d37a29e0d,-0.5952874075089183
loss_only,Pa88b3ca70580,1.0606089234352112
loss_only,Pb1ba06ce5f24,0.1068584943811098
loss_only,P694d06d912d1,-0.1786138090925912
loss_only,P6cbd482ae5ff,-1.1070011312311343
loss_only,Pd9681abaa2de,-0.7403803393244743
loss_only,Pf341d5089ace,-0.7368400336132573
loss_only,P4d925953bb41,-0.6416160662968954
loss_only,Pc8bf14cb87cb,-2.6671935617923737
loss_only,Pb9a32e34c839,-1.018463542274695
loss_only,Pef1f4fe04fe0,-0.7526921368992808
loss_only,Pd9ceefc38abb,-1.767880752682686
loss_only,P8b8272896994,-0.2022721807616912
loss_only,P747db736eee1,-0.3485905538675453
loss_only,Pa7632a5f9bf7,0.3415030936400096
loss_only,P9862d62dd62c,-0.7458683667327212
loss_only,P71f2ac2740ee,-0.9568972839810528
loss_only,Pe50aef5f0820,-0.7623749793355441
loss_only,P0d2ecf6af208,-0.6846659423709555
loss_only,P79bf9a9403af,-0.8775016856628217
loss_only,Paf440d3e23bd,-0.3388346184307317
loss_only,P0bb65e4f4af2,0.0021962982611824
loss_only,Pd8362d4e7d8d,-0.5334105955643785
loss_only,Pd1a9475780ba,-2.006439566612244
loss_only,P5aa41dd7d0e2,-0.9598843091321494
loss_only,Pdba5a8ce254a,-0.283151182557692
loss_only,Pc9f399bd07da,-0.364529679909811
loss_only,Pf141ee433e09,-1.027330070734024
loss_only,P0ae65767dae9,0.8905252490547441
loss_only,P445a250ef11a,-0.5038981619808409
loss_only,P4597e1a44e62,-0.7140052536478576
loss_only,P536bdc9b54a9,-1.0766126799086728
loss_only,P1388ac4d04e8,0.0191811429167335
loss_only,Pa2175078daaa,-1.3301927307177157
loss_only,P7f5c5d635e83,0.0596389048391332
loss_only,P25be25b34922,-0.0937669895250689
loss_only,P7881a7ad15af,-1.2760493140667677
loss_only,P3bcc92c79e07,-1.383352938791116
loss_only,Pf8725e6290c2,-0.7344643304740448
loss_only,P676923fb990d,1.1944871693849564
loss_only,P80eb980ade35,-0.1728258571561632
loss_only,Pd8fd63034d52,0.5004680156707764
loss_only,P9d37fd595831,-0.1647747323101308
loss_only,Pe3d6e31a0287,-0.0880921454609237
loss_only,P7f0ade4d9056,-0.6188570272857264
loss_only,Pc9eb3db6f781,-0.9396469112899568
loss_only,P57c10be739e4,-0.5069990119426733
loss_only,P89e0201d3c7f,-0.3703108947065429
loss_only,P8fba9eb1a05f,-0.2736609564017918
loss_only,P8975f7e61c74,-1.4686663051446278
loss_only,P391fd7373707,-0.1191757346192995
loss_only,Pe81cc403f552,-1.4449980934798918
loss_only,P4cdda8e2d8ce,-0.324712832168942
loss_only,P749e6d6d6f62,-0.2678768336772918
loss_only,P0f077f787fbb,-0.3382557623618932
loss_only,P0b6b0a7033dc,2.0314135998487477
loss_only,Pe94df10a1cc9,-1.24398459061689
loss_only,P9520a7f890e7,-0.2190058029151007
loss_only,P0bd9a1cf3b83,-0.5172412046349547
loss_only,Pf00b1fa1a24d,-0.7920229286354876
loss_only,P4e1cb5a7b525,-0.5230099005112031
loss_only,P90687339cb32,-0.6646294697189433
loss_only,P151c21e08acb,-1.1228455595415214
loss_only,Pc410155d550e,-0.1056041198669735
loss_only,P9b8b3584cdf0,-0.9485429618507624
loss_only,P518880f0a7d4,-0.5874921474993849
loss_only,P3eb9d6ceff3c,0.0
loss_only,Pe06673761d91,-0.6399362819238273
loss_only,P9fed090cdad6,-1.0784769356250763
loss_only,P48e94375b98a,-0.9379325606289536
loss_only,P2eb7b761b727,-1.4066821109680905
loss_only,Pa255c5e73774,0.2578163061290979
loss_only,P85371637b966,-0.0228312203805934
loss_only,P49bd8e96441c,-0.432265802236831
loss_only,P69a6e77d9e6b,0.3554743751883507
loss_only,P16e21c8b828f,-0.4565778844660581
loss_only,P0bc267001ac8,-0.3339804838217484
loss_only,P7af62af3fc2a,-0.8507561314829879
loss_only,P6e51c9211e79,-0.2492454296654281
loss_only,P615b40579558,-0.9403192216996104
loss_only,P36b88293fa79,-0.5281174674630165
loss_only,Pba66f09ec511,-0.9392708639303844
loss_only,P9ecd828bfa22,-0.8838133304728334
loss_only,P817752060aef,-1.6052502393722534
loss_only,P44186172fdbd,-0.0788123309612274
loss_only,Pa26e33765725,0.2466343787533265
loss_only,P8f98106e984b,-0.3606020892571125
loss_only,Pdf6733a5d578,-1.1267430782318115
loss_only,P8c8777a71ce2,-0.6357692215177748
loss_only,P6d21545a82a4,-0.2898981221937131
loss_only,P6969389e75f2,-0.269973347412625
loss_only,P5abc32817105,-1.4159559881653034
loss_only,P04c60e3a9370,-0.2353463683872217
loss_only,P998577324c8d,0.1458493868509928
loss_only,P77a9b00b12e8,0.2089677513426389
loss_only,P555125c62407,-2.1968351304531097
loss_only,P6432324a4031,0.4109908766334966
loss_only,Pce90bef09fea,-0.2199939155478163
loss_only,Pd4c72b597d93,-0.6754961426031577
loss_only,Pbc434d988b27,-0.8209744209061158
loss_only,P750100219982,0.3218518681824207
loss_only,Pf341138fbda1,-1.170864178149989
loss_only,P54cd901adf41,-0.2843079715967178
loss_only,Pf9c5c3399d53,-0.3857078667246862
loss_only,P937099897be9,0.0406298852877273
loss_only,P630fba092798,-1.0181307792663574
loss_only,P37dd992e97da,-0.6468987676004568
loss_only,Pc33052d98e22,2.715782433748245
loss_only,P26ef37abf8e0,1.6676429505459964
loss_only,Pf478e1745e7b,-0.1547504794115248
loss_only,P0e9d6bf95a66,0.265335351228714
loss_only,P926bc474828f,-0.5651403272460126
loss_only,P527269f06c14,0.0198269118792068
loss_only,P6c7b67b4f90a,-1.3036211221799756
loss_only,Pecdd14a6a45b,-0.7532626236951129
loss_only,P5250918a7f8b,-0.2595285177230835
loss_only,P3af30305a642,-2.3985171558765264
loss_only,Pedb5159d05e1,-0.9061600047413236
loss_only,Pc2d6d3ed3d34,-0.7325773221731098
loss_only,Pdb0e5a5fd697,0.9653637977316976
loss_only,Pbd19c8fdde12,0.1953502082162433
loss_only,Pd88ae03d1751,-2.4974754452705383
loss_only,P46fb84fe171d,-0.6152280196547508
loss_only,Pa156cf1f9cbc,-1.4753468645115693
loss_only,P3fcbd7cbdbcb,-0.5393024779090194
loss_only,Pefea79e1ae13,-0.7112870202710232
loss_only,P16b66ba98aec,-1.0750179211808066
loss_only,Paf4718c05bb8,-0.8848655617087349
loss_only,Pce86ed7c24a9,-0.5638312300046284
loss_only,P68f3c1918211,-0.5273899768133115
loss_only,Pa7a2adba1879,-0.5422439590698368
loss_only,P9672e9a88bba,-0.9936519463857016
loss_only,P4f537aecf274,-1.3648554595808189
loss_only,Pc43284eac0b7,1.1689414530992508
loss_only,P2195abc8fda6,-0.9329735684490356
loss_only,Pec6d4237c95a,-0.5975716673014827
loss_only,P8a1bcf95556d,0.5081293433904648
loss_only,P8dff23db61fd,0.8626980129629374
loss_only,Pf4105d184e50,-0.6324746906757355
loss_only,Ped3a2487270b,-0.6842327094922936
loss_only,P2717d7ba49a9,0.638423366434258
loss_only,Pe452dcc59325,-0.6149953119052858
loss_only,P5a613c31dcd2,-1.7673888243734837
loss_only,Pae4a2f31ffb8,-0.4399807922179914
loss_only,Pd3241ccd3270,-0.7898987399362442
loss_only,P5c3dab36d9bb,-0.2937260915987726
loss_only,Pbb7c245fe683,-0.7091131898015737
loss_only,P0bb0865a0959,-0.5828027982159038
loss_only,P1ab4fb966fce,-1.2837054220338662
loss_only,P3eee550f7eea,-0.6811990026066633
loss_only,Pc484cab72398,-1.3088701618287852
loss_only,P5db5000b2333,-1.1111982505768538
loss_only,P74db283abfe9,-0.8426600694656372
loss_only,P1fc16fd22e8d,-0.1600521731611696
loss_only,Pe2227ec6a242,-0.8165696872390282
loss_only,P08022923c7c0,-0.6977889821641882
loss_only,P97d5ca980e4f,-0.4041832954851551
loss_only,Pbfdc5e16e551,-0.2113062056712806
loss_only,Pce0b4632573e,-0.601081650254209
loss_only,P776240b71efb,-1.8815297124286487
loss_only,Pa48e1202b933,-0.5854157924191926
loss_only,P3370f92190fa,-0.0027516621104123
loss_only,Pe797a857ba26,-0.9632783966859788
loss_only,P24cd1b5affb5,-0.7685288190841675
loss_only,Pad0bcf500878,-0.1116790330658356
loss_only,P615ca4da6d29,-0.8015010356903076
loss_only,P38c1a000517b,-1.3098598753704744
loss_only,P70f709da6f2a,-0.8115716892837858
loss_only,Pe1338a9b47ba,0.6281699030881835
loss_only,Pd4dcf33d3ca7,-0.2944170206661026
loss_only,Pd194db16fd30,-1.6596785634756088
loss_only,P90653949f03c,0.5233122162959155
loss_only,P0a9f06fb5bdf,1.5506577491760254
loss_only,P1a9f17c46f8a,-0.5173440122356017
loss_only,Pef316327253c,-1.336442981939763
loss_only,P5f3b39257889,-0.4835747146859787
loss_only,P1d0584dcc53a,-1.9499479934573172
loss_only,P3aff267c2fe2,-2.082487165927887
loss_only,P400c42b6adbf,-0.2029245553745164
loss_only,P363d04c9c712,-0.5138590016464393
loss_only,P51865cb9a6d5,-0.8251492962925776
loss_only,P89aeff4c8a88,-0.1489085008516985
loss_only,P4fa83826e77f,-0.7596225941553711
loss_only,P74c7fd1d49d7,-0.6804098483122477
loss_only,P50c8b20cd00f,-0.7717968459087791
loss_only,P929a3853aa0f,-1.7699043452739716
loss_only,P85f6b52a562c,-0.5951621215943714
loss_only,P5d704bd33445,-0.6312155678040451
loss_only,Paad7fdab6fa8,-0.8615880646658215
loss_only,P56234dbecb1c,-0.6179024470742518
loss_only,P46fc5f4faced,-0.6115214024022805
loss_only,Pd4d3ccc61faa,-1.184650672475497
loss_only,Pe2003eb52340,-0.2393937380086797
loss_only,Pe153edcf9709,-0.3975564468908402
loss_only,P0df65a7c914c,-0.6582802577804397
loss_only,Pe096d2fdb758,-0.3444534147845859
loss_only,P0d15b9e97197,-0.2568777820653218
loss_only,Pe98545072c69,0.4211599851648013
loss_only,Pb1f147d06916,-0.5068121184060933
loss_only,P92a9cdc78f23,-0.5821013680790885
loss_only,Pa82c9f22395b,-1.558637876684467
loss_only,Pcfe0279227b7,-0.5794346924775686
loss_only,Pc62f43f46158,-0.689890515941577
loss_only,P9b3e2c91552e,-0.7853916183692311
loss_only,P68f4325aa74f,0.0900179807005098
loss_only,Pe7d116d4800a,-0.5011399711171786
loss_only,Pf16d01c49d18,0.459913156266945
loss_only,P18ebeed0ab8c,1.206776797771454
loss_only,P557d231a4836,0.0502124343062032
loss_only,P2f1ae32f008b,-0.1034194932149454
loss_only,P0682b3bf2428,-0.615585345774889
loss_only,P1606386770b2,-0.3180645793194795
loss_only,P78825f731d0f,-0.6000391488806123
loss_only,Pa736a30e48bb,1.3258245214819908
loss_only,Pa1d99671e51f,-0.8385492083099152
loss_only,Pb28638a5ee36,-1.176294141911246
loss_only,P9856ed5ebece,-2.755456328392029
loss_only,P7609d3461169,-0.5633559606857749
loss_only,P9fb8ac38016c,2.349767287572225
loss_only,Pc6ad91a72eb5,0.0
loss_only,Pe09c2c2ca735,-1.3294432824477551
loss_only,P93e53f6c4e3e,0.034032796587706
loss_only,P0944a0d8bc0b,-0.4762247031481929
loss_only,P48588c0a15a5,-0.6281762047797516
loss_only,Pf9b3c29c570a,-0.4418607421241523
loss_only,P686f30a615a8,-0.6595519386852782
loss_only,P2b3ada1f6120,-0.9262159724090624
loss_only,P4a4f4620805e,-0.690949201570065
loss_only,Pe5af64cf5d01,-0.4649032078789856
loss_only,P9920508c747e,-0.3621273524478658
loss_only,P0a05af3775b0,-0.8586671536433554
loss_only,Pefccd423ca2e,-0.6530205681920052
loss_only,Pf1dbf5a4e2d0,-0.5210997263781535
loss_only,P47f754d9b81c,-1.2807464018308867
loss_only,Pae5761b83d10,-0.5601925916141934
loss_only,Pff07e983f71c,-0.3893794059753418
loss_only,P7941cd6fd073,-0.709802436786705
loss_only,Pc132cb9ceb32,-0.8196458757702872
loss_only,P12979e1c84f7,0.1869311439845385
loss_only,Peff0980f3819,-0.6873289663344622
loss_only,P048a8c404d4a,-0.5171353570891148
loss_only,P3d742bbc2441,-1.946249682456255
loss_only,P90cd4c97f0e7,-0.8566516900346391
loss_only,Pc8e96baf5bc1,-0.2648517858785474
loss_only,P3a4d8b9f5a74,-0.5412733794362878
loss_only,P3e4f03fd8968,-0.2078481420203871
loss_only,P413a4b548c73,-0.8580142361196604
loss_only,Pa066c288bfc5,-0.404248833656311
loss_only,Pe9f75db10eeb,-0.3949327907894576
loss_only,P6f3c3a804804,-0.1359170735758893
loss_only,Pa682316b1b19,-0.5203931326405811
loss_only,P83e6d0aadfb8,-0.7141415890720154
loss_only,P261b242dd66b,-0.3858240494077004
loss_only,Pb6b0fe102309,-0.1390148720180948
loss_only,P38f3a53eb2f8,-0.1782616266207746
loss_only,P9daeb8232315,-0.7034714578962782
loss_only,P1cc04eb444af,-0.6652581882551507
loss_only,P455b62800b6f,-0.1313689894249959
loss_only,P6cb22110d071,-0.8251419974559258
loss_only,P019c155860e3,-1.1111125505995003
loss_only,Pc84bb70b107d,-0.7773519478263291
loss_only,P210627a34558,-0.5910186246037483
loss_only,Pa71c58b8f344,-0.85870995374086
loss_only,P1025efb7e732,-0.4765016226512287
loss_only,P630d09ab0817,0.987987756729126
loss_only,Pf1ad6cd25de3,-1.0129861123859882
loss_only,P34845f34e83a,-0.3446625953628903
loss_only,P5e30bc674c1c,-0.0758239818727358
loss_only,P28496c0c3ee7,0.1133937975391745
loss_only,P3bd3c3d49d85,-0.3539270155036221
loss_only,P7500bc33db82,-0.6195093174963976
loss_only,P0da75d95870b,-0.2842709418873738
loss_only,P8ca15c405efa,-0.8870975079964998
loss_only,Pb0baa70166b3,-0.2114891671360685
loss_only,Pde2836a360b4,-0.6700059286508434
loss_only,P6ee7c3002348,-0.5805292248725892
loss_only,Pc1114acee9f1,-0.2130733348075686
loss_only,P82738800d34f,-1.0437297622362771
loss_only,Pca9accf1d470,-0.6403499983517188
loss_only,P288042c9235a,-0.4832943462163714
loss_only,P0ea16f2161b9,-0.3983351735967315
loss_only,Pe289d3f47641,-0.7925637165705363
loss_only,P7f7e364406fb,-4.578879475593567
loss_only,P4a80baaad1c3,-0.3157349249989084
loss_only,Pda935120a431,-0.5372203050893027
loss_only,P5d08108e6893,-1.1424345659738293
loss_only,Pf09cf2860cd7,-0.0265778928995132
loss_only,P938eb407c0be,-0.9958270788192748
loss_only,P7752cc852c92,-0.6740929955730632
loss_only,P7beb9c4cc0f5,-2.5307673513889317
loss_only,Pe66de9012673,-0.0316094644476669
loss_only,P7ac9ea7fda65,-0.4963258148377968
loss_only,P233dab88091b,-0.2885837656911462
loss_only,Pfae71c610e9c,-0.2746534939587409
loss_only,P59eb522d603d,0.1176900455852349
loss_only,P2ece9a64e4c1,-0.3056741948505597
loss_only,P6a3bd2e0dc36,-0.4296393446210358
loss_only,P9d3f23fcf561,-0.6950132604156222
loss_only,P1ec8e0cadb46,-1.093322397571798
loss_only,P83d94b511d4a,-1.1668868760267894
loss_only,Pf12ec3ae8295,0.2055619331923398
loss_only,P966ddc368c3c,-0.6056998381578418
loss_only,P17a612786e9d,-0.8805264825932682
loss_only,Pd85df180fc4c,-0.2311817385637863
loss_only,P3e28259bd77c,-0.385134582803215
loss_only,P806a01af15eb,-1.572890352502792
loss_only,P9ee81fdbd96d,-1.428638517856598
loss_only,P5a02a1f65691,-1.879650632540385
loss_only,Pa54748ed2536,-1.1310203969478607
loss_only,P59a69dd0e4a5,-0.3240222757061322
loss_only,Pf200df3596cb,0.3618404889817942
loss_only,P54e9e9770957,-0.8876461975276471
loss_only,Pc82f1f6af6df,-0.1894008452766537
loss_only,P21ce6231d450,-0.4466484156499306
loss_only,P18ae5fb50429,-0.758623119443655
loss_only,Pb44c04433355,-0.7237733224105267
loss_only,P260548a957d8,0.1638866607070205
loss_only,Pe640e0020152,0.0668988558463752
loss_only,Pfe1edfd5fc52,-0.35199492610991
loss_only,Pc5a16c01522b,-0.3545250003047001
loss_only,Pa9a763147d14,-0.4190801200787827
loss_only,P7826879c814c,-0.5476362357536951
loss_only,P72f95cbb25fc,-0.065440836486717
loss_only,Pdb0212482022,-0.3262894413947513
loss_only,Pebbabdbd5fa9,0.1495131649449467
loss_only,P456521e5b0dc,-0.9213444123030472
loss_only,Pbcff2253b9ce,-1.1627300951156825
loss_only,Pf22718786446,-0.3785195769742131
loss_only,P6aae346c2a92,-0.1498096461097399
loss_only,P3fa8fede317e,0.669650853301088
loss_only,P4a45d08705ef,-1.3564452578624089
loss_only,Pc343b32f8b3c,0.4675070246060689
loss_only,P59739f27118f,-0.5687715204077818
loss_only,Pfcba7b88954e,0.4072380947722058
loss_only,P43f783646060,0.3806928545236587
loss_only,Pb341e962151b,-0.9155090281432802
loss_only,P765467198a60,-0.5610708408755057
loss_only,Pfa0fbce891c8,-0.4545305074902714
loss_only,P1c014225bad3,1.16128209233284
loss_only,P4df2e67b948a,-0.7230126593542833
loss_only,P40ab9eb0acfe,-0.8273087829351425
loss_only,P9a9eeb7769f1,-0.1685343454458883
loss_only,P6635112cc1ee,0.3124315142631531
loss_only,Pa78efd781347,-1.2953205108642578
loss_only,P83cb1d128e35,-0.3806949818606923
loss_only,Pedfe87de42f9,-0.6223118415971597
loss_only,P7f85c52801ba,-0.3980165762113364
loss_only,Pfd7bafdee3d8,-1.2130715399980545
loss_only,Pc6827ddbf335,-1.1315023264384545
loss_only,Pdf1df3552e7e,-0.6771563234329362
loss_only,P4841fcafc86e,-0.6688446093234041
loss_only,Pf563c728ac8b,-0.0382805399781826
loss_only,P5b0fa24cd123,-1.1231187582015991
loss_only,Pcb6e58f36c78,-0.6510209441184998
loss_only,Pcc8acd5bbca0,-0.5626674212897862
loss_only,P05436984050e,-0.1884616087150314
loss_only,P8b3055cd0b4c,-1.1252553981916824
loss_only,Pf93c47c22412,0.0071088765038265
loss_only,P492ef82b5199,-1.6726684123277664
loss_only,Paa3a5e58214e,-1.5758661134079808
loss_only,Pc280f40b6113,-0.569077042589585
loss_only,Pe89fe90d41a8,-0.115504632393519
loss_only,P814ba57d68c6,0.1538569894101884
loss_only,P1bde6ea2f603,0.2829300690856245
loss_only,P693407dff640,-0.3205016308088994
loss_only,Pe3633aaaee78,-0.501157492150863
loss_only,P17dd5ef61b85,-1.3435109378149113
loss_only,P8c46e95b137c,-0.6571948991244675
loss_only,P2358fed6f939,-0.9461859672178404
loss_only,P12fd6571c323,-2.092845206370666
loss_only,P1cad34589d34,-0.2718220740537642
loss_only,Pbcb4e239940f,0.5072915181517601
loss_only,P2a1b0f1cbf62,-0.9280706644058228
loss_only,Pe1e45ef4fa3d,-0.3808919853397778
loss_only,Pa25c3d77994c,-0.5403633675100852
loss_only,Pb791d443a086,-1.453808844089508
loss_only,P74e96ae93747,-0.669038350413544
loss_only,Pf082a322ce6d,-0.5075560260578292
loss_only,Pbbc1c3e5e5f5,-0.3598533541566193
loss_only,P3ef995f80a3a,-0.6022725366493328
loss_only,P7aa543f917e3,-0.3617087437452745
loss_only,P8b89a6fdb270,0.5279662979301065
loss_only,P698995d10112,-0.8846985041139982
loss_only,P8a1da7c05367,-0.7479584579941417
loss_only,P1ec3b5297f0b,-1.109650483299206
loss_only,P1ef048c00f08,-0.791270321700722
loss_only,Pff492887c88d,-0.6804745941159618
loss_only,P50b16ee45f65,-0.8785470719154342
loss_only,P43eaec2dc844,-0.4717968617758107
loss_only,P657811692351,-0.9184127474824588
loss_only,P32768ba8aedd,-0.0085803396068513
loss_only,P14a312421eef,-0.98337475957514
loss_only,P39103a4b8779,-1.2790246903896332
loss_only,Pffd061586c57,-0.70286673357771
loss_only,P7d37de928cad,-0.1681957989931106
loss_only,Pa6fe790935aa,0.6290643201256642
loss_only,Pf2527af93f45,-0.4654773080020571
loss_only,Pb9badb3c9715,-1.5366550385951996
loss_only,P2d88d15a3184,-0.3780003488063812
loss_only,P40ec54d08597,-1.2981399835698832
loss_only,P75cf673f4a3b,-0.6079909768369464
loss_only,Pc839225a5549,-1.176390752196312
loss_only,Pc343a49c974e,-0.1444836867352327
loss_only,Paa5b1eb7663e,-0.1532461934856006
loss_only,P7bf7446b6235,-0.5620680255194506
loss_only,P7c3477e7afc2,-0.07545997784473
loss_only,P9a47d6c307fb,-0.8784840752681096
loss_only,P8be27e787546,0.3146267693844579
loss_only,P095732c98a5a,-0.5234253669364585
loss_only,P473b69f3d1f9,-0.99304166717431
loss_only,P9f8007f1648f,-1.165733017914352
loss_only,P360d70fc9b78,0.4581776316554009
loss_only,P9664924a826f,-0.5137906218781415
loss_only,P2ca0b1a054e7,-0.4819537749064604
loss_only,Pd78b39bcb78c,-0.0445585346056355
loss_only,P6f8442efa7f1,-0.347353814932562
loss_only,P8b4c3746499f,-2.4837925732135773
loss_only,P6a952464c5a9,-1.1018003847415685
loss_only,P07f6cfb128c7,-0.7199648504531143
loss_only,Ped1b636ecab5,-0.8281049613769237
loss_only,Pdcb2f29c24fe,0.0741994219521681
loss_only,P7f6e31736710,0.0902611361316893
loss_only,P9d44c1022685,-0.6772618109981219
loss_only,Pd6a189e09e91,-0.9905677997072536
loss_only,P0b379bea2067,-0.5332860872149467
loss_only,P7f472c73fd7b,-0.9400950830119352
loss_only,P6fe355e64d50,-0.8421229401632907
loss_only,P0991053d7017,-0.2910660124849528
loss_only,P27adc4b06f99,-0.6239356597264608
loss_only,P01d3a1ede0bf,-0.2869338559607665
loss_only,P5bc36325d72e,-0.7597731406399697
loss_only,P11251449e686,-0.95657101949056
loss_only,Pc5773e75fa7c,-0.7406907805455324
loss_only,Pc20e7dd44f24,-1.3906069894631703
loss_only,Pd0786a108d53,-0.3670265693237769
loss_only,P789aaf2dc470,-1.6671442614424798
loss_only,Pae526b043c84,-0.2543516159057617
loss_only,Pf09219c9723d,0.2384593822062015
loss_only,P812612c3989e,-0.793338093906641
loss_only,P2531ee913624,0.7735417864418456
loss_only,Pe07414501291,-0.8034327144241763
loss_only,P8231ae65d986,-0.5458778376484082
loss_only,Pe7581a5e8e38,-0.4995559680822534
loss_only,P4ec03662cd02,-0.7367602974176407
loss_only,P3ba351105c91,-0.4593858811582659
loss_only,P37097fb67c93,-0.5627457707322954
loss_only,Pcb1da528c7c7,-1.484992228448391
loss_only,P8bac5966e670,-1.340966450711902
loss_only,P4126c071982a,-1.4283312499523162
loss_only,P4798fd584386,-0.5944631142467929
loss_only,P1939a45b7b46,0.1502190828323364
loss_only,Pf5bd7b8ec6fb,-0.7102625318499839
loss_only,Pafac00388da6,-0.971577487382048
loss_only,P9f8a02581098,-1.5355626344680786
loss_only,P15948d1ecd6f,0.238088178729254
loss_only,Pba6e3c79c648,-0.1414986768475472
loss_only,P71bc74729d6a,-0.4359717965126037
loss_only,Pfedb799a97c2,-0.8640966084268359
loss_only,Pcc47961d92ae,-1.4327632312421443
loss_only,Pe3914f45ac65,-0.1917781961207487
loss_only,P5515b7682e14,-0.2022242453189401
loss_only,Padc59676907d,-0.8295743852494318
loss_only,Pc328ca08ca5e,-0.5921693671965456
loss_only,P94f060f03541,-0.0521456251794123
loss_only,P6d6b87e95cec,-1.4188446675737698
loss_only,P7c6ae98470be,-0.5238583390827429
loss_only,Pb29f8e378409,-0.9650964278309626
loss_only,Pfe339467c7f1,-0.8323792180934949
loss_only,P6971b6977ada,-0.3035895042226125
loss_only,Pb0022e2404a2,-0.5169337031748995
loss_only,P2768fdaae14b,-0.6411840536942085
loss_only,Pf8f2fcc168a2,-0.5491910634872814
loss_only,P168f3c0aba8f,-0.476354729798105
loss_only,P2ad9d64ab341,-0.6265967854919067
loss_only,P922abdb30b48,0.0752547623867553
loss_only,P7f11d9620218,-0.459942717960869
loss_only,Pbde8126fdcaf,-0.4521950864954242
loss_only,P043c70469589,-1.3568251430988312
loss_only,P92cd03b44cd5,-1.0149348218366503
loss_only,P51fe70bf736a,-0.1457572950892859
loss_only,P74612bf7c19d,-1.0755272135138512
loss_only,Pc91cb52dae01,-0.4571634531021118
loss_only,Pa13a5df1396b,-0.1527332729116703
loss_only,Pe0513c77af75,-1.0412989563438144
loss_only,P41c94d9afb49,-0.0085758742015583
loss_only,P28c1d9359857,-0.4345399559651325
loss_only,P909095a2fa1f,-0.4768693546454112
loss_only,Pb6d81c2aeace,-1.0169949680566788
loss_only,P1c2f1969afd1,-0.4050184991022553
loss_only,Pbfa9fa935d1a,-0.7009844524519784
loss_only,Peed57c2af570,-0.3723459619575273
loss_only,Pfff1c35a8107,-0.9004289604434303
loss_only,P37a4732a19f8,0.0841932079444329
loss_only,P66533be38215,-0.732967616605262
loss_only,P879c5a61ca0d,-0.3740090273674289
loss_only,Pabd7cd0b56d4,-0.7023159769395816
loss_only,Pe4ce910fcd68,-0.1827927164674277
loss_only,Pdb7c70e20a81,-0.8681959426760294
loss_only,P95578e0f7cb3,-1.5926799080874747
loss_only,Pc0386b1b6fa3,0.0843923725187778
loss_only,Pda41d5a82f3f,-0.5108122384619145
loss_only,P96a304a95748,-0.6695390004988926
loss_only,P23cdbc28d54c,0.352947324514389
loss_only,Pbb613bbea67f,-0.60097619642814
loss_only,P023d18ba968d,0.4995646476745605
loss_only,Pe03535150ed8,0.1779708422492353
loss_only,P93d709b1b5ba,-0.9195050874000622
loss_only,Pd4762b1da9c1,-0.6053451468740635
loss_only,P9404d87c819b,-0.4675207581272865
loss_only,Pdaf619ef52a3,-1.7618529746929803
loss_only,P402ef67e3b4a,-0.7086489139691797
loss_only,P9ee5e480a3b1,-0.4450409844872497
loss_only,Pad6c38c7358d,-0.6430012732744217
loss_only,Pbc62e20e8caf,0.3887600888553848
loss_only,P9e77f028d24b,-0.8385822214947021
loss_only,P5cebaae5f47b,-0.5261570658002581
loss_only,P32da2fbca100,1.0418188188757216
loss_only,Pb65c1a09468d,0.9163004203389088
loss_only,P488f93bc68b0,-1.3136460529640317
loss_only,P6ba321d339d2,-1.6432543396949768
loss_only,P174aee011be8,-0.7192371901538636
loss_only,P48c1433f8c77,-0.828238043475908
loss_only,P5edc34ee6b7c,-1.0222910887101826
loss_only,Pdff49afdfa8b,-0.962547957136923
loss_only,Pdc39c3c8987e,-0.925648090298529
loss_only,P2f2300830c29,-0.3412532173097133
loss_only,P3943658dc6d2,-1.2591745853424072
loss_only,P0ad63bffb474,1.0439569983864203
loss_only,P62a0d095bbf1,-1.1535684533417223
loss_only,P34339060bd0b,-0.6489671187517833
loss_only,Pa3284e221301,-0.8309467176182402
loss_only,Pa320fef87ddd,-1.054692330614974
loss_only,Pb60259898a67,-0.0080641214562849
loss_only,P075e4aabc34e,-0.1973292247589133
loss_only,P1d911d243cfc,-1.4087320218483608
loss_only,P65ee53adcabe,-1.0062366324580378
loss_only,Pa409c3f22ff1,-0.6524498534699281
loss_only,P48917d5bbb0b,-0.4311992801374846
loss_only,P23639f40a1ae,-0.5161495706607849
loss_only,Pae02ffad6ce3,-0.4683294174168936
loss_only,P2d7f8cdc071f,-0.8506480803092321
loss_only,P371d1d2c7967,-0.4878674102947116
loss_only,P334e89ce15d3,-0.5877049058675766
loss_only,Pbb533f99dd66,-0.4260722638220414
loss_only,Pbe55aae59424,-0.8969530863687396
loss_only,P55fae69040e3,0.0144872697032228
loss_only,P9b5e55ea4060,-0.0933924581516872
loss_only,P03178c8297b4,-0.4228792488574981
loss_only,Pa1e633a1c05b,-0.6720512983396072
loss_only,P20d81128e867,-1.096545212490089
loss_only,P83c1d1f8b42a,-0.2054251087208588
loss_only,P57bd98e7c9cf,-0.3989082371532207
loss_only,Pe37cef4a7ef5,-0.1308084090127594
loss_only,P221c43604f50,-0.973504480087396
loss_only,P0703e4c8d556,-0.0182552627975432
loss_only,P3f90558a0c95,-0.87669812515378
loss_only,P3f0e7142d44e,-0.798433122723777
loss_only,P52a5a77f2c10,0.2119695727402965
loss_only,P825e7ab15d61,0.367976950109005
loss_only,P1260a21db0c0,-0.5237136922817547
loss_only,Pf84b584a058f,-0.8402955839410424
loss_only,P7344e4d77aee,0.3373155720118019
loss_only,P7421de863f8a,-0.3148125851690475
loss_only,Pd987d6de8765,-0.749690284811527
loss_only,Pebc77b4856e5,-0.3391759324911955
loss_only,Pdbc12ccbeb13,-0.8950663693249226
loss_only,Pb677647e5986,-0.5919727325315277
loss_only,P7d00f4fa0063,-0.2345347176705088
loss_only,Pd2810fac32e9,-0.0304098500249286
loss_only,P0120464aad54,-0.8831748815164681
loss_only,P6902c8cb82ba,-1.1627990423391263
loss_only,P6135f9935b71,-1.1428168714046478
loss_only,Pb832aaad8e06,-0.7193921848138174
loss_only,P152f89a99e18,-1.122712699004582
loss_only,Pca96754a60c1,0.1361731588840484
loss_only,P8a5913cc2e87,-0.4795829305270065
loss_only,P110f4609d486,-1.5023351311683657
loss_only,Pe357960237fa,-0.4457821231335401
loss_only,P9951bc1a4c0f,1.3122504601875942
loss_only,P3a1dcc8c90f0,-0.9632431622594596
loss_only,Pd1e4c6285e9e,-0.6445282555340479
loss_only,P84e2710c5113,-0.8432014451088709
loss_only,P91b07f11ecac,-0.3162880468215377
loss_only,P3a3ef9b3d0e8,-0.5016889469897563
loss_only,P5edead730fa7,-0.1604918256349238
loss_only,P0d2e9c274e10,-0.3754834234714508
loss_only,Pa5ed5c58ebb4,-1.8139470496680588
loss_only,Pba901b9ea7ab,1.9133348613977432
loss_only,P3ca8121ec336,-0.8423592445591499
loss_only,Pa092156f87ff,-1.2470825745971228
loss_only,Pcac0c44c16dd,-1.1692535782408136
loss_only,Pdadd2f3d443c,0.6453276748458544
loss_only,P8264dc35c20a,-0.4141924381256103
loss_only,P4126c799b4a7,-0.7541775735376017
loss_only,P9fde131654ce,-0.4110737244009937
loss_only,P5db2c2fd2d8a,-0.4582686505748919
loss_only,Pecc899e8f6bb,-1.35879291957101
loss_only,P4fdeadd3ae5e,-0.7301396502980164
loss_only,Pe9cc0911bd75,-0.0833565310782028
loss_only,P1093f768653f,0.2079971864909837
loss_only,Pd7469eb5b838,-0.602027039640801
loss_only,P0dfd18059d97,-1.8671064972877505
loss_only,P6652b82a80cd,-2.162814140319824
loss_only,Peb05651f907e,-0.6497336695591608
loss_only,P108003b1ab18,-0.6964150101226972
loss_only,P38a047edb5e1,0.0755202523488224
loss_only,P7303367b599d,-0.0279619206984837
loss_only,P9cf995a1c0af,0.0712537840008735
loss_only,Pb29e69a5ccd3,-1.1374036645049614
loss_only,Pd2919ca64c21,0.3679477721452713
loss_only,P910bd2c05c19,-0.3121392338104994
loss_only,Pabe3a7a215f0,-0.6225169949647257
loss_only,P04d350c7081b,-1.1054024847081074
loss_only,Pb3323e502fd6,-1.2856243302424748
loss_only,P2d270ef3698a,0.0535370386440795
loss_only,P6cb6e7940be5,-1.5432300427928567
loss_only,P1c167ea9d6c9,-0.5119686722755432
loss_only,Pa53be076304a,-0.9478809092834126
loss_only,P2dad39c41197,-1.2895550935396125
loss_only,P91ccf336aedd,-0.3415785135641244
loss_only,Pf0735de7b733,-1.277199491783224
loss_only,P52e257901034,-0.9977298236513068
loss_only,P81345a970df8,-2.3485677242279053
loss_only,Pa05f3f716683,-0.844571810131449
loss_only,P61588d2d506b,-0.683095615839755
loss_only,P26d80069b31e,-1.4132096462797188
loss_only,Pe9a606363347,-0.2524588228854941
loss_only,P56b9e6197db7,-1.5143917818864183
loss_only,Pabdcdea636db,-1.2240667913168195
loss_only,Pb7129dbfc3cb,-0.1651643539983312
loss_only,Pb2b7f26b20ea,-0.5735638789850527
loss_only,P4fd83dc61cd6,-0.7126169464654394
loss_only,P3b22a736337f,-0.4226859048836761
loss_only,P2c876d9ca97f,0.1743344366550445
loss_only,P5a52138446ce,-0.4035665781669103
loss_only,Pb4ea9bc0f76f,-0.3722204640507698
loss_only,P6618f67363b6,-0.2839277628749279
loss_only,P277a3bc9a9b0,-0.1776133333083616
loss_only,Pb44bdee25ea4,-0.4315621337686396
loss_only,P0975a1dd12ba,-0.9444580394967292
loss_only,P3ae673de8066,-0.578783551591983
loss_only,P584154eb074a,-0.8097800042838962
loss_only,Pad2e39bf5734,-0.11297891382128
loss_only,P664c68b04083,0.2726616431027651
loss_only,P365702120eaf,-0.2719425856860147
loss_only,Pf6641d989cb9,-0.7262992503339597
loss_only,P0fe7d4c76fde,-0.7280903294355212
loss_only,P0b2077628821,-0.4538112878799438
loss_only,Pa4bdf42193ce,0.6557548657807178
loss_only,Pc6f7316353d2,-0.9627629231129372
loss_only,P9a483b101fc7,-1.0258253887514226
loss_only,P674c02d2cdc7,-0.3862311489259203
loss_only,P1a6ff7ce6f7a,0.1031016027554869
loss_only,Pdc5a49a8f1ae,-0.7469046807123555
loss_only,P36c64a574757,-1.661757511397203
loss_only,Pb73e4a82d583,-1.2917071335638564
loss_only,P6febd7b6489b,-0.6888665616628927
loss_only,P8b646a21690b,-0.9192896448017426
loss_only,Pb8e527d69da8,0.2452352892814411
loss_only,P98ae232fecab,-1.3911801278591156
loss_only,P0158a774b13f,-0.8411116782081628
loss_only,P812179d96f44,-0.400987634807825
loss_only,P8ea460b05c8e,-1.4030053533258893
loss_only,P99e2094c5a76,-0.710255540907383
loss_only,Pf00e6bd710bf,1.1504808068275452
loss_only,P83c765a813a2,-0.5526879398912609
loss_only,Pdf5a22898f77,-0.4777127508487966
loss_only,P3e4d411df052,-1.5998517783979576
loss_only,P539cd365eb73,-0.6820259207081517
loss_only,P1b7e27adf771,-0.5036529631893658
loss_only,Pf15ca370f428,0.5193831920623779
loss_only,Pf3890f54d9bd,-0.5753833235767031
loss_only,Peb2110accecc,-0.3443013276366723
loss_only,P5a9f1764f6bf,-0.6408519506454468
loss_only,P99aa5673fe47,-0.5453943602961777
loss_only,Pf276b59fdf6a,-0.5509836095270574
loss_only,Pe2da4cb0f4f4,0.7252940177917481
loss_only,P929c9da2ca4d,-0.4402231952335116
loss_only,P93c015d967d6,0.6039007390065798
loss_only,P0fc74cbbb61f,0.4337768335427557
loss_only,Pee7e9699300c,-0.2651556698927311
loss_only,P4e9ba86174d0,-0.7267252862896947
loss_only,P5dc5269a79d5,-0.7562421865926847
loss_only,P6b82d28aea53,0.498974397778511
loss_only,P2933ac17491f,-0.7043492445524663
loss_only,P023500e97547,-0.7367176266298409
loss_only,P627bc01f8f95,-0.3769369732056345
loss_only,P9479c6a171ab,-1.0590623561247732
loss_only,P8eeda2956e32,-2.913800001144409
loss_only,P214aba7668f9,0.5044031292200089
loss_only,Pa8b4d9f66e64,-0.6223931555839624
loss_only,P021789816668,-0.1749374200694448
loss_only,P302352d0ba84,-1.7658703923225405
loss_only,P5d8ce07c099b,0.1528173647820949
loss_only,P75b97f00eb03,0.422970712184906
loss_only,P83b0a6c72d2f,-0.8856321074999869
loss_only,P09dd21243864,-0.4769715254453735
loss_only,P7f7a902f3020,0.0143127292394638
loss_only,P08a35be1a9f5,-0.4666429893989765
loss_only,P57605ec83451,-0.269627288698272
loss_only,Pbe71c6fc6dec,-0.3385202021114728
loss_only,P7f3df1ac2054,-1.0312715818606584
loss_only,P53c8731576f1,-0.7213810970954511
loss_only,Pc7d4a449ccd5,-0.137575632892549
loss_only,Peada94290aca,-0.4410914182662964
loss_only,P5adf6a486ad3,-1.0423054850124145
loss_only,P3ef88dd57320,-0.4770993177587979
loss_only,P80391149879f,-0.5953639567198618
loss_only,P107cd3cce5ff,-0.5918646533308284
loss_only,P80572e2e038d,-0.7427536105825787
loss_only,P712a15bf0e6f,0.3331334590911865
loss_only,Pad35224f69cb,-0.230114690330497
loss_only,P08138e69aa8d,-0.4857472976048787
loss_only,Pb8e3301b2a74,-0.4464449760326672
loss_only,P3fd0e39eaf0a,-0.5839072324335575
loss_only,P7bf9f64eb498,-0.6304682297366007
loss_only,P80156e5e9278,-0.6320445222987069
loss_only,Pedb32850fe8f,-0.4021226341525714
loss_only,Pf8cb4a31e638,-0.528848061412646
loss_only,Pf50c3667813f,-0.7620939492988735
loss_only,P205001f79889,-0.616182075335389
loss_only,P712597ce3113,-0.1777195442661449
loss_only,P1075eca1226f,-0.8761319767888659
loss_only,P29098ad3dfb6,0.1090891376758615
loss_only,Pd1c103d52bc5,-0.7282454194633357
loss_only,P54dee37df895,-1.2551248620729891
loss_only,P2c8d128456e7,-0.8883390422206695
loss_only,P2dd225772fc5,-0.5908650789748539
loss_only,Pc994f2f664d0,-0.440846891541798
loss_only,P225f9fdd0e6a,-0.5780173563841102
loss_only,P45e2654c41ae,-1.2694869879633188
loss_only,P26a25e7e0acd,-0.3092955919913948
loss_only,Pee3bd2759128,-0.6036390218163739
loss_only,P8355228c7fcb,-1.5108396727591753
loss_only,P35c3c82a1f69,0.18572817011313
loss_only,P6f46ca46d531,-0.4974046867800795
loss_only,P28e3e6213211,-0.6004202924275247
loss_only,P010736b4532a,-0.3290669061453729
loss_only,P889b32057ba6,0.0467817475604136
loss_only,P237c90ffbc3d,-0.8052809635177255
loss_only,Pa806b3be4c73,0.6442959596215434
loss_only,Pdd414ec3dd8f,-1.3211317376836258
loss_only,Pe2016442eada,-1.073263008533652
loss_only,Pc995fb025ba5,-0.7242348022165866
loss_only,P58f22023bcff,-0.7642170485532751
loss_only,P9537bacac8c5,1.8206174615770576
loss_only,P6fc37d87e562,-1.1077620387077332
loss_only,Pe264503d6266,-0.5879855553309123
loss_only,Pbb3beb1cac9c,-1.1527038633823394
loss_only,Pb840bf140f47,-0.3437508127341667
loss_only,P216e7b1288e1,-0.8773388703073337
loss_only,Pb99157f4b8bf,-0.8029210818034024
loss_only,P1445b99bcfad,-0.3989051215289826
loss_only,P750cc1f596e5,-0.3717482089996338
loss_only,Pdb3b32bc391e,-0.8343997150659561
loss_only,P111b99534596,-0.5563372455387671
loss_only,Pfb57f066fa4f,-0.9022454244550318
loss_only,P95f74d92ac2a,-0.4786750061255456
loss_only,Pae9a78de2ffa,-0.6391705637817631
loss_only,P55db4aa6eaf8,-0.4455169818053643
loss_only,Pac849309965e,0.2026399867609143
loss_only,Pfa746ce64c80,-0.3147126250788047
loss_only,Pb692cd85f602,-0.5293380546955955
loss_only,P01463d9ba83f,-0.4875990351041158
loss_only,P52d918980e00,-0.2605597376823425
loss_only,Pbfbad201cec1,0.0771578997373581
loss_only,Pf66130e25553,-1.242257807195588
loss_only,Pe705badc5a39,-0.1546033127949788
loss_only,P8b2612509c33,-1.5565397602090716
loss_only,P1d825f43a3a3,1.3323872685432434
loss_only,Pc5d73fbde6ea,-0.6897310516276295
loss_only,P1b80bf19bdca,-0.8437247649773305
loss_only,P8212a164e2e3,-0.3646615151461068
loss_only,Pb7d4a3879687,-0.4661653352731181
loss_only,P867c90da9263,-0.8493642336265608
loss_only,P0ac289dedd59,-0.3624922213756987
loss_only,P4d1f7169908b,0.0
loss_only,Pc6f9586f5734,-0.9450599569827318
loss_only,P332bebac8e18,0.8090299088507891
loss_only,P0e6f3112e611,-0.7214939304151473
loss_only,P079ff0325fc1,-0.7586495846509933
loss_only,P7fd0228d850f,-0.3283454932272434
loss_only,P398456776078,-0.5748077516449008
loss_only,P021a9419c937,-0.5882750725071427
loss_only,P7a69b294a1d8,-0.4363997019827366
loss_only,Pb94d29b5ba48,-0.9403334130278036
loss_only,P4e5e2b5a7db9,0.2675403103604913
loss_only,Pa1fd2be64f09,0.3185615717743834
loss_only,P1b1e4e1a700a,-0.5765277083430971
loss_only,P1dba555d1f66,-0.4256148366561902
loss_only,P4ffb4ada5f77,0.6588802399734656
loss_only,P99c9bb32ef9a,-0.5736417770385742
loss_only,P904aff244930,-0.6064622446868769
loss_only,Pf9ca791a8090,0.3942369073629379
loss_only,P2cb3029d116d,-4.042883396148682
loss_only,P2b3a492a2658,-0.7006544470787048
loss_only,P6b296173349c,-0.7103900058368385
loss_only,P9fcd9df604be,-1.1645965278148651
loss_only,Pfcdf10e20bee,-1.4684620721472634
loss_only,Pf3fa16b37eac,-0.4793686141910415
loss_only,P928904033f60,-0.8197404868058578
loss_only,P9e2c0f730ebb,-0.7896948756290632
loss_only,P6229c5e42d78,0.0617278296426625
loss_only,P8fb13fab2c1c,-0.7811591453158574
loss_only,Pd06d8fe40777,-0.7754903008010303
loss_only,P5fa35b0bb308,-0.904345137593758
loss_only,Padb9b3aa8797,-0.7227935652119211
loss_only,Pc1753b9e8d08,-0.6516124606132507
loss_only,P56f23c3b7936,-0.2146119028329849
loss_only,P67e45d150cd9,-0.1123473794183378
loss_only,P1e0c3d99108e,0.5400988918974892
loss_only,P034c75d45b29,-1.1285059525016283
loss_only,P06ecbdef1ee3,-0.750345897475753
loss_only,P2d2ef1c2f7f1,-0.3679117786175369
loss_only,P6a5be5c326c9,-1.4982718133500643
loss_only,P58534d0c2187,-1.1975826755786936
loss_only,Pbc209a18dadf,-0.142065466257433
loss_only,P9daeb05caeeb,-0.2157372126433377
loss_only,P38fcf457355b,0.0025988619809117
loss_only,P178f5e004880,-0.0905990452014116
loss_only,P2b549ed2b87f,-0.1500818077948977
loss_only,P59eed7cc4af1,-1.1329127980603113
loss_only,P28e7b8c210d1,0.9217931628227234
loss_only,P3508311b6e78,-0.6573072392270604
loss_only,Pfef91071d4ed,-0.7766093825472141
loss_only,P37754fea835c,-0.1007891961225223
loss_only,Pb7d4e6c26d58,-1.0212669629968187
loss_only,P1bbb8ff95e0b,-0.7720164951824007
loss_only,P34110829e84e,0.7568178474903107
loss_only,P5bdec73a3f01,-0.8392022504454808
loss_only,P6affd0692743,-0.0862539843788059
loss_only,P3d1bd549d981,-0.7672437621009004
loss_only,P2837f9753ad7,-0.278996427144323
loss_only,P1456c6ab01ad,-0.1385559120881104
loss_only,P31193c0c27cf,-0.5582412430085242
loss_only,P16f208196125,-0.6550754275187214
loss_only,Pa6b19ff68657,-0.591381526882564
loss_only,P71c9f1af475e,-0.5700845821523199
loss_only,Pb1b0e5e86822,-0.6409367024898529
loss_only,P4fa149ef8174,-0.453030570410192
loss_only,P514c078a0db5,-0.8758862829580902
loss_only,P2cc7050fd549,-0.2255749545185727
loss_only,P68b193dac78c,-0.7817374715045886
loss_only,Pc87a1885fb98,-0.7548421774516861
loss_only,P3d2b66d461ab,-1.872644285360972
loss_only,Pff5c2a684002,-0.4557525530708788
loss_only,P97b4b4e04723,-1.2792787747457623
loss_only,P172c50f5e613,-0.9386665795464068
loss_only,P94a2cd8d175a,-0.3829855521519979
loss_only,Pcd38fbec8ea9,-1.2116982381882466
loss_only,P8da456e91500,-1.7934820520381134
loss_only,Pcc0d6967df6c,-0.5944422065976552
loss_only,Pc11a995393bb,-0.5504548211068818
loss_only,P1d24468ea7f9,-0.3819120288853245
loss_only,Pde6e17bda86f,-0.5704008526184502
loss_only,Pf9790dde78f7,-0.4652533509310275
loss_only,P1f8587ecbc02,-0.3985478393733501
loss_only,Pf92c03044fe3,-0.3868599894894267
loss_only,Pee00b5890ac2,-0.645865744652623
loss_only,Pfb9f665bed33,-0.9901366859272708
loss_only,P96c91ad1fed1,-0.7788582108742672
loss_only,Peb3fe94eaad4,-0.4328269568487483
loss_only,Pb022d07fbd99,-0.8234591747992314
loss_only,P15afa37f2ebc,-0.1361020784159856
loss_only,Pbd0becb4cac5,-1.0913472846150398
loss_only,P310c70e605f9,0.1318555007289563
loss_only,P6df1cc96d65e,-0.2007619731139391
loss_only,P32a8eaa50dd0,-0.8368306070558399
loss_only,P6491ae94b7c6,-0.3668567048635903
loss_only,P09bc68935da9,-0.4495785151918728
loss_only,P565c9295d7eb,-0.375490941061106
loss_only,Pd3960bac6e71,-0.448899206208686
loss_only,P51984721bc08,0.0022839831391163
loss_only,Pcd40859e8e27,-0.5163064913556746
loss_only,Pdb0c2a0605b1,0.0312321645440533
loss_only,Pf5f25b4ae44d,-0.9910393102715412
loss_only,Pd2b47485ad4b,-1.4993075778475031
loss_only,Pbb4948432088,0.3299564266557335
loss_only,P5c696c067d7f,-0.779498288590534
loss_only,Pfed06b88d869,-0.8676296131951469
loss_only,P91e02ea6f5de,-0.42588418101271
loss_only,Pc0fcac002e8d,-1.4085984990000724
loss_only,P822999f20fc6,-0.8160559836542234
loss_only,P7295311a472d,0.3531978627045949
loss_only,P7142eb88b2bb,-1.5294897314161062
loss_only,Pceec039d9eb1,-1.1393419680270285
loss_only,P60cdb9820d67,0.0722840812958844
loss_only,P2f099fbedebb,-0.9914605898999804
loss_only,P9d220b964b54,-0.8185879993972179
loss_only,Pa17277850ae2,0.502738689382871
loss_only,P3dd00ca43081,-0.5824872808990401
loss_only,P137b1697c45f,-0.4427321390027091
loss_only,Pf13bbf74c86c,0.0430822258833143
loss_only,P46ba1a2444e2,-0.737653659582138
loss_only,P6c5e1272152a,0.3013670434554418
loss_only,Pac5fcb8c8867,0.2468175709247589
loss_only,Pa9397d5b0b39,-1.3289913694801412
loss_only,P225461ce25e5,-0.2622090770013921
loss_only,P51e6aa5b0c17,1.3307250473234389
loss_only,P7ddfdf6aa7d1,0.0
loss_only,P32678b377d96,-0.4647089295110065
loss_only,P0ef23a9e37f1,-1.5624177604913712
loss_only,P37602170b203,-0.5577045295919691
loss_only,Pd601613fb262,-0.5330528592566649
loss_only,P6f4a3f955d09,-1.0878045552068434
loss_only,P0bb6bc90fb97,-0.7205974111988552
loss_only,Pf7f2069e4c22,-0.3557361295781074
loss_only,P6b0d0cba2ec4,-0.3652478572875892
loss_only,Paa254377aa99,-1.4085223770567348
loss_only,P3b0bcdbca228,0.3475102583567301
loss_only,P2b41ed732864,-0.205175123901562
loss_only,Pd0ebe77f4db6,-1.241427782955661
loss_only,P3bab8dbd43f0,-0.7658087531261152
loss_only,P15c1a4eeabd9,-0.8640121944950329
loss_only,P355572ec14cf,-0.4514466443474113
loss_only,P23d41273a11a,-1.113512891034285
loss_only,Pe25820fbeda1,-0.3331815525889396
loss_only,P4b93cc25abb8,-0.1168296337127685
loss_only,P0df262467f2b,-1.491000736753146
loss_only,Pfc6239134547,-0.4915508491657174
loss_only,Pb9d40cc553aa,-0.988350407530864
loss_only,Pfbdbe1ff9d68,-0.7016258905077029
loss_only,P061413032cce,-0.956407624846724
loss_only,Pf0c5c089aa79,-0.6832793687909517
loss_only,P5bc67f4002e2,-1.7263936928162973
loss_only,Pae6636c0d3cf,0.5082907180301846
loss_only,P05ba7d840501,0.2816316604850784
loss_only,Paf94cd57e176,-1.167483852053873
loss_only,Pba346917b2f7,-0.428199045998328
loss_only,P2bda47941594,-0.2832546512742174
loss_only,P114a94e07153,-0.5984482252739676
loss_only,P6ac37905ea05,-1.155144946535538
loss_only,P70f38d23779e,0.2284168373088906
loss_only,P926a4d5b298e,-0.538051631352509
loss_only,P0defbf896d35,-0.2788068112569236
loss_only,Pc034d9b73d47,0.3954684008101192
loss_only,P1ddcca7639de,-0.9696733726535464
loss_only,P1eb9a63eac96,-0.4264811858713556
loss_only,Pde1f9bbc7b60,-0.9029681558423072
loss_only,Pfb3de794b3d9,-0.575810781452391
loss_only,P0d89f51610ac,0.5259818716181649
loss_only,P92cee50211b5,-1.1868457916591848
loss_only,Pf67de0ed71ff,-0.9258996886866432
loss_only,P92f266e67912,-0.4587495820727837
loss_only,P12df0cfcbffe,-0.1257110552544244
loss_only,P5b18a098b633,-1.8368086119492848
loss_only,Pa264ba87365b,-0.079318537518694
loss_only,P2b858150cae2,-0.5720699020768375
loss_only,P98b389669c53,-1.0034474693238735
loss_only,P353289ad06de,-1.2180347917291026
loss_only,P44bc84ac9dfc,0.1450964286923408
loss_only,P08ba15d92662,0.4623480644315569
loss_only,P4b9aa1a0b320,-0.1568058646661504
loss_only,P58e5114cb93e,0.5276345727033913
loss_only,Pdf4bd8732620,-0.0728497278197
loss_only,Pab47e6ee309e,0.1695191908095564
loss_only,Pebf532f5fd01,-0.6442117462200778
loss_only,Pd04d72594d48,0.1198469015481328
loss_only,P40eb456da51f,-0.1394545435905456
loss_only,P410bde0b37bb,-0.7919810625414053
loss_only,Pcf97a8ea9ae3,-0.6112768546614179
loss_only,Pda1cefdc519c,-0.2706771378280667
loss_only,Pca6bccbb2953,-0.089458734753075
loss_only,P1b2036259b8f,-0.2993964893950356
loss_only,P372931ab7478,-0.3387527685727418
loss_only,P06317a212f69,-0.1503502181426412
loss_only,P51a2c4e348d7,-0.2904436480409155
loss_only,P2a47ac5cc5d2,-0.4875420860739217
loss_only,P3cca1559b613,-0.3078666478395462
loss_only,P7a4ca44c3991,-0.1834054496139288
loss_only,P4c417ad77777,-2.456729491551717
loss_only,P21983a01453c,-0.5970012829267667
loss_only,P0d8fdfb6e33a,-0.7525347228505989
loss_only,Pd089670a8fe3,-0.0733439650076131
loss_only,P9e0e542a71a7,-0.9564764855429532
loss_only,Pdfc97f185c59,-0.4388305527042045
loss_only,P4b0c49504ccb,-0.4970520566498476
loss_only,P7157035289bc,-1.0639405334368348
loss_only,P0d5d7a35ddec,-0.8500209180124413
loss_only,P120b36fd6bc1,0.111285259326299
loss_only,P2a3ca0e7451f,-0.2296283046450173
loss_only,Pfaa612a2a259,2.418995674699545
loss_only,P11547704d998,-1.3895531145799342
loss_only,Pd16b42f1c20d,-0.2425018922743493
loss_only,Pbadfffe777b2,-1.1127724913366306
loss_only,P00ef1261dc75,-0.4435037577649116
loss_only,P028c4c176cb2,0.7461733188894061
loss_only,Pa751cf6b36c4,0.5612259767949581
loss_only,Pbe24a22a5f55,-0.4366020423670609
loss_only,P612f692f6c1e,-0.5117670182008769
loss_only,Pf82a1b69031c,0.5113595327423663
loss_only,Pf17e670ae1d4,-0.3978276426805126
loss_only,P586096487c38,0.2954104362676541
loss_only,Pbec8eb8bc6c9,-0.0946483857544007
loss_only,Pf7fd84dccf3c,-1.0956179052591324
loss_only,P4d929679f55b,-0.6492055810840144
loss_only,P553179c9a426,-0.4200317087982382
loss_only,P4f46d3a49f2f,-0.6305715309814046
loss_only,P82018f965400,-0.1967287560235019
loss_only,Pe865e29c3563,-0.846765553155875
loss_only,P7cf60c916c52,-0.5500539081490635
loss_only,P5308dc1516c8,-0.5997065801703535
loss_only,P62534e253752,0.2298031545535316
loss_only,P035ca277d49b,-0.6638845284425077
loss_only,P0122f962af5d,-1.6743953303020034
loss_only,P64ef31dca8fd,0.6224394850432873
loss_only,P81055926e709,-0.6208084370467871
loss_only,P83507d0fa81b,-1.442154578450653
loss_only,P757b53bc35f0,0.0553447631021541
loss_only,P7b6715497122,-0.8332675204922756
loss_only,P1c6b5d1263fc,-0.5752267428083226
loss_only,P9bdb1cea2e92,-2.3474539518356323
loss_only,P666b0625173c,-0.5063781594236691
loss_only,Pb013659de46a,-0.5026268686271376
loss_only,Pcc55ba6d2224,-1.0121027736281936
loss_only,P2765d1892ef0,-2.4405708314850925
loss_only,P962245f61986,-1.1200319359530553
loss_only,P6ed32f145175,-0.2483003389666202
loss_only,P800519a9f50e,0.2579788158182055
loss_only,P946b788b7604,-0.0355258547597461
loss_only,P20c3ad7116d8,-0.6294006676062973
loss_only,P6eec1334448e,-0.7264466437082442
loss_only,Pd1155189628a,-0.5626014729157861
loss_only,P92a05cefb59f,-0.5693541233402768
loss_only,P9950cd12edf9,-0.7236024334312221
loss_only,P9e2399ce2889,0.592225110779206
loss_only,Pe18234d8fddc,-0.7076970317937208
loss_only,P493da9378627,-0.535498096507417
loss_only,P7bc176a0c8fe,-0.7563880052097668
loss_only,P7b18a67b3ba5,-0.049235844425857
loss_only,Pf40ae32c679d,0.4186029232045296
loss_only,Pac41b389cb44,-1.159344117348642
loss_only,P6bed0217f5eb,-0.4593411163076165
loss_only,P61d665637f05,-0.3809309101320411
loss_only,Pe2a7a99414a5,-0.6830731850456108
loss_only,P0ba4fe1ae27c,0.3872802692775925
loss_only,P2a77643eeab6,-0.7259046478817861
loss_only,P8978ed05627e,-0.8700542287970031
loss_only,P90b03966c755,0.002968733471649
loss_only,P6e6132a3f1d5,-0.4317276624627252
loss_only,Pa93687338d68,-1.2712372731078756
loss_only,Pbd422365720f,0.1534222174021933
loss_only,P60d11c9f183f,-0.3044246691566279
loss_only,Pe17ddefb56e7,-1.000677357117335
loss_only,P256546948bb2,-0.740452028500537
loss_only,P58a7d9763a83,-0.3767933162239691
loss_only,P09d43eb56b6d,-0.2871131025608918
loss_only,Pfe5d57a0ab89,-0.2188973288569185
loss_only,P8c79eba1f84a,-1.1016984184583027
loss_only,P808a16e650fc,-0.304766256827861
loss_only,Pbbe05e1e24fd,-0.9085103194046088
loss_only,Pe0c36dcc3246,-0.8060743841860031
loss_only,P62128d413b5e,-0.9077403914548604
loss_only,P05dc9839e572,-0.63429771651491
loss_only,P4d6de310c65c,-0.9058839792561012
loss_only,P3a79401f7f24,-0.7227219114949306
loss_only,P1719c2ab0802,-1.5933953771988552
loss_only,P63163a712cca,-0.2478495649652275
loss_only,P7a9d03af4ec1,-0.8697134745807841
loss_only,Pa466e6e44a64,-1.4081386774778366
loss_only,P4c63f0c2f422,-0.7718156827010076
loss_only,P14a4abae5cb0,-0.7132379153867563
loss_only,P31d98c5e3910,-0.8166931189064468
loss_only,P47d6bfdf496a,0.7232733926425378
loss_only,P9862a42525a0,-0.4819499198879514
loss_only,P4a0c8e176013,0.1020244572843824
loss_only,P5ace6bdc2ea4,0.2615581261260168
loss_only,P0f4113e53784,-0.5203908633218081
loss_only,P68e2116803d7,0.4788677971810102
loss_only,Pe418b3ad2e6a,-0.3933730779897554
loss_only,Pdb8a8a491bab,-0.5419849533321602
loss_only,P421e8188eb83,0.3191794157028198
loss_only,Pca8a628ee105,0.6917117089033127
loss_only,P8b51234c6656,-0.5014889153774689
loss_only,Pc1103b7bf96c,-0.1259790840328767
loss_only,P44e821225147,0.7622080780565739
loss_only,Pddaca661720c,-1.028876540561517
loss_only,P3cbae5415044,-0.3696621392314654
loss_only,P88b013b05135,-0.2534333124183692
loss_only,Pe3035a89a79a,-0.6859291124419459
loss_only,P732cdbec8d3b,-0.551222908337984
loss_only,P07ff8b06bad9,-1.1553431998938322
loss_only,P3df9bfb5ad2b,-0.4858289356946101
loss_only,P366279295424,-0.949029676616192
loss_only,P82aba029c275,-0.8867316246032715
loss_only,P946903fbc306,-0.9358265543673314
loss_only,P1973fc32ee1f,-1.4067161764417375
loss_only,P428aae29f11f,-0.1595616581029239
loss_only,P18c3adba9645,-0.0709509775042533
loss_only,P21599efad85c,-0.2895676518479983
loss_only,Pbf2cf5b53121,-0.3734209642296174
loss_only,P486711802deb,-0.4457700551168585
loss_only,P569b8927bf23,-0.214298490434885
loss_only,Padb4cdaf627b,-0.5229505835961349
loss_only,P12957c28476d,-0.8505047155216974
loss_only,P8bf6d4c975a4,-0.1757690852217666
loss_only,P69e694c4c246,-0.6571988923137397
loss_only,P32ec7de06532,-1.0823759603529024
loss_only,Pb38d7511be61,-0.3631097607983723
loss_only,Peb6de96814c2,-0.5072116905987857
loss_only,Pbd7ef34250e7,-0.0308652222156524
loss_only,Pe5dbbbe57b10,-1.107764675654471
loss_only,P5859476a8348,-0.9043032862488074
loss_only,P322fa64145ea,-0.2465926309426625
loss_only,Pcc6565ee3777,-1.0442485079014052
loss_only,Pe5a799fc99ff,-0.8243697002116176
loss_only,P4ec211f48ed4,-0.8882550322450697
loss_only,Pbe4a495489a8,-0.3244134643425543
loss_only,P567a30ec7731,1.187850296497345
loss_only,P31eb79783b72,-0.3318767425401571
loss_only,P56d25ecafe1c,-0.4998453839162953
loss_only,P62eee726d317,0.8072562108540701
loss_only,Pa20db916995a,-0.8985868050047048
loss_only,Pef8522147c86,-0.2819816023111343
loss_only,P4b8abebd7a40,0.0517589635065486
loss_only,P1b4c8ca28702,-0.6817324174905107
loss_only,Pa109d116d8cc,-0.8099387695014744
loss_only,Pbd8cdc359584,-0.595254346510139
loss_only,P6f694427e4c9,-0.5032518502076467
loss_only,P104f8ddd0d22,-0.3706744189648067
loss_only,P787b50975b57,0.9841887652873992
loss_only,Pfc6b03a25c62,0.0486535342609775
loss_only,P5334c7218405,-0.5570313598107491
loss_only,Pade6501642d6,-0.9146170802414416
loss_only,P28f46f0e9ba6,-0.2907633442543836
loss_only,Pc294693a0025,-0.3437583557446216
loss_only,P659810c1c504,-0.2192341180960807
loss_only,Paa1c67e9db6a,-0.7153034469610894
loss_only,P467ae24442c6,-1.1560852927776677
loss_only,P383c619217fc,-0.411715227933157
loss_only,P053c8f38a526,-1.43359670008463
loss_only,Pf70aebe3fcfc,-0.809647105591471
loss_only,P932f2db10b70,-0.7482734349303582
loss_only,Pf3ef80595489,0.435337143453459
loss_only,P22cbe5179f09,-0.6144182439184157
loss_only,Pd2720784a4bc,-0.2988403662520031
loss_only,P0734745ae0ca,-1.18113574600882
loss_only,P8079f784ccd7,-1.4005391030261911
loss_only,P303d514e5017,-0.3462921015756285
loss_only,P62fefc219be3,-0.4789257223407427
loss_only,P237ed8af5bd5,-0.4675719657291969
loss_only,P39851771a5a6,-1.0338173967061772
loss_only,P8044eab3cb4d,-1.3186210177838802
loss_only,P1acbab79afd7,-0.4833520835684572
loss_only,P35cf495b6662,-1.7237015784517604
loss_only,Pebe6cd41b864,-0.3654792298709516
loss_only,Pba1156828f64,-0.4629097103112447
loss_only,P4263ee6cc3dd,-0.7930327653884888
loss_only,P28ed5b2a4845,-1.6041094064712524
loss_only,Pbce4d81f68e3,-0.5195606589087889
loss_only,Pdef10801f497,-0.4713253020934497
loss_only,P14cf666979d2,-2.248723268508911
loss_only,P2269b6643d89,-1.59008730892092
loss_only,Pcb4e6ee837c6,-1.4815168348806245
loss_only,Pd390f7a0d5ed,-0.7270933724462222
loss_only,P236abf0097c0,-1.623995915055275
loss_only,P82481d6f9b66,-0.313814732584427
loss_only,Pf9b5901f595d,0.7083398572036198
loss_only,P16d1bc31badc,-0.3820987800907607
loss_only,P5683cd7aa4ba,-0.0800254770680552
loss_only,P90c1cd82c2bd,-1.5687001704548795
loss_only,Ped1c970fe0ea,-1.4323929275075595
loss_only,Pe2aab5c5483a,-0.1015032902359962
loss_only,Pa20a54aa7576,-0.5050219556410146
loss_only,P27a6b77940c9,-1.6015146374702454
loss_only,Pb6cbf5b1a86d,-1.660165473818779
loss_only,Pd145f3d98503,-0.5428130944569907
loss_only,Pd3502209025f,-0.706491570560035
loss_only,P82a55fab934d,-0.6674472271920346
loss_only,Pfd69390d9628,-1.3040144219994545
loss_only,P437aaf56a366,-2.0957462787628174
loss_only,Pa772033f022e,-0.5362752365641575
loss_only,P623c7527c4a5,0.4379004836082458
loss_only,Pbf5fc72d213b,0.7046048884329043
loss_only,P08fd93d960ac,-0.0128141865134239
loss_only,P3acf458c9ccb,-1.4901161193847656e-08
loss_only,P7001527d5300,-0.1578693709259274
loss_only,P9bd620cdba8b,0.1926527726463973
loss_only,Pad33de833c60,-1.41733197461475
loss_only,Pd114ff292c6e,-0.8217497388832271
loss_only,P58f3002d319f,-0.3795973851349979
loss_only,P767e166cf83c,-0.3574487786509058
loss_only,P6c1f81e1f592,-2.1340026259422302
loss_only,Pd91a5c850905,-0.2059415085406166
loss_only,Pe929070cc77b,1.2071624994277954
loss_only,P758e77f165a8,-0.6735318816071777
loss_only,Pec92e8881912,0.2606433182954788
loss_only,P2becb29d2146,-1.335694291052364
loss_only,Pc19fcc82a533,-0.7636781930923462
loss_only,P52cd50e5e08d,0.2601078152656555
loss_only,P5a830a24c2e1,-0.1380104501731693
loss_only,P6a1b97a2f0e3,-1.0018805421423167
loss_only,P196a40153f3d,-0.4994221714552906
loss_only,Pad5ba985253f,-0.7749801263213157
loss_only,P2f18619546fd,0.092588897049427
loss_only,P8e873c73371b,-0.5928600508098801
loss_only,P7574b44437cc,-1.1950058937072754
loss_only,P39db58697db9,-0.6756550866873965
loss_only,Pdcc8a3ec96bc,-0.6845063780511372
loss_only,P96eb27d0f8a1,-0.915114901959896
loss_only,P61536d3e16a6,-0.3100338084623217
loss_only,P9948638847e8,-0.0379226789767615
loss_only,P369cdf565411,-0.7839067689897048
loss_only,Pe1fa28623165,-0.5946080632608252
loss_only,Pba38cf0bf268,-0.3882906315227349
loss_only,Pce5332e14a6e,-0.7688339860518045
loss_only,Pbde0da27c4c6,-0.5195992906314438
loss_only,Pf21f2671ba98,-1.0390071968590076
loss_only,Pb9d92f259ddb,-0.357109070919002
loss_only,P3c5694994301,-0.5581721104681492
loss_only,Pb0af87cc8f39,-0.6372430423787577
loss_only,Pd1c5a718b5da,-0.6098909243056778
loss_only,Pb295f3145ddd,-0.5167036858725198
loss_only,P8235c5880bbb,-0.7598527379236703
loss_only,Pe6a569f177f2,0.0
loss_only,P10f34a1cfa75,-4.278797745704651
loss_only,Pcb9795f12ed1,-0.4822126072387965
loss_only,Pd0330d118154,-0.7228894373402
loss_only,P5fae53ecbd32,-0.5513812882827379
loss_only,P5d5492f73380,-0.23752850095431
loss_only,P81703bae20a8,-0.3501408670175199
loss_only,P672aee4caedd,-0.347457977644015
loss_only,P17c7f78bfc2c,0.1131532039192582
loss_only,P43e97fa95c2e,1.4748751776800917
loss_only,Pc2126053600d,0.4777632591051933
loss_only,Pdce1fa959c03,-0.4253412609299024
loss_only,P09200a49c5aa,0.0
loss_only,P373bfbed255f,-0.8673490072999681
loss_only,P9e950f7be297,-0.2355696216472901
loss_only,P0fc874d33b24,-1.1669830652628006
loss_only,P4661e620bb34,-0.6466666553346111
loss_only,P89d8723d0422,1.2598876982927325
loss_only,P18687074444e,-0.2872979561941791
loss_only,P5522497e15d1,0.7917023003101349
loss_only,Pf5167eb40df0,0.1455763857692289
loss_only,P7437416f10f0,-1.1404717296913818
loss_only,P148eb860a160,0.1978965997695922
loss_only,Pd462c37c3b47,-0.7166153394398809
loss_only,Pcb905b0c0734,-0.3499195907674201
loss_only,P58b8667f8bbf,-1.4260864599604473
loss_only,P8deeecd4167e,-0.3667320994896652
loss_only,P56e2601558ee,-1.218257062137127
loss_only,Pb470895c299b,-1.2036980967554782
loss_only,P1678e474c679,-0.923195999081212
loss_only,P3727bb2f4888,-0.4601575435215356
loss_only,P9873932cb27e,0.6370520138658494
loss_only,Pfc696280e4ed,-0.8936174675467132
loss_only,P1f9cc4ec4fb7,-0.4005805776591293
loss_only,P091b6d9d07e0,-0.4895278101875668
loss_only,Pcd031f0598c2,-0.6556290925055261
loss_only,Pf6460b9fd11d,-0.2110091640491678
loss_only,P62601c33d4fb,-0.0611759874348839
loss_only,P2c5fd7b0d0a7,-0.2114199564257433
loss_only,P7bb8522586a4,-1.4295710325241089
loss_only,Pbdc233a955e8,-0.045126478797161
loss_only,Pac39537848f7,-0.7308199873179024
loss_only,P23e980f1befb,1.0165963570276897
loss_only,Pc9ea41beee01,-1.232535056769848
loss_only,P6e3cadb61a68,-1.1070762899616966
loss_only,P76cbe1f70d4c,-1.3770063304238849
loss_only,P1c412d08f4e8,0.4111170883531923
loss_only,P0afac44f7082,-0.7418689693634709
loss_only,P8f23b90dc66c,-0.5812381429132074
loss_only,P3ae81b4a6d87,-0.4945371114978242
loss_only,P5868e97b76f4,0.1320016543780054
loss_only,Pcc5e9d449569,-0.977250097597592
loss_only,P60677623eb62,-0.4614197003926771
loss_only,P0004aafb0d45,-0.9188706800341606
loss_only,Pa7bf2589d074,-0.0224627976616223
